date,T_max,T_min,rain_mm,RH_mean,cloud,MSLP,DTR,rain_freq,MSLP_delta
2011-01-01,17.2,12.7,0.0,57.0,14.0,1019.1,4.5,0.0,
2011-01-02,16.3,14.1,0.0,65.0,83.0,1019.8,2.200000000000001,0.0,0.6999999999999318
2011-01-04,14.6,12.1,1.2,81.0,95.0,1020.4,2.5,0.14285714285714285,0.6000000000000227
2011-01-05,17.9,13.9,0.0,77.0,91.0,1018.6,3.9999999999999982,0.14285714285714285,-1.7999999999999545
2011-01-07,13.6,9.5,0.0,63.0,70.0,1024.2,4.1,0.14285714285714285,5.600000000000023
2011-01-08,15.6,9.5,0.0,65.0,36.0,1021.3,6.1,0.14285714285714285,-2.900000000000091
2011-01-09,18.0,12.4,0.0,56.0,25.0,1020.2,5.6,0.14285714285714285,-1.099999999999909
2011-01-10,15.9,10.9,0.0,55.0,41.0,1020.0,5.0,0.14285714285714285,-0.20000000000004547
2011-01-12,10.4,7.2,4.2,88.0,88.0,1019.4,3.2,0.2857142857142857,-0.6000000000000227
2011-01-14,19.4,13.7,0.0,70.0,65.0,1017.1,5.699999999999999,0.14285714285714285,-2.2999999999999545
2011-01-15,16.7,10.2,0.0,58.0,36.0,1021.5,6.5,0.14285714285714285,4.399999999999977
2011-01-16,13.6,9.4,0.0,58.0,54.0,1024.2,4.199999999999999,0.14285714285714285,2.7000000000000455
2011-01-17,14.6,8.9,0.0,63.0,41.0,1024.2,5.699999999999999,0.14285714285714285,0.0
2011-01-18,17.1,12.4,0.0,72.0,59.0,1020.9,4.700000000000001,0.14285714285714285,-3.300000000000068
2011-01-19,18.4,13.3,0.0,79.0,70.0,1018.5,5.099999999999998,0.14285714285714285,-2.3999999999999773
2011-01-20,18.7,14.5,0.0,70.0,86.0,1017.2,4.199999999999999,0.0,-1.2999999999999545
2011-01-21,17.1,10.7,0.0,61.0,27.0,1019.3,6.400000000000002,0.0,2.099999999999909
2011-01-22,14.8,12.1,0.0,70.0,77.0,1021.6,2.700000000000001,0.0,2.300000000000068
2011-01-23,17.3,13.1,0.0,69.0,53.0,1021.8,4.200000000000001,0.0,0.1999999999999318
2011-01-24,16.4,12.3,0.0,64.0,81.0,1023.4,4.099999999999998,0.0,1.6000000000000227
2011-01-25,17.3,12.6,0.0,71.0,58.0,1024.3,4.700000000000001,0.0,0.8999999999999773
2011-01-26,18.8,12.2,0.0,75.0,29.0,1024.6,6.600000000000001,0.0,0.2999999999999545
2011-01-27,19.0,14.1,0.0,77.0,77.0,1024.5,4.9,0.0,-0.09999999999990905
2011-01-28,17.3,13.2,0.0,68.0,77.0,1023.9,4.100000000000001,0.0,-0.6000000000000227
2011-01-29,15.7,10.8,0.0,51.0,66.0,1025.2,4.899999999999999,0.0,1.3000000000000682
2011-01-30,15.3,9.0,0.0,52.0,78.0,1026.4,6.300000000000001,0.0,1.2000000000000455
2011-02-01,17.0,11.9,0.0,70.0,58.0,1022.7,5.1,0.0,-3.7000000000000455
2011-02-02,18.6,12.3,0.0,64.0,31.0,1020.9,6.300000000000001,0.0,-1.8000000000000682
2011-02-03,18.6,13.2,0.0,75.0,32.0,1020.1,5.400000000000002,0.0,-0.7999999999999545
2011-02-04,20.9,13.5,0.0,75.0,4.0,1017.5,7.399999999999999,0.0,-2.6000000000000227
2011-02-05,21.7,14.6,0.0,69.0,6.0,1017.5,7.1,0.0,0.0
2011-02-06,21.8,14.8,0.0,61.0,27.0,1016.0,7.0,0.0,-1.5
2011-02-07,22.2,16.9,0.0,65.0,60.0,1012.6,5.300000000000001,0.0,-3.3999999999999773
2011-02-08,23.9,17.2,0.0,77.0,50.0,1009.6,6.699999999999999,0.0,-3.0
2011-02-09,23.6,16.6,0.0,83.0,67.0,1010.0,7.0,0.0,0.39999999999997726
2011-02-10,21.1,15.8,0.0,79.0,44.0,1013.0,5.300000000000001,0.0,3.0
2011-02-12,16.0,13.7,0.0,71.0,87.0,1019.7,2.3000000000000007,0.0,6.7000000000000455
2011-02-13,14.1,10.3,17.0,87.0,89.0,1017.5,3.799999999999999,0.14285714285714285,-2.2000000000000455
2011-02-14,12.0,8.6,0.6,74.0,90.0,1020.8,3.4000000000000004,0.2857142857142857,3.2999999999999545
2011-02-15,11.7,10.6,3.2,85.0,89.0,1020.9,1.0999999999999996,0.42857142857142855,0.10000000000002274
2011-02-19,13.9,12.2,2.0,91.0,100.0,1017.7,1.700000000000001,0.5714285714285714,-3.199999999999932
2011-02-20,15.6,12.2,0.9,81.0,91.0,1019.4,3.4000000000000004,0.7142857142857143,1.6999999999999318
2011-02-22,17.7,14.3,0.0,64.0,82.0,1018.9,3.3999999999999986,0.7142857142857143,-0.5
2011-02-23,20.6,15.3,0.0,69.0,60.0,1017.8,5.300000000000001,0.7142857142857143,-1.1000000000000227
2011-02-24,22.6,16.0,0.0,79.0,63.0,1016.1,6.600000000000001,0.5714285714285714,-1.6999999999999318
2011-02-25,22.4,17.0,0.0,81.0,67.0,1016.3,5.399999999999999,0.42857142857142855,0.1999999999999318
2011-02-26,22.6,16.5,0.0,75.0,78.0,1017.7,6.100000000000001,0.2857142857142857,1.400000000000091
2011-02-28,26.9,17.3,0.0,73.0,23.0,1014.0,9.599999999999998,0.14285714285714285,-3.7000000000000455
2011-03-03,21.9,15.3,0.1,76.0,64.0,1018.5,6.599999999999998,0.14285714285714285,4.5
2011-03-04,20.1,15.0,0.0,69.0,76.0,1019.7,5.100000000000001,0.14285714285714285,1.2000000000000455
2011-03-05,18.0,15.1,0.0,71.0,82.0,1017.8,2.9000000000000004,0.14285714285714285,-1.900000000000091
2011-03-06,22.4,17.3,0.1,79.0,87.0,1014.9,5.099999999999998,0.2857142857142857,-2.8999999999999773
2011-03-07,23.9,15.8,0.5,72.0,66.0,1016.7,8.099999999999998,0.42857142857142855,1.8000000000000682
2011-03-08,17.9,13.1,2.3,75.0,87.0,1020.4,4.799999999999999,0.5714285714285714,3.699999999999932
2011-03-09,17.4,12.5,2.4,66.0,88.0,1021.8,4.899999999999999,0.7142857142857143,1.3999999999999773
2011-03-10,19.0,15.0,0.1,66.0,88.0,1021.7,4.0,0.7142857142857143,-0.09999999999990905
2011-03-11,20.6,15.9,0.0,74.0,87.0,1019.9,4.700000000000001,0.7142857142857143,-1.8000000000000682
2011-03-12,23.2,16.9,0.0,78.0,51.0,1017.8,6.300000000000001,0.7142857142857143,-2.1000000000000227
2011-03-13,25.3,17.2,0.0,80.0,38.0,1015.6,8.100000000000001,0.5714285714285714,-2.199999999999932
2011-03-14,26.5,19.8,0.0,79.0,48.0,1014.6,6.699999999999999,0.42857142857142855,-1.0
2011-03-17,18.1,14.5,0.7,53.0,91.0,1021.6,3.6000000000000014,0.42857142857142855,7.0
2011-03-18,16.6,14.2,2.2,78.0,92.0,1017.4,2.400000000000002,0.42857142857142855,-4.2000000000000455
2011-03-19,17.9,14.9,11.1,96.0,99.0,1013.4,2.9999999999999982,0.42857142857142855,-4.0
2011-03-21,27.4,20.5,0.0,90.0,60.0,1011.9,6.899999999999999,0.42857142857142855,-1.5
2011-03-23,18.3,14.4,0.0,71.0,88.0,1021.5,3.9000000000000004,0.42857142857142855,9.600000000000023
2011-03-25,21.6,14.6,0.0,62.0,84.0,1023.2,7.000000000000002,0.42857142857142855,1.7000000000000455
2011-03-26,21.8,16.3,0.0,61.0,84.0,1022.9,5.5,0.42857142857142855,-0.3000000000000682
2011-03-27,16.9,13.6,0.8,70.0,86.0,1022.7,3.299999999999999,0.42857142857142855,-0.1999999999999318
2011-03-29,20.8,15.2,0.0,50.0,84.0,1022.4,5.600000000000001,0.2857142857142857,-0.3000000000000682
2011-03-30,21.0,16.7,0.2,51.0,88.0,1020.9,4.300000000000001,0.2857142857142857,-1.5
2011-04-01,26.0,16.9,0.0,70.0,21.0,1016.5,9.100000000000001,0.2857142857142857,-4.399999999999977
2011-04-02,27.4,19.0,0.0,72.0,20.0,1014.8,8.399999999999999,0.2857142857142857,-1.7000000000000455
2011-04-06,23.7,17.4,0.0,66.0,65.0,1018.0,6.300000000000001,0.2857142857142857,3.2000000000000455
2011-04-07,27.0,18.9,0.0,77.0,41.0,1016.8,8.100000000000001,0.2857142857142857,-1.2000000000000455
2011-04-08,28.4,19.6,0.0,73.0,16.0,1017.3,8.799999999999997,0.14285714285714285,0.5
2011-04-12,25.8,20.5,0.0,73.0,76.0,1017.8,5.300000000000001,0.14285714285714285,0.5
2011-04-14,29.6,21.0,0.0,75.0,36.0,1012.7,8.600000000000001,0.0,-5.099999999999909
2011-04-15,29.4,22.0,0.0,77.0,64.0,1010.3,7.399999999999999,0.0,-2.400000000000091
2011-04-16,28.2,22.7,0.0,82.0,63.0,1010.0,5.5,0.0,-0.2999999999999545
2011-04-17,28.1,22.9,26.7,91.0,92.0,1008.7,5.200000000000003,0.14285714285714285,-1.2999999999999545
2011-04-19,27.5,21.3,0.0,64.0,38.0,1014.4,6.199999999999999,0.14285714285714285,5.699999999999932
2011-04-20,24.6,20.5,0.0,77.0,80.0,1016.8,4.100000000000001,0.14285714285714285,2.3999999999999773
2011-04-22,28.2,21.7,0.2,79.0,67.0,1011.6,6.5,0.2857142857142857,-5.199999999999932
2011-04-23,23.2,19.7,2.3,85.0,84.0,1014.1,3.5,0.42857142857142855,2.5
2011-04-24,28.4,19.7,0.0,50.0,32.0,1014.6,8.7,0.42857142857142855,0.5
2011-04-25,28.9,20.9,0.0,65.0,31.0,1012.8,8.0,0.42857142857142855,-1.8000000000000682
2011-04-26,28.0,21.7,0.0,68.0,48.0,1010.0,6.300000000000001,0.2857142857142857,-2.7999999999999545
2011-04-27,29.1,23.4,0.0,77.0,67.0,1007.8,5.700000000000003,0.2857142857142857,-2.2000000000000455
2011-04-28,27.6,23.6,0.4,87.0,89.0,1010.0,4.0,0.42857142857142855,2.2000000000000455
2011-04-29,23.9,22.5,6.3,93.0,95.0,1011.6,1.3999999999999986,0.42857142857142855,1.6000000000000227
2011-04-30,27.1,23.2,0.1,86.0,85.0,1010.7,3.900000000000002,0.42857142857142855,-0.8999999999999773
2011-05-04,26.7,23.1,0.7,85.0,86.0,1010.5,3.599999999999998,0.5714285714285714,-0.20000000000004547
2011-05-08,29.5,25.5,0.0,83.0,82.0,1008.5,4.0,0.5714285714285714,-2.0
2011-05-09,30.5,25.3,0.0,83.0,63.0,1007.5,5.199999999999999,0.5714285714285714,-1.0
2011-05-11,33.0,27.5,0.0,79.0,74.0,1006.2,5.5,0.5714285714285714,-1.2999999999999545
2011-05-12,32.5,27.7,0.2,79.0,75.0,1007.7,4.800000000000001,0.5714285714285714,1.5
2011-05-13,28.8,24.8,33.5,88.0,85.0,1009.7,4.0,0.5714285714285714,2.0
2011-05-14,28.1,23.4,14.5,91.0,89.0,1012.4,4.700000000000003,0.5714285714285714,2.699999999999932
2011-05-15,25.1,23.6,2.9,92.0,89.0,1014.2,1.5,0.5714285714285714,1.8000000000000682
2011-05-16,28.7,23.5,7.5,91.0,91.0,1012.7,5.199999999999999,0.7142857142857143,-1.5
2011-05-17,24.7,22.4,0.3,86.0,86.0,1011.2,2.3000000000000007,0.8571428571428571,-1.5
2011-05-19,29.6,23.6,0.0,79.0,68.0,1010.0,6.0,0.8571428571428571,-1.2000000000000455
2011-05-20,30.6,24.6,0.0,82.0,70.0,1008.3,6.0,0.7142857142857143,-1.7000000000000455
2011-05-21,29.6,24.6,42.8,89.0,83.0,1006.9,5.0,0.7142857142857143,-1.3999999999999773
2011-05-22,26.8,23.2,69.8,94.0,90.0,1005.9,3.6000000000000014,0.7142857142857143,-1.0
2011-05-23,26.4,23.2,9.3,86.0,91.0,1007.3,3.1999999999999993,0.7142857142857143,1.3999999999999773
2011-05-24,24.7,19.8,4.9,84.0,88.0,1009.4,4.899999999999999,0.7142857142857143,2.1000000000000227
2011-05-25,24.7,21.0,0.3,83.0,88.0,1010.0,3.6999999999999993,0.7142857142857143,0.6000000000000227
2011-05-26,29.6,22.7,0.0,67.0,59.0,1009.1,6.900000000000002,0.7142857142857143,-0.8999999999999773
2011-05-27,30.0,24.2,0.0,70.0,56.0,1007.1,5.800000000000001,0.7142857142857143,-2.0
2011-05-28,30.2,24.5,0.0,65.0,23.0,1006.5,5.699999999999999,0.5714285714285714,-0.6000000000000227
2011-05-29,29.4,25.3,0.0,79.0,51.0,1010.6,4.099999999999998,0.42857142857142855,4.100000000000023
2011-05-30,29.7,23.7,0.0,70.0,28.0,1011.6,6.0,0.2857142857142857,1.0
2011-05-31,32.5,23.3,0.0,67.0,42.0,1007.4,9.2,0.14285714285714285,-4.2000000000000455
2011-06-01,31.3,25.6,0.0,73.0,40.0,1006.6,5.699999999999999,0.0,-0.7999999999999545
2011-06-02,31.5,26.1,0.0,80.0,63.0,1009.4,5.399999999999999,0.0,2.7999999999999545
2011-06-03,31.0,26.7,0.0,75.0,68.0,1009.6,4.300000000000001,0.0,0.20000000000004547
2011-06-04,31.6,27.1,0.0,79.0,77.0,1008.8,4.5,0.0,-0.8000000000000682
2011-06-09,34.5,26.1,2.8,76.0,59.0,1006.2,8.399999999999999,0.14285714285714285,-2.599999999999909
2011-06-10,33.4,27.1,0.0,74.0,70.0,1003.9,6.299999999999997,0.14285714285714285,-2.300000000000068
2011-06-11,32.2,27.0,11.6,80.0,84.0,1004.9,5.200000000000003,0.2857142857142857,1.0
2011-06-12,29.5,24.9,28.4,85.0,88.0,1007.6,4.600000000000001,0.42857142857142855,2.7000000000000455
2011-06-13,31.7,26.7,5.9,82.0,75.0,1007.9,5.0,0.5714285714285714,0.2999999999999545
2011-06-14,31.7,28.4,2.4,79.0,80.0,1007.1,3.3000000000000007,0.7142857142857143,-0.7999999999999545
2011-06-15,32.2,27.7,2.4,77.0,74.0,1005.9,4.5000000000000036,0.8571428571428571,-1.2000000000000455
2011-06-16,28.4,24.9,75.2,94.0,87.0,1005.1,3.5,0.8571428571428571,-0.7999999999999545
2011-06-17,29.9,26.1,77.5,94.0,91.0,1006.2,3.799999999999997,1.0,1.1000000000000227
2011-06-18,32.5,27.1,1.2,82.0,66.0,1005.8,5.399999999999999,1.0,-0.40000000000009095
2011-06-20,33.5,27.6,0.0,75.0,39.0,1004.2,5.899999999999999,0.8571428571428571,-1.599999999999909
2011-06-21,33.2,26.4,8.3,81.0,67.0,1002.1,6.800000000000004,0.8571428571428571,-2.1000000000000227
2011-06-22,28.6,25.4,41.4,93.0,89.0,997.8,3.200000000000003,0.8571428571428571,-4.300000000000068
2011-06-24,31.1,26.9,0.6,84.0,72.0,999.8,4.200000000000003,0.8571428571428571,2.0
2011-06-25,32.2,27.1,0.0,78.0,64.0,1000.3,5.100000000000001,0.7142857142857143,0.5
2011-06-28,29.0,24.7,106.6,93.0,94.0,1004.5,4.300000000000001,0.7142857142857143,4.2000000000000455
2011-06-29,28.9,24.6,76.5,93.0,94.0,1005.7,4.299999999999997,0.7142857142857143,1.2000000000000455
2011-06-30,30.5,24.9,5.3,88.0,86.0,1007.6,5.600000000000001,0.8571428571428571,1.8999999999999773
2011-07-01,29.8,26.3,11.2,86.0,74.0,1008.9,3.5,0.8571428571428571,1.2999999999999545
2011-07-04,32.8,27.7,0.0,75.0,33.0,1009.1,5.099999999999998,0.7142857142857143,0.20000000000004547
2011-07-05,32.7,27.7,0.0,75.0,26.0,1007.7,5.0000000000000036,0.5714285714285714,-1.3999999999999773
2011-07-06,32.9,28.0,0.0,73.0,39.0,1004.7,4.899999999999999,0.5714285714285714,-3.0
2011-07-07,32.7,28.2,0.0,73.0,42.0,1004.1,4.5000000000000036,0.42857142857142855,-0.6000000000000227
2011-07-08,32.9,28.4,0.0,76.0,59.0,1004.5,4.5,0.2857142857142857,0.39999999999997726
2011-07-09,32.1,28.2,0.0,78.0,67.0,1003.6,3.900000000000002,0.14285714285714285,-0.8999999999999773
2011-07-11,31.1,27.1,33.2,85.0,88.0,1001.3,4.0,0.14285714285714285,-2.300000000000068
2011-07-12,28.9,26.6,10.9,89.0,88.0,1001.6,2.299999999999997,0.2857142857142857,0.3000000000000682
2011-07-13,30.0,26.0,21.8,92.0,80.0,1002.1,4.0,0.42857142857142855,0.5
2011-07-14,28.7,25.9,12.4,91.0,87.0,1002.2,2.8000000000000007,0.5714285714285714,0.10000000000002274
2011-07-15,28.3,25.2,34.9,93.0,87.0,1002.2,3.1000000000000014,0.7142857142857143,0.0
2011-07-16,28.0,24.6,60.5,89.0,88.0,1001.9,3.3999999999999986,0.8571428571428571,-0.3000000000000682
2011-07-17,29.9,27.1,0.2,83.0,82.0,1000.1,2.799999999999997,1.0,-1.7999999999999545
2011-07-18,30.9,25.6,4.3,85.0,84.0,999.5,5.299999999999997,1.0,-0.6000000000000227
2011-07-19,30.0,25.6,5.6,86.0,86.0,1000.4,4.399999999999999,1.0,0.8999999999999773
2011-07-20,28.6,25.9,15.2,87.0,89.0,1002.0,2.700000000000003,1.0,1.6000000000000227
2011-07-21,31.2,26.7,0.0,79.0,68.0,1004.6,4.5,0.8571428571428571,2.6000000000000227
2011-07-22,32.9,26.5,4.2,81.0,64.0,1006.1,6.399999999999999,0.8571428571428571,1.5
2011-07-23,32.5,27.8,0.0,76.0,43.0,1007.3,4.699999999999999,0.7142857142857143,1.1999999999999318
2011-07-24,32.2,27.3,0.0,78.0,30.0,1007.5,4.900000000000002,0.5714285714285714,0.20000000000004547
2011-07-25,33.4,28.3,0.0,78.0,51.0,1006.8,5.099999999999998,0.42857142857142855,-0.7000000000000455
2011-07-26,33.1,27.8,0.0,76.0,48.0,1007.4,5.300000000000001,0.2857142857142857,0.6000000000000227
2011-07-29,30.1,25.9,12.4,87.0,86.0,1002.8,4.200000000000003,0.2857142857142857,-4.600000000000023
2011-07-31,32.5,27.1,0.0,80.0,60.0,1004.9,5.399999999999999,0.2857142857142857,2.1000000000000227
2011-08-01,33.7,26.8,0.0,76.0,39.0,1005.5,6.900000000000002,0.14285714285714285,0.6000000000000227
2011-08-02,32.9,27.3,0.0,73.0,23.0,1006.7,5.599999999999998,0.14285714285714285,1.2000000000000455
2011-08-03,32.6,27.2,0.0,73.0,22.0,1005.8,5.400000000000002,0.14285714285714285,-0.900000000000091
2011-08-04,34.2,27.3,0.0,75.0,39.0,1002.9,6.900000000000002,0.14285714285714285,-2.8999999999999773
2011-08-05,33.5,27.8,0.0,74.0,55.0,1001.1,5.699999999999999,0.14285714285714285,-1.7999999999999545
2011-08-06,33.2,28.0,0.0,74.0,45.0,1000.2,5.200000000000003,0.0,-0.8999999999999773
2011-08-07,35.0,28.6,0.0,75.0,62.0,1002.1,6.399999999999999,0.0,1.8999999999999773
2011-08-08,31.1,25.6,22.1,79.0,77.0,1004.3,5.5,0.14285714285714285,2.199999999999932
2011-08-09,31.5,26.0,9.9,86.0,86.0,1004.5,5.5,0.2857142857142857,0.20000000000004547
2011-08-10,28.3,25.2,60.5,92.0,85.0,1005.8,3.1000000000000014,0.42857142857142855,1.2999999999999545
2011-08-11,32.2,26.0,17.9,83.0,67.0,1007.9,6.200000000000003,0.5714285714285714,2.1000000000000227
2011-08-12,32.0,27.6,0.0,78.0,65.0,1008.0,4.399999999999999,0.5714285714285714,0.10000000000002274
2011-08-13,32.9,27.9,0.0,75.0,53.0,1008.8,5.0,0.5714285714285714,0.7999999999999545
2011-08-15,31.9,27.9,0.0,76.0,45.0,1011.0,4.0,0.5714285714285714,2.2000000000000455
2011-08-16,32.3,28.1,8.5,78.0,35.0,1009.9,4.199999999999996,0.5714285714285714,-1.1000000000000227
2011-08-17,30.5,27.2,10.1,81.0,42.0,1009.4,3.3000000000000007,0.5714285714285714,-0.5
2011-08-18,32.5,27.1,0.0,80.0,53.0,1010.0,5.399999999999999,0.42857142857142855,0.6000000000000227
2011-08-19,33.0,27.8,0.0,79.0,61.0,1010.9,5.199999999999999,0.2857142857142857,0.8999999999999773
2011-08-20,33.0,25.6,3.7,80.0,45.0,1011.0,7.399999999999999,0.42857142857142855,0.10000000000002274
2011-08-22,30.4,28.1,1.4,83.0,51.0,1008.1,2.299999999999997,0.5714285714285714,-2.8999999999999773
2011-08-23,32.4,28.2,0.0,76.0,55.0,1006.6,4.199999999999999,0.5714285714285714,-1.5
2011-08-24,32.4,27.1,3.9,76.0,49.0,1006.1,5.299999999999997,0.5714285714285714,-0.5
2011-08-25,30.9,26.4,13.7,81.0,69.0,1005.7,4.5,0.5714285714285714,-0.39999999999997726
2011-08-27,32.9,27.5,5.2,75.0,54.0,1004.6,5.399999999999999,0.7142857142857143,-1.1000000000000227
2011-08-28,32.0,28.0,0.0,69.0,75.0,1003.0,4.0,0.7142857142857143,-1.6000000000000227
2011-08-29,33.7,27.7,0.2,67.0,75.0,1002.3,6.0000000000000036,0.7142857142857143,-0.7000000000000455
2011-08-30,33.3,28.8,0.0,69.0,68.0,1001.0,4.4999999999999964,0.5714285714285714,-1.2999999999999545
2011-08-31,33.4,28.7,0.5,64.0,58.0,999.3,4.699999999999999,0.7142857142857143,-1.7000000000000455
2011-09-01,30.1,27.4,0.1,74.0,82.0,1000.5,2.700000000000003,0.7142857142857143,1.2000000000000455
2011-09-02,31.2,27.2,0.0,78.0,85.0,1002.6,4.0,0.5714285714285714,2.1000000000000227
2011-09-03,30.7,25.8,22.6,89.0,77.0,1006.5,4.899999999999999,0.5714285714285714,3.8999999999999773
2011-09-04,31.5,26.6,1.8,84.0,64.0,1008.0,4.899999999999999,0.7142857142857143,1.5
2011-09-05,32.2,27.7,0.0,80.0,62.0,1007.4,4.5000000000000036,0.5714285714285714,-0.6000000000000227
2011-09-06,31.9,27.9,0.0,78.0,56.0,1007.4,4.0,0.5714285714285714,0.0
2011-09-07,32.0,27.0,0.2,78.0,58.0,1006.6,5.0,0.5714285714285714,-0.7999999999999545
2011-09-10,31.7,26.6,2.6,78.0,51.0,1010.9,5.099999999999998,0.5714285714285714,4.2999999999999545
2011-09-11,30.8,26.2,20.4,83.0,77.0,1010.6,4.600000000000001,0.7142857142857143,-0.2999999999999545
2011-09-12,32.4,25.9,0.6,82.0,81.0,1010.6,6.5,0.7142857142857143,0.0
2011-09-13,32.6,26.1,2.7,77.0,49.0,1009.3,6.5,0.7142857142857143,-1.3000000000000682
2011-09-14,32.7,26.0,2.7,75.0,46.0,1007.4,6.700000000000003,0.8571428571428571,-1.8999999999999773
2011-09-15,32.0,24.1,10.9,83.0,66.0,1006.9,7.899999999999999,1.0,-0.5
2011-09-16,32.3,26.8,1.0,82.0,63.0,1005.5,5.4999999999999964,1.0,-1.3999999999999773
2011-09-17,32.8,27.2,0.2,79.0,61.0,1004.5,5.599999999999998,1.0,-1.0
2011-09-18,29.9,27.4,0.5,81.0,72.0,1007.2,2.5,1.0,2.7000000000000455
2011-09-19,31.7,25.3,16.1,80.0,77.0,1009.7,6.399999999999999,1.0,2.5
2011-09-21,27.7,23.2,0.0,69.0,56.0,1010.7,4.5,0.8571428571428571,1.0
2011-09-23,27.5,23.4,0.3,73.0,86.0,1009.7,4.100000000000001,0.8571428571428571,-1.0
2011-09-25,26.2,23.9,4.2,81.0,88.0,1008.6,2.3000000000000007,0.8571428571428571,-1.1000000000000227
2011-09-26,30.8,25.1,0.2,78.0,81.0,1008.9,5.699999999999999,0.8571428571428571,0.2999999999999545
2011-09-28,31.3,26.2,2.5,72.0,71.0,1003.0,5.100000000000001,0.8571428571428571,-5.899999999999977
2011-09-29,28.2,25.3,30.8,88.0,88.0,1002.9,2.8999999999999986,0.8571428571428571,-0.10000000000002274
2011-09-30,28.9,27.0,2.7,89.0,79.0,1009.4,1.8999999999999986,0.8571428571428571,6.5
2011-10-01,27.5,25.4,12.7,86.0,83.0,1010.7,2.1000000000000014,1.0,1.3000000000000682
2011-10-02,27.1,23.5,3.3,84.0,82.0,1009.2,3.6000000000000014,1.0,-1.5
2011-10-03,24.0,21.5,1.6,81.0,88.0,1009.1,2.5,1.0,-0.10000000000002274
2011-10-05,26.0,23.3,0.1,79.0,85.0,1013.6,2.6999999999999993,1.0,4.5
2011-10-06,27.9,23.3,0.1,79.0,88.0,1014.3,4.599999999999998,1.0,0.6999999999999318
2011-10-09,30.2,24.6,0.0,76.0,76.0,1012.8,5.599999999999998,0.8571428571428571,-1.5
2011-10-10,29.0,24.4,5.3,80.0,86.0,1011.8,4.600000000000001,0.8571428571428571,-1.0
2011-10-11,25.5,24.2,6.9,93.0,88.0,1013.0,1.3000000000000007,0.8571428571428571,1.2000000000000455
2011-10-12,25.1,23.6,105.8,97.0,90.0,1012.2,1.5,0.8571428571428571,-0.7999999999999545
2011-10-13,26.2,24.1,30.7,97.0,86.0,1010.6,2.099999999999998,0.8571428571428571,-1.6000000000000227
2011-10-14,27.1,24.3,3.8,89.0,83.0,1010.0,2.8000000000000007,0.8571428571428571,-0.6000000000000227
2011-10-15,28.3,23.4,0.0,73.0,54.0,1012.2,4.900000000000002,0.7142857142857143,2.2000000000000455
2011-10-16,29.6,22.9,0.0,62.0,30.0,1013.7,6.700000000000003,0.7142857142857143,1.5
2011-10-17,29.4,23.0,0.0,69.0,14.0,1015.7,6.399999999999999,0.5714285714285714,2.0
2011-10-18,27.4,22.7,0.0,72.0,23.0,1016.9,4.699999999999999,0.42857142857142855,1.1999999999999318
2011-10-20,27.6,21.7,0.0,72.0,27.0,1015.3,5.900000000000002,0.2857142857142857,-1.6000000000000227
2011-10-21,28.9,22.4,0.0,74.0,23.0,1014.3,6.5,0.14285714285714285,-1.0
2011-10-22,27.9,23.6,0.0,78.0,42.0,1014.0,4.299999999999997,0.0,-0.2999999999999545
2011-10-23,27.4,23.9,0.0,79.0,62.0,1014.3,3.5,0.0,0.2999999999999545
2011-10-24,28.9,23.1,0.0,79.0,25.0,1013.8,5.799999999999997,0.0,-0.5
2011-10-25,26.6,22.4,0.5,81.0,57.0,1015.8,4.200000000000003,0.14285714285714285,2.0
2011-10-26,25.7,22.0,0.1,77.0,79.0,1017.5,3.6999999999999993,0.2857142857142857,1.7000000000000455
2011-10-27,26.0,21.3,1.5,79.0,52.0,1017.8,4.699999999999999,0.42857142857142855,0.2999999999999545
2011-10-29,27.4,21.7,0.0,69.0,62.0,1016.2,5.699999999999999,0.42857142857142855,-1.599999999999909
2011-11-01,27.7,22.3,0.0,71.0,54.0,1015.9,5.399999999999999,0.42857142857142855,-0.3000000000000682
2011-11-02,28.9,23.3,0.0,74.0,70.0,1014.0,5.599999999999998,0.42857142857142855,-1.8999999999999773
2011-11-03,29.0,24.1,0.0,77.0,80.0,1013.6,4.899999999999999,0.42857142857142855,-0.39999999999997726
2011-11-08,24.3,21.9,13.9,94.0,89.0,1009.4,2.400000000000002,0.42857142857142855,-4.2000000000000455
2011-11-09,22.1,18.8,44.2,93.0,94.0,1008.7,3.3000000000000007,0.42857142857142855,-0.6999999999999318
2011-11-10,21.2,17.7,0.2,77.0,88.0,1012.0,3.5,0.42857142857142855,3.2999999999999545
2011-11-12,24.7,19.6,0.0,73.0,54.0,1016.8,5.099999999999998,0.42857142857142855,4.7999999999999545
2011-11-13,26.6,21.1,0.0,78.0,45.0,1017.1,5.5,0.42857142857142855,0.3000000000000682
2011-11-15,26.2,22.1,0.0,76.0,55.0,1018.2,4.099999999999998,0.42857142857142855,1.1000000000000227
2011-11-16,25.5,21.7,0.0,80.0,77.0,1015.7,3.8000000000000007,0.42857142857142855,-2.5
2011-11-17,24.5,22.6,18.1,87.0,83.0,1012.2,1.8999999999999986,0.42857142857142855,-3.5
2011-11-18,26.9,22.6,8.6,93.0,88.0,1009.2,4.299999999999997,0.42857142857142855,-3.0
2011-11-19,26.4,23.7,1.1,84.0,77.0,1012.0,2.6999999999999993,0.42857142857142855,2.7999999999999545
2011-11-24,22.7,18.7,0.0,68.0,73.0,1021.1,4.0,0.42857142857142855,9.100000000000023
2011-11-25,21.3,19.6,0.0,72.0,88.0,1020.4,1.6999999999999993,0.42857142857142855,-0.7000000000000455
2011-11-27,24.5,19.3,0.0,76.0,11.0,1016.0,5.199999999999999,0.42857142857142855,-4.399999999999977
2011-11-28,24.7,20.2,0.0,80.0,32.0,1014.4,4.5,0.42857142857142855,-1.6000000000000227
2011-11-29,25.0,21.6,0.0,78.0,43.0,1015.2,3.3999999999999986,0.2857142857142857,0.8000000000000682
2011-12-01,21.8,14.9,0.0,68.0,59.0,1017.2,6.9,0.14285714285714285,2.0
2011-12-02,17.8,13.4,0.0,59.0,35.0,1017.0,4.4,0.0,-0.20000000000004547
2011-12-03,19.4,11.8,0.0,54.0,3.0,1017.5,7.599999999999998,0.0,0.5
2011-12-04,20.2,14.4,0.0,65.0,29.0,1019.0,5.799999999999999,0.0,1.5
2011-12-05,20.2,18.1,1.2,79.0,88.0,1018.4,2.099999999999998,0.14285714285714285,-0.6000000000000227
2011-12-06,21.8,17.6,1.2,85.0,84.0,1018.2,4.199999999999999,0.2857142857142857,-0.1999999999999318
2011-12-07,24.5,20.4,0.0,80.0,83.0,1016.7,4.100000000000001,0.2857142857142857,-1.5
2011-12-08,22.9,15.7,0.0,65.0,66.0,1017.6,7.199999999999999,0.2857142857142857,0.8999999999999773
2011-12-10,15.9,11.0,0.0,45.0,30.0,1023.8,4.9,0.2857142857142857,6.199999999999932
2011-12-11,16.3,9.6,0.0,44.0,13.0,1022.7,6.700000000000001,0.2857142857142857,-1.099999999999909
2011-12-12,18.6,11.7,0.0,48.0,19.0,1020.5,6.900000000000002,0.2857142857142857,-2.2000000000000455
2011-12-14,21.6,17.7,0.0,63.0,85.0,1018.8,3.900000000000002,0.14285714285714285,-1.7000000000000455
2011-12-15,22.2,17.5,0.0,60.0,39.0,1019.7,4.699999999999999,0.0,0.900000000000091
2011-12-16,19.0,15.1,0.0,56.0,49.0,1023.3,3.9000000000000004,0.0,3.599999999999909
2011-12-19,19.2,14.0,0.0,73.0,43.0,1021.4,5.199999999999999,0.0,-1.8999999999999773
2011-12-21,22.0,17.2,0.0,68.0,79.0,1018.3,4.800000000000001,0.0,-3.1000000000000227
2011-12-22,20.5,16.1,0.0,61.0,41.0,1019.2,4.399999999999999,0.0,0.900000000000091
2011-12-23,17.7,12.6,0.0,63.0,32.0,1021.2,5.1,0.0,2.0
2011-12-24,15.6,10.6,0.0,39.0,9.0,1023.8,5.0,0.0,2.599999999999909
2011-12-25,15.9,10.3,0.0,45.0,19.0,1025.2,5.6,0.0,1.400000000000091
2011-12-26,17.9,13.9,0.0,58.0,84.0,1025.1,3.9999999999999982,0.0,-0.10000000000013642
2011-12-27,18.0,15.1,0.0,76.0,55.0,1023.7,2.9000000000000004,0.0,-1.3999999999998636
2011-12-28,20.6,15.1,0.0,81.0,7.0,1022.2,5.500000000000002,0.0,-1.5
2011-12-29,20.7,16.1,0.0,81.0,37.0,1020.6,4.599999999999998,0.0,-1.6000000000000227
2011-12-31,19.8,14.8,0.4,80.0,68.0,1023.4,5.0,0.14285714285714285,2.7999999999999545
2012-01-01,20.0,15.4,0.0,76.0,44.0,1022.3,4.6,0.14285714285714285,-1.1000000000000227
2012-01-02,18.3,15.5,0.0,76.0,61.0,1021.2,2.8000000000000007,0.14285714285714285,-1.099999999999909
2012-01-03,19.6,15.5,0.0,74.0,77.0,1020.4,4.100000000000001,0.14285714285714285,-0.8000000000000682
2012-01-05,11.9,10.2,0.8,79.0,90.0,1023.4,1.700000000000001,0.2857142857142857,3.0
2012-01-06,15.6,10.7,0.5,82.0,88.0,1022.8,4.9,0.42857142857142855,-0.6000000000000227
2012-01-07,15.2,13.1,0.0,81.0,88.0,1025.4,2.0999999999999996,0.42857142857142855,2.6000000000001364
2012-01-08,18.0,13.9,0.0,76.0,72.0,1024.7,4.1,0.2857142857142857,-0.7000000000000455
2012-01-09,18.8,13.3,0.0,75.0,67.0,1022.9,5.5,0.2857142857142857,-1.8000000000000682
2012-01-10,18.3,13.8,0.0,77.0,62.0,1022.4,4.5,0.2857142857142857,-0.5
2012-01-11,18.3,14.9,0.4,74.0,85.0,1023.7,3.4000000000000004,0.42857142857142855,1.3000000000000682
2012-01-12,16.8,13.6,0.9,79.0,89.0,1022.6,3.200000000000001,0.42857142857142855,-1.1000000000000227
2012-01-13,17.3,14.9,2.3,87.0,88.0,1019.6,2.4000000000000004,0.42857142857142855,-3.0
2012-01-14,18.9,16.0,0.6,90.0,88.0,1015.1,2.8999999999999986,0.5714285714285714,-4.5
2012-01-15,18.2,16.0,19.1,98.0,95.0,1011.5,2.1999999999999993,0.7142857142857143,-3.6000000000000227
2012-01-16,16.6,14.5,8.7,89.0,84.0,1012.7,2.1000000000000014,0.8571428571428571,1.2000000000000455
2012-01-17,18.7,15.2,0.0,78.0,58.0,1014.8,3.5,0.8571428571428571,2.099999999999909
2012-01-18,19.7,15.6,0.0,83.0,71.0,1014.1,4.1,0.7142857142857143,-0.6999999999999318
2012-01-19,22.4,17.7,0.0,87.0,65.0,1014.3,4.699999999999999,0.5714285714285714,0.1999999999999318
2012-01-20,19.2,16.4,0.0,86.0,86.0,1015.5,2.8000000000000007,0.42857142857142855,1.2000000000000455
2012-01-23,11.8,9.4,1.3,84.0,96.0,1020.1,2.4000000000000004,0.42857142857142855,4.600000000000023
2012-01-24,12.2,8.9,4.5,90.0,99.0,1018.6,3.299999999999999,0.42857142857142855,-1.5
2012-01-25,10.2,7.4,2.2,88.0,89.0,1021.1,2.799999999999999,0.42857142857142855,2.5
2012-01-26,13.4,9.0,0.8,90.0,94.0,1019.7,4.4,0.5714285714285714,-1.3999999999999773
2012-01-27,15.8,13.3,0.0,91.0,97.0,1016.6,2.5,0.5714285714285714,-3.1000000000000227
2012-01-28,20.0,14.8,0.0,86.0,44.0,1016.1,5.199999999999999,0.5714285714285714,-0.5
2012-01-29,16.5,13.8,0.0,87.0,81.0,1018.6,2.6999999999999993,0.5714285714285714,2.5
2012-01-30,17.9,13.9,0.0,71.0,70.0,1020.5,3.9999999999999982,0.42857142857142855,1.8999999999999773
2012-01-31,17.6,13.4,0.0,67.0,47.0,1021.3,4.200000000000001,0.2857142857142857,0.7999999999999545
2012-02-01,18.4,13.7,0.0,77.0,45.0,1020.0,4.699999999999999,0.14285714285714285,-1.2999999999999545
2012-02-05,19.3,15.8,0.1,83.0,78.0,1016.2,3.5,0.14285714285714285,-3.7999999999999545
2012-02-06,20.1,17.5,0.4,92.0,88.0,1011.3,2.6000000000000014,0.2857142857142857,-4.900000000000091
2012-02-07,20.8,11.5,3.1,81.0,78.0,1015.0,9.3,0.42857142857142855,3.7000000000000455
2012-02-08,13.8,11.0,0.7,82.0,88.0,1021.2,2.8000000000000007,0.5714285714285714,6.2000000000000455
2012-02-11,16.8,12.0,0.0,82.0,88.0,1021.4,4.800000000000001,0.5714285714285714,0.1999999999999318
2012-02-14,21.3,17.9,0.3,89.0,90.0,1014.9,3.400000000000002,0.7142857142857143,-6.5
2012-02-18,16.3,11.6,0.0,72.0,77.0,1022.6,4.700000000000001,0.7142857142857143,7.7000000000000455
2012-02-19,17.9,12.3,0.0,71.0,59.0,1022.1,5.599999999999998,0.5714285714285714,-0.5
2012-02-20,17.1,13.3,0.0,76.0,81.0,1018.5,3.8000000000000007,0.42857142857142855,-3.6000000000000227
2012-02-21,19.0,15.6,1.7,84.0,88.0,1014.1,3.4000000000000004,0.42857142857142855,-4.399999999999977
2012-02-22,19.3,17.2,1.3,95.0,89.0,1010.8,2.1000000000000014,0.42857142857142855,-3.300000000000068
2012-02-23,21.3,18.8,2.9,99.0,91.0,1008.9,2.5,0.5714285714285714,-1.8999999999999773
2012-02-24,21.0,15.9,0.5,97.0,84.0,1010.0,5.1,0.5714285714285714,1.1000000000000227
2012-02-28,15.3,9.8,18.0,92.0,88.0,1013.2,5.5,0.7142857142857143,3.2000000000000455
2012-02-29,15.8,13.8,0.5,89.0,89.0,1014.2,2.0,0.8571428571428571,1.0
2012-03-02,24.4,18.2,0.0,92.0,77.0,1012.5,6.199999999999999,0.8571428571428571,-1.7000000000000455
2012-03-03,21.0,16.9,0.2,95.0,91.0,1013.8,4.100000000000001,0.8571428571428571,1.2999999999999545
2012-03-04,19.6,16.4,0.5,96.0,89.0,1012.8,3.200000000000003,0.8571428571428571,-1.0
2012-03-06,27.4,21.9,0.3,89.0,86.0,1008.5,5.5,0.8571428571428571,-4.2999999999999545
2012-03-08,17.7,16.4,3.3,95.0,90.0,1010.7,1.3000000000000007,0.8571428571428571,2.2000000000000455
2012-03-09,17.1,13.9,0.2,92.0,98.0,1014.3,3.200000000000001,0.8571428571428571,3.599999999999909
2012-03-11,14.4,11.7,8.4,94.0,95.0,1020.0,2.700000000000001,0.8571428571428571,5.7000000000000455
2012-03-12,13.5,11.4,6.6,96.0,96.0,1021.7,2.0999999999999996,1.0,1.7000000000000455
2012-03-13,15.7,12.9,1.7,93.0,99.0,1021.0,2.799999999999999,1.0,-0.7000000000000455
2012-03-15,19.3,15.1,0.6,88.0,88.0,1016.5,4.200000000000001,1.0,-4.5
2012-03-16,22.6,18.1,0.2,95.0,83.0,1013.5,4.5,1.0,-3.0
2012-03-18,28.8,20.0,0.0,81.0,35.0,1012.9,8.8,0.8571428571428571,-0.6000000000000227
2012-03-23,25.3,16.7,0.0,80.0,87.0,1014.3,8.600000000000001,0.7142857142857143,1.3999999999999773
2012-03-24,21.6,13.6,0.1,56.0,52.0,1019.2,8.000000000000002,0.7142857142857143,4.900000000000091
2012-03-25,22.6,15.5,0.0,64.0,16.0,1020.1,7.100000000000001,0.5714285714285714,0.8999999999999773
2012-03-26,23.8,15.5,0.0,50.0,24.0,1020.6,8.3,0.42857142857142855,0.5
2012-03-27,23.8,17.7,0.0,59.0,28.0,1021.1,6.100000000000001,0.2857142857142857,0.5
2012-03-28,24.2,19.1,0.0,67.0,49.0,1019.9,5.099999999999998,0.14285714285714285,-1.2000000000000455
2012-03-29,26.1,19.7,0.0,72.0,66.0,1017.7,6.400000000000002,0.14285714285714285,-2.199999999999932
2012-03-30,25.0,21.0,0.0,82.0,87.0,1015.5,4.0,0.14285714285714285,-2.2000000000000455
2012-04-01,23.4,19.0,0.0,73.0,82.0,1019.2,4.399999999999999,0.0,3.7000000000000455
2012-04-02,24.6,20.1,0.0,83.0,85.0,1015.9,4.5,0.0,-3.300000000000068
2012-04-03,28.4,22.0,0.0,81.0,80.0,1016.9,6.399999999999999,0.0,1.0
2012-04-04,23.9,20.9,0.0,79.0,86.0,1016.6,3.0,0.0,-0.2999999999999545
2012-04-05,23.2,20.4,48.5,92.0,94.0,1013.7,2.8000000000000007,0.14285714285714285,-2.8999999999999773
2012-04-06,20.7,18.2,10.9,96.0,95.0,1015.3,2.5,0.2857142857142857,1.599999999999909
2012-04-07,21.4,18.4,0.0,68.0,91.0,1017.1,3.0,0.2857142857142857,1.8000000000000682
2012-04-08,22.1,19.9,0.3,85.0,89.0,1015.7,2.200000000000003,0.42857142857142855,-1.3999999999999773
2012-04-09,25.9,20.3,28.9,91.0,83.0,1014.3,5.599999999999998,0.5714285714285714,-1.400000000000091
2012-04-10,27.9,21.6,0.0,88.0,70.0,1013.8,6.299999999999997,0.5714285714285714,-0.5
2012-04-11,28.5,22.3,0.0,81.0,54.0,1011.3,6.199999999999999,0.5714285714285714,-2.5
2012-04-12,27.8,23.7,0.0,83.0,66.0,1010.0,4.100000000000001,0.42857142857142855,-1.2999999999999545
2012-04-16,28.8,22.5,11.8,86.0,85.0,1008.5,6.300000000000001,0.42857142857142855,-1.5
2012-04-17,23.9,20.0,16.6,93.0,93.0,1009.6,3.8999999999999986,0.5714285714285714,1.1000000000000227
2012-04-19,22.9,21.7,28.2,96.0,80.0,1009.6,1.1999999999999993,0.5714285714285714,0.0
2012-04-20,23.1,20.8,66.2,96.0,82.0,1008.7,2.3000000000000007,0.5714285714285714,-0.8999999999999773
2012-04-21,25.8,21.1,0.0,82.0,77.0,1008.8,4.699999999999999,0.5714285714285714,0.09999999999990905
2012-04-22,28.5,21.9,0.0,79.0,50.0,1009.9,6.600000000000001,0.5714285714285714,1.1000000000000227
2012-04-23,28.0,23.5,0.3,86.0,85.0,1008.7,4.5,0.7142857142857143,-1.1999999999999318
2012-04-25,29.0,23.6,4.8,83.0,88.0,1006.7,5.399999999999999,0.7142857142857143,-2.0
2012-04-27,23.6,21.5,34.5,92.0,88.0,1009.5,2.1000000000000014,0.7142857142857143,2.7999999999999545
2012-04-28,25.9,21.3,22.2,95.0,88.0,1008.9,4.599999999999998,0.7142857142857143,-0.6000000000000227
2012-04-29,30.2,23.9,21.2,89.0,81.0,1007.3,6.300000000000001,0.7142857142857143,-1.6000000000000227
2012-04-30,30.1,26.6,0.5,82.0,77.0,1005.8,3.5,0.8571428571428571,-1.5
2012-05-02,31.9,27.8,0.4,81.0,74.0,1006.6,4.099999999999998,1.0,0.8000000000000682
2012-05-04,31.2,24.4,35.7,89.0,84.0,1006.1,6.800000000000001,1.0,-0.5
2012-05-05,26.2,24.1,3.4,93.0,86.0,1009.4,2.099999999999998,1.0,3.2999999999999545
2012-05-06,28.2,24.4,0.0,84.0,79.0,1010.5,3.8000000000000007,0.8571428571428571,1.1000000000000227
2012-05-07,28.9,24.6,0.0,83.0,61.0,1010.0,4.299999999999997,0.7142857142857143,-0.5
2012-05-08,31.9,26.1,0.0,78.0,59.0,1008.8,5.799999999999997,0.5714285714285714,-1.2000000000000455
2012-05-09,32.5,27.0,0.0,79.0,33.0,1008.9,5.5,0.42857142857142855,0.10000000000002274
2012-05-10,32.5,26.9,6.1,81.0,57.0,1008.8,5.600000000000001,0.42857142857142855,-0.10000000000002274
2012-05-11,27.9,24.7,1.4,91.0,88.0,1008.4,3.1999999999999993,0.42857142857142855,-0.39999999999997726
2012-05-12,28.7,24.5,0.1,88.0,80.0,1007.0,4.199999999999999,0.42857142857142855,-1.3999999999999773
2012-05-13,29.6,26.0,4.6,82.0,76.0,1005.3,3.6000000000000014,0.5714285714285714,-1.7000000000000455
2012-05-14,32.2,25.7,1.9,82.0,67.0,1006.9,6.5000000000000036,0.7142857142857143,1.6000000000000227
2012-05-15,30.3,26.4,22.1,89.0,71.0,1007.6,3.900000000000002,0.8571428571428571,0.7000000000000455
2012-05-16,29.2,25.7,14.4,93.0,81.0,1006.1,3.5,1.0,-1.5
2012-05-17,28.9,25.5,2.0,90.0,83.0,1006.5,3.3999999999999986,1.0,0.39999999999997726
2012-05-18,27.2,24.8,83.8,98.0,89.0,1008.1,2.3999999999999986,1.0,1.6000000000000227
2012-05-19,30.0,24.5,7.4,92.0,79.0,1007.1,5.5,1.0,-1.0
2012-05-20,30.7,25.1,49.6,91.0,78.0,1005.6,5.599999999999998,1.0,-1.5
2012-05-23,28.5,24.5,0.0,78.0,72.0,1007.6,4.0,0.8571428571428571,2.0
2012-05-26,28.2,25.8,28.4,90.0,88.0,1006.6,2.3999999999999986,0.8571428571428571,-1.0
2012-05-27,29.5,25.7,5.8,90.0,90.0,1007.4,3.8000000000000007,0.8571428571428571,0.7999999999999545
2012-05-28,26.2,25.0,10.5,95.0,88.0,1008.6,1.1999999999999993,0.8571428571428571,1.2000000000000455
2012-05-29,26.2,24.9,0.1,87.0,88.0,1009.8,1.3000000000000007,0.8571428571428571,1.1999999999999318
2012-06-01,28.3,24.9,0.0,75.0,74.0,1008.0,3.400000000000002,0.7142857142857143,-1.7999999999999545
2012-06-02,30.2,24.8,8.6,82.0,83.0,1006.3,5.399999999999999,0.7142857142857143,-1.7000000000000455
2012-06-05,31.6,25.8,0.0,79.0,52.0,1004.2,5.800000000000001,0.7142857142857143,-2.099999999999909
2012-06-06,31.2,26.5,0.0,82.0,58.0,1004.0,4.699999999999999,0.5714285714285714,-0.20000000000004547
2012-06-08,32.9,27.7,0.0,81.0,76.0,1004.5,5.199999999999999,0.42857142857142855,0.5
2012-06-09,31.9,26.7,1.5,82.0,85.0,1003.5,5.199999999999999,0.42857142857142855,-1.0
2012-06-10,30.4,25.9,26.8,87.0,88.0,1001.1,4.5,0.42857142857142855,-2.3999999999999773
2012-06-11,30.4,28.1,0.2,84.0,86.0,999.4,2.299999999999997,0.5714285714285714,-1.7000000000000455
2012-06-12,31.7,26.6,2.8,83.0,87.0,999.7,5.099999999999998,0.5714285714285714,0.3000000000000682
2012-06-13,28.1,25.0,22.5,93.0,87.0,1001.0,3.1000000000000014,0.7142857142857143,1.2999999999999545
2012-06-16,27.9,24.7,60.3,93.0,88.0,1000.3,3.1999999999999993,0.8571428571428571,-0.7000000000000455
2012-06-17,28.2,25.5,24.6,93.0,87.0,1001.3,2.6999999999999993,1.0,1.0
2012-06-18,30.0,25.5,17.7,91.0,87.0,998.6,4.5,1.0,-2.699999999999932
2012-06-19,32.1,26.1,1.4,85.0,83.0,995.0,6.0,1.0,-3.6000000000000227
2012-06-20,33.0,28.0,0.0,77.0,76.0,997.8,5.0,0.8571428571428571,2.7999999999999545
2012-06-21,29.6,26.1,31.2,89.0,86.0,1003.1,3.5,0.8571428571428571,5.300000000000068
2012-06-22,30.5,26.4,16.0,83.0,86.0,1004.2,4.100000000000001,0.8571428571428571,1.1000000000000227
2012-06-24,30.4,27.4,4.9,81.0,85.0,1003.7,3.0,0.8571428571428571,-0.5
2012-06-25,30.7,28.0,0.2,79.0,86.0,1003.7,2.6999999999999993,0.8571428571428571,0.0
2012-06-26,30.0,28.1,0.8,81.0,78.0,1003.6,1.8999999999999986,0.8571428571428571,-0.10000000000002274
2012-06-28,32.8,27.6,0.0,79.0,46.0,1005.0,5.199999999999996,0.7142857142857143,1.3999999999999773
2012-06-29,33.3,26.5,3.9,79.0,65.0,1000.4,6.799999999999997,0.8571428571428571,-4.600000000000023
2012-06-30,29.9,25.7,38.1,92.0,73.0,1004.6,4.199999999999999,0.8571428571428571,4.2000000000000455
2012-07-01,31.0,25.7,4.3,86.0,63.0,1008.5,5.300000000000001,0.8571428571428571,3.8999999999999773
2012-07-03,33.2,26.8,0.0,79.0,38.0,1005.3,6.400000000000002,0.7142857142857143,-3.2000000000000455
2012-07-04,33.8,27.2,0.0,78.0,39.0,1004.8,6.599999999999998,0.5714285714285714,-0.5
2012-07-05,28.8,26.0,22.0,92.0,84.0,1005.0,2.8000000000000007,0.5714285714285714,0.20000000000004547
2012-07-06,31.5,26.6,0.8,84.0,74.0,1006.1,4.899999999999999,0.7142857142857143,1.1000000000000227
2012-07-07,32.6,26.9,2.7,81.0,63.0,1005.9,5.700000000000003,0.7142857142857143,-0.20000000000004547
2012-07-08,32.3,27.8,0.4,78.0,70.0,1006.7,4.4999999999999964,0.7142857142857143,0.8000000000000682
2012-07-12,32.6,27.8,1.3,73.0,55.0,1006.9,4.800000000000001,0.7142857142857143,0.1999999999999318
2012-07-13,31.7,27.1,9.0,79.0,69.0,1006.0,4.599999999999998,0.8571428571428571,-0.8999999999999773
2012-07-14,32.3,26.8,7.0,80.0,75.0,1004.7,5.4999999999999964,1.0,-1.2999999999999545
2012-07-15,33.0,28.7,2.1,77.0,78.0,1005.6,4.300000000000001,1.0,0.8999999999999773
2012-07-16,31.9,27.5,18.4,80.0,85.0,1006.1,4.399999999999999,1.0,0.5
2012-07-17,32.1,28.7,1.0,78.0,83.0,1006.0,3.400000000000002,1.0,-0.10000000000002274
2012-07-18,32.4,25.4,34.3,84.0,79.0,1006.6,7.0,1.0,0.6000000000000227
2012-07-20,33.0,28.4,4.2,75.0,74.0,1005.4,4.600000000000001,1.0,-1.2000000000000455
2012-07-21,33.7,26.8,2.2,76.0,78.0,1002.2,6.900000000000002,1.0,-3.199999999999932
2012-07-22,32.4,26.5,1.0,79.0,83.0,998.7,5.899999999999999,1.0,-3.5
2012-07-23,27.9,25.3,112.0,90.0,85.0,992.2,2.599999999999998,1.0,-6.5
2012-07-24,29.2,25.6,99.5,91.0,88.0,996.5,3.599999999999998,1.0,4.2999999999999545
2012-07-25,28.3,24.4,82.3,95.0,91.0,1005.4,3.900000000000002,1.0,8.899999999999977
2012-07-26,26.2,25.0,28.1,97.0,85.0,1006.6,1.1999999999999993,1.0,1.2000000000000455
2012-07-27,27.0,25.1,25.7,96.0,88.0,1005.0,1.8999999999999986,1.0,-1.6000000000000227
2012-07-29,33.4,26.4,0.0,78.0,48.0,1004.4,7.0,0.8571428571428571,-0.6000000000000227
2012-07-30,32.9,26.8,0.0,74.0,38.0,1001.2,6.099999999999998,0.7142857142857143,-3.199999999999932
2012-07-31,32.5,26.3,9.5,78.0,66.0,999.1,6.199999999999999,0.7142857142857143,-2.1000000000000227
2012-08-01,33.6,27.4,0.2,73.0,81.0,997.2,6.200000000000003,0.7142857142857143,-1.8999999999999773
2012-08-02,34.1,29.3,0.0,66.0,55.0,997.1,4.800000000000001,0.5714285714285714,-0.10000000000002274
2012-08-04,30.5,29.3,0.4,80.0,79.0,998.7,1.1999999999999993,0.5714285714285714,1.6000000000000227
2012-08-05,31.3,28.1,6.8,83.0,86.0,1000.6,3.1999999999999993,0.5714285714285714,1.8999999999999773
2012-08-06,32.5,25.3,2.8,84.0,74.0,1002.2,7.199999999999999,0.7142857142857143,1.6000000000000227
2012-08-08,33.4,28.6,0.0,77.0,65.0,999.9,4.799999999999997,0.7142857142857143,-2.300000000000068
2012-08-09,34.3,28.5,0.0,74.0,36.0,1000.9,5.799999999999997,0.5714285714285714,1.0
2012-08-10,32.0,27.0,7.7,77.0,72.0,1003.0,5.0,0.5714285714285714,2.1000000000000227
2012-08-11,29.5,25.5,64.7,86.0,84.0,1004.2,4.0,0.7142857142857143,1.2000000000000455
2012-08-12,29.6,25.1,12.4,87.0,87.0,1003.3,4.5,0.7142857142857143,-0.900000000000091
2012-08-13,30.1,26.4,9.5,88.0,86.0,1003.3,3.700000000000003,0.7142857142857143,0.0
2012-08-14,31.9,26.7,1.9,85.0,54.0,1004.8,5.199999999999999,0.7142857142857143,1.5
2012-08-15,33.7,27.2,0.0,77.0,43.0,1003.9,6.5000000000000036,0.7142857142857143,-0.8999999999999773
2012-08-16,32.6,25.8,15.4,84.0,86.0,1001.5,6.800000000000001,0.8571428571428571,-2.3999999999999773
2012-08-18,32.6,28.0,0.1,81.0,88.0,1008.6,4.600000000000001,0.8571428571428571,7.100000000000023
2012-08-19,32.0,27.6,0.0,78.0,67.0,1008.1,4.399999999999999,0.7142857142857143,-0.5
2012-08-20,32.9,27.5,0.0,76.0,51.0,1006.3,5.399999999999999,0.5714285714285714,-1.8000000000000682
2012-08-22,28.9,26.6,5.1,81.0,80.0,1006.3,2.299999999999997,0.5714285714285714,0.0
2012-08-23,31.8,26.6,0.0,75.0,53.0,1006.0,5.199999999999999,0.42857142857142855,-0.2999999999999545
2012-08-24,32.8,27.3,0.0,70.0,59.0,1005.0,5.4999999999999964,0.42857142857142855,-1.0
2012-08-26,32.8,28.9,0.0,60.0,87.0,1001.3,3.8999999999999986,0.2857142857142857,-3.7000000000000455
2012-08-27,33.4,28.6,0.0,59.0,76.0,1001.4,4.799999999999997,0.14285714285714285,0.10000000000002274
2012-08-28,34.5,28.9,0.0,74.0,50.0,1004.3,5.600000000000001,0.14285714285714285,2.8999999999999773
2012-08-29,31.8,26.7,2.4,76.0,74.0,1007.2,5.100000000000001,0.2857142857142857,2.900000000000091
2012-08-31,30.9,26.0,20.4,85.0,80.0,1007.6,4.899999999999999,0.2857142857142857,0.39999999999997726
2012-09-01,31.4,26.4,11.1,90.0,78.0,1007.9,5.0,0.42857142857142855,0.2999999999999545
2012-09-02,32.0,25.8,6.7,82.0,57.0,1008.3,6.199999999999999,0.5714285714285714,0.39999999999997726
2012-09-04,31.9,25.7,7.6,85.0,79.0,1010.3,6.199999999999999,0.7142857142857143,2.0
2012-09-05,31.6,25.5,0.5,82.0,65.0,1012.6,6.100000000000001,0.8571428571428571,2.300000000000068
2012-09-06,32.2,26.7,2.3,82.0,84.0,1013.1,5.5000000000000036,1.0,0.5
2012-09-07,30.4,27.5,4.7,86.0,76.0,1013.3,2.8999999999999986,1.0,0.1999999999999318
2012-09-08,31.2,27.2,8.0,81.0,60.0,1012.1,4.0,1.0,-1.1999999999999318
2012-09-10,31.8,27.7,0.0,77.0,59.0,1010.3,4.100000000000001,0.8571428571428571,-1.8000000000000682
2012-09-13,32.8,27.2,0.7,75.0,60.0,1008.5,5.599999999999998,0.8571428571428571,-1.7999999999999545
2012-09-14,30.5,24.8,0.0,65.0,61.0,1009.3,5.699999999999999,0.7142857142857143,0.7999999999999545
2012-09-16,29.5,24.3,0.0,63.0,23.0,1010.8,5.199999999999999,0.5714285714285714,1.5
2012-09-17,30.8,23.6,0.0,54.0,4.0,1011.3,7.199999999999999,0.42857142857142855,0.5
2012-09-18,30.4,25.3,0.0,59.0,68.0,1010.1,5.099999999999998,0.2857142857142857,-1.1999999999999318
2012-09-19,27.7,26.0,0.0,73.0,85.0,1011.0,1.6999999999999993,0.14285714285714285,0.8999999999999773
2012-09-20,29.4,25.5,1.8,80.0,88.0,1011.6,3.8999999999999986,0.2857142857142857,0.6000000000000227
2012-09-21,29.4,26.3,1.2,81.0,88.0,1010.7,3.099999999999998,0.2857142857142857,-0.8999999999999773
2012-09-22,30.5,26.0,23.0,88.0,79.0,1009.1,4.5,0.42857142857142855,-1.6000000000000227
2012-09-23,30.5,27.0,0.9,84.0,72.0,1007.3,3.5,0.5714285714285714,-1.8000000000000682
2012-09-24,32.0,24.8,121.5,88.0,82.0,1007.4,7.199999999999999,0.7142857142857143,0.10000000000002274
2012-09-25,29.4,24.9,22.6,84.0,88.0,1009.9,4.5,0.8571428571428571,2.5
2012-09-26,29.4,25.5,0.4,81.0,86.0,1010.7,3.8999999999999986,1.0,0.8000000000000682
2012-09-28,31.4,26.1,0.0,58.0,58.0,1009.3,5.299999999999997,0.8571428571428571,-1.400000000000091
2012-09-29,31.2,24.9,0.0,60.0,23.0,1011.3,6.300000000000001,0.7142857142857143,2.0
2012-10-02,29.3,24.3,0.0,72.0,64.0,1013.3,5.0,0.5714285714285714,2.0
2012-10-03,29.5,24.2,0.0,74.0,44.0,1010.8,5.300000000000001,0.42857142857142855,-2.5
2012-10-04,29.3,24.0,0.0,76.0,51.0,1010.4,5.300000000000001,0.2857142857142857,-0.39999999999997726
2012-10-05,30.0,24.9,0.1,69.0,41.0,1013.4,5.100000000000001,0.2857142857142857,3.0
2012-10-08,29.0,25.2,0.0,72.0,78.0,1014.1,3.8000000000000007,0.14285714285714285,0.7000000000000455
2012-10-09,29.2,24.2,0.0,73.0,60.0,1013.0,5.0,0.14285714285714285,-1.1000000000000227
2012-10-10,29.6,24.0,0.0,63.0,23.0,1012.8,5.600000000000001,0.14285714285714285,-0.20000000000004547
2012-10-11,29.0,23.3,0.0,64.0,55.0,1012.9,5.699999999999999,0.14285714285714285,0.10000000000002274
2012-10-12,28.2,23.6,0.0,71.0,44.0,1012.9,4.599999999999998,0.14285714285714285,0.0
2012-10-13,27.8,23.1,0.0,74.0,67.0,1012.5,4.699999999999999,0.14285714285714285,-0.39999999999997726
2012-10-14,28.5,23.8,0.0,77.0,71.0,1013.6,4.699999999999999,0.0,1.1000000000000227
2012-10-15,29.1,24.9,0.0,74.0,58.0,1015.1,4.200000000000003,0.0,1.5
2012-10-17,29.5,24.4,0.0,69.0,51.0,1014.1,5.100000000000001,0.0,-1.0
2012-10-18,26.4,23.2,0.0,69.0,84.0,1016.4,3.1999999999999993,0.0,2.2999999999999545
2012-10-21,28.7,22.4,0.0,72.0,32.0,1017.4,6.300000000000001,0.0,1.0
2012-10-22,29.8,22.9,0.0,73.0,20.0,1015.9,6.900000000000002,0.0,-1.5
2012-10-24,28.7,24.0,0.0,74.0,50.0,1015.0,4.699999999999999,0.0,-0.8999999999999773
2012-10-25,28.8,24.2,0.0,75.0,44.0,1014.7,4.600000000000001,0.0,-0.2999999999999545
2012-10-26,26.7,23.8,0.7,77.0,85.0,1014.1,2.8999999999999986,0.14285714285714285,-0.6000000000000227
2012-10-27,27.8,24.0,0.8,78.0,82.0,1014.7,3.8000000000000007,0.2857142857142857,0.6000000000000227
2012-10-28,28.3,24.9,0.0,77.0,79.0,1015.9,3.400000000000002,0.2857142857142857,1.1999999999999318
2012-10-29,25.7,24.6,0.4,81.0,88.0,1014.2,1.0999999999999979,0.42857142857142855,-1.6999999999999318
2012-10-30,24.8,19.9,33.3,95.0,90.0,1012.5,4.900000000000002,0.5714285714285714,-1.7000000000000455
2012-10-31,22.8,17.7,11.1,79.0,67.0,1015.9,5.100000000000001,0.7142857142857143,3.3999999999999773
2012-11-01,24.5,18.1,0.0,62.0,44.0,1016.9,6.399999999999999,0.7142857142857143,1.0
2012-11-02,25.6,20.2,0.0,72.0,58.0,1015.8,5.400000000000002,0.5714285714285714,-1.1000000000000227
2012-11-04,27.8,21.8,0.0,66.0,49.0,1014.6,6.0,0.42857142857142855,-1.1999999999999318
2012-11-05,26.7,22.4,0.0,70.0,51.0,1015.5,4.300000000000001,0.42857142857142855,0.8999999999999773
2012-11-06,26.5,21.7,0.0,67.0,40.0,1016.7,4.800000000000001,0.2857142857142857,1.2000000000000455
2012-11-07,24.3,22.5,0.0,76.0,80.0,1015.6,1.8000000000000007,0.14285714285714285,-1.1000000000000227
2012-11-08,25.1,22.7,1.9,84.0,83.0,1013.3,2.400000000000002,0.14285714285714285,-2.300000000000068
2012-11-10,27.7,24.3,0.0,88.0,54.0,1013.2,3.3999999999999986,0.14285714285714285,-0.09999999999990905
2012-11-11,25.2,20.8,0.3,71.0,84.0,1016.9,4.399999999999999,0.2857142857142857,3.699999999999932
2012-11-12,23.9,20.7,0.0,74.0,84.0,1018.1,3.1999999999999993,0.2857142857142857,1.2000000000000455
2012-11-13,25.8,20.7,0.0,76.0,40.0,1016.3,5.100000000000001,0.2857142857142857,-1.8000000000000682
2012-11-14,25.6,22.2,0.0,77.0,77.0,1015.9,3.400000000000002,0.2857142857142857,-0.39999999999997726
2012-11-17,23.7,18.6,3.0,79.0,89.0,1016.2,5.099999999999998,0.42857142857142855,0.3000000000000682
2012-11-18,21.2,18.8,0.1,85.0,88.0,1016.7,2.3999999999999986,0.42857142857142855,0.5
2012-11-19,23.6,20.7,0.0,77.0,63.0,1016.8,2.900000000000002,0.42857142857142855,0.09999999999990905
2012-11-20,23.0,21.2,0.3,80.0,88.0,1016.2,1.8000000000000007,0.42857142857142855,-0.599999999999909
2012-11-21,23.5,21.8,3.0,93.0,90.0,1013.1,1.6999999999999993,0.5714285714285714,-3.1000000000000227
2012-11-22,27.2,22.6,0.4,88.0,79.0,1011.1,4.599999999999998,0.7142857142857143,-2.0
2012-11-23,26.4,19.4,17.7,83.0,86.0,1013.5,7.0,0.8571428571428571,2.3999999999999773
2012-11-25,22.2,20.0,11.5,97.0,96.0,1015.5,2.1999999999999993,0.8571428571428571,2.0
2012-11-26,23.3,16.0,0.6,89.0,82.0,1015.8,7.300000000000001,0.8571428571428571,0.2999999999999545
2012-11-27,18.3,14.6,19.5,95.0,91.0,1017.7,3.700000000000001,1.0,1.900000000000091
2012-11-28,20.5,17.6,1.1,94.0,94.0,1014.8,2.8999999999999986,1.0,-2.900000000000091
2012-11-29,21.3,19.5,2.6,94.0,98.0,1014.5,1.8000000000000007,1.0,-0.2999999999999545
2012-11-30,22.3,20.2,1.9,95.0,100.0,1013.3,2.1000000000000014,1.0,-1.2000000000000455
2012-12-01,21.4,20.1,0.3,92.0,97.0,1015.0,1.2999999999999972,1.0,1.7000000000000455
2012-12-02,20.9,16.8,3.2,87.0,90.0,1015.6,4.099999999999998,1.0,0.6000000000000227
2012-12-03,18.3,16.6,10.9,91.0,90.0,1017.3,1.6999999999999993,1.0,1.6999999999999318
2012-12-04,17.9,16.5,8.7,88.0,88.0,1016.3,1.3999999999999986,1.0,-1.0
2012-12-05,17.8,14.9,6.5,86.0,89.0,1017.6,2.9000000000000004,1.0,1.3000000000000682
2012-12-06,18.3,14.6,0.0,72.0,74.0,1018.2,3.700000000000001,0.8571428571428571,0.6000000000000227
2012-12-08,19.8,17.0,0.9,79.0,86.0,1016.3,2.8000000000000007,0.8571428571428571,-1.900000000000091
2012-12-09,21.1,17.3,0.0,77.0,47.0,1016.1,3.8000000000000007,0.7142857142857143,-0.1999999999999318
2012-12-10,19.5,17.6,0.0,74.0,71.0,1016.8,1.8999999999999986,0.5714285714285714,0.6999999999999318
2012-12-11,20.9,17.4,0.0,75.0,73.0,1018.2,3.5,0.42857142857142855,1.400000000000091
2012-12-12,19.9,16.6,0.0,74.0,69.0,1020.7,3.299999999999997,0.2857142857142857,2.5
2012-12-13,20.6,16.7,0.0,77.0,49.0,1020.0,3.900000000000002,0.14285714285714285,-0.7000000000000455
2012-12-14,23.1,19.0,0.0,81.0,69.0,1018.6,4.100000000000001,0.14285714285714285,-1.3999999999999773
2012-12-15,24.2,20.6,0.0,88.0,73.0,1015.4,3.599999999999998,0.0,-3.2000000000000455
2012-12-16,26.2,22.1,0.0,87.0,70.0,1015.2,4.099999999999998,0.0,-0.1999999999999318
2012-12-17,22.8,20.7,0.0,85.0,84.0,1016.5,2.1000000000000014,0.0,1.2999999999999545
2012-12-18,20.8,13.7,2.3,79.0,79.0,1020.3,7.100000000000001,0.14285714285714285,3.7999999999999545
2012-12-19,17.3,13.0,1.1,79.0,88.0,1020.0,4.300000000000001,0.2857142857142857,-0.2999999999999545
2012-12-20,19.1,16.1,0.0,86.0,88.0,1017.4,3.0,0.2857142857142857,-2.6000000000000227
2012-12-22,21.2,14.6,0.0,74.0,64.0,1019.0,6.6,0.2857142857142857,1.6000000000000227
2012-12-23,16.0,10.3,0.0,54.0,40.0,1025.0,5.699999999999999,0.2857142857142857,6.0
2012-12-24,15.4,10.1,0.0,68.0,47.0,1023.6,5.300000000000001,0.2857142857142857,-1.3999999999999773
2012-12-25,18.7,14.8,0.0,73.0,88.0,1020.3,3.8999999999999986,0.2857142857142857,-3.300000000000068
2012-12-29,19.7,12.6,22.1,84.0,90.0,1016.3,7.1,0.2857142857142857,-4.0
2012-12-31,13.2,7.1,0.0,47.0,28.0,1022.6,6.1,0.14285714285714285,6.300000000000068
2013-01-01,17.4,10.8,0.0,54.0,67.0,1020.6,6.599999999999998,0.14285714285714285,-2.0
2013-01-02,19.3,14.9,0.0,64.0,57.0,1019.4,4.4,0.14285714285714285,-1.2000000000000455
2013-01-03,19.1,14.5,0.0,72.0,84.0,1022.9,4.600000000000001,0.14285714285714285,3.5
2013-01-04,14.6,11.3,0.0,72.0,88.0,1021.0,3.299999999999999,0.14285714285714285,-1.8999999999999773
2013-01-05,17.0,11.9,0.0,72.0,58.0,1018.5,5.1,0.14285714285714285,-2.5
2013-01-06,17.1,13.9,0.0,71.0,36.0,1019.1,3.200000000000001,0.0,0.6000000000000227
2013-01-07,17.5,12.7,0.0,71.0,44.0,1018.3,4.800000000000001,0.0,-0.8000000000000682
2013-01-08,20.3,16.0,0.0,65.0,67.0,1017.5,4.300000000000001,0.0,-0.7999999999999545
2013-01-09,18.3,14.6,0.0,63.0,57.0,1019.5,3.700000000000001,0.0,2.0
2013-01-10,16.3,13.1,0.0,65.0,83.0,1021.0,3.200000000000001,0.0,1.5
2013-01-11,18.8,14.6,0.0,73.0,43.0,1020.7,4.200000000000001,0.0,-0.2999999999999545
2013-01-13,19.2,14.1,0.0,69.0,24.0,1015.5,5.1,0.0,-5.2000000000000455
2013-01-14,18.7,12.8,0.0,66.0,9.0,1019.1,5.899999999999999,0.0,3.6000000000000227
2013-01-15,17.1,14.1,0.0,74.0,77.0,1021.3,3.0000000000000018,0.0,2.199999999999932
2013-01-16,21.4,14.9,0.0,71.0,4.0,1021.2,6.499999999999998,0.0,-0.09999999999990905
2013-01-17,19.6,15.2,0.0,67.0,26.0,1024.4,4.400000000000002,0.0,3.2000000000000455
2013-01-18,16.6,13.3,0.0,69.0,70.0,1026.8,3.3000000000000007,0.0,2.3999999999998636
2013-01-19,17.4,12.9,0.0,70.0,60.0,1023.4,4.499999999999998,0.0,-3.3999999999999773
2013-01-20,19.1,15.8,0.0,75.0,85.0,1020.6,3.3000000000000007,0.0,-2.7999999999999545
2013-01-21,22.8,18.9,0.0,76.0,78.0,1019.6,3.900000000000002,0.0,-1.0
2013-01-23,20.0,16.8,0.0,86.0,81.0,1019.3,3.1999999999999993,0.0,-0.3000000000000682
2013-01-24,21.5,16.6,0.0,78.0,44.0,1018.4,4.899999999999999,0.0,-0.8999999999999773
2013-01-25,20.8,15.9,0.0,74.0,40.0,1019.2,4.9,0.0,0.8000000000000682
2013-01-26,19.8,16.3,2.8,80.0,74.0,1018.9,3.5,0.14285714285714285,-0.3000000000000682
2013-01-27,17.7,15.5,0.6,85.0,86.0,1022.0,2.1999999999999993,0.2857142857142857,3.1000000000000227
2013-01-28,18.6,14.2,0.0,66.0,49.0,1022.4,4.400000000000002,0.2857142857142857,0.39999999999997726
2013-01-30,20.4,16.6,0.0,74.0,56.0,1022.6,3.799999999999997,0.2857142857142857,0.20000000000004547
2013-01-31,20.9,16.9,0.0,66.0,55.0,1021.7,4.0,0.2857142857142857,-0.8999999999999773
2013-02-01,24.9,17.4,0.0,73.0,32.0,1020.1,7.5,0.2857142857142857,-1.6000000000000227
2013-02-02,26.0,18.9,0.0,74.0,63.0,1019.8,7.100000000000001,0.2857142857142857,-0.3000000000000682
2013-02-08,18.7,14.4,0.2,86.0,88.0,1019.3,4.299999999999999,0.2857142857142857,-0.5
2013-02-15,24.4,18.0,0.5,77.0,85.0,1016.9,6.399999999999999,0.2857142857142857,-2.3999999999999773
2013-02-16,19.4,16.2,0.1,82.0,82.0,1019.1,3.1999999999999993,0.42857142857142855,2.2000000000000455
2013-02-17,21.0,16.5,0.0,79.0,71.0,1015.6,4.5,0.42857142857142855,-3.5
2013-02-18,25.4,18.5,0.0,84.0,79.0,1013.1,6.899999999999999,0.42857142857142855,-2.5
2013-02-22,22.4,16.2,0.0,73.0,62.0,1021.5,6.199999999999999,0.42857142857142855,8.399999999999977
2013-02-23,21.8,16.2,0.0,72.0,54.0,1023.1,5.600000000000001,0.42857142857142855,1.6000000000000227
2013-02-25,23.1,17.3,0.0,71.0,79.0,1018.9,5.800000000000001,0.2857142857142857,-4.2000000000000455
2013-02-26,23.8,19.1,0.2,82.0,88.0,1016.2,4.699999999999999,0.2857142857142857,-2.699999999999932
2013-02-28,21.9,18.3,0.5,91.0,88.0,1013.8,3.599999999999998,0.2857142857142857,-2.400000000000091
2013-03-01,22.0,18.2,0.1,91.0,88.0,1014.2,3.8000000000000007,0.42857142857142855,0.40000000000009095
2013-03-02,21.4,15.1,0.8,88.0,88.0,1020.4,6.299999999999999,0.5714285714285714,6.199999999999932
2013-03-03,17.4,13.6,0.0,65.0,86.0,1023.7,3.799999999999999,0.5714285714285714,3.300000000000068
2013-03-04,21.7,13.2,0.0,54.0,55.0,1023.4,8.5,0.5714285714285714,-0.3000000000000682
2013-03-05,22.3,15.6,0.0,48.0,29.0,1023.2,6.700000000000001,0.5714285714285714,-0.1999999999999318
2013-03-06,23.6,16.3,0.0,61.0,7.0,1021.2,7.300000000000001,0.42857142857142855,-2.0
2013-03-07,24.9,17.2,0.0,63.0,2.0,1019.8,7.699999999999999,0.2857142857142857,-1.400000000000091
2013-03-08,26.4,17.6,0.0,49.0,0.0,1016.8,8.799999999999997,0.14285714285714285,-3.0
2013-03-09,26.1,18.1,0.0,65.0,11.0,1014.9,8.0,0.0,-1.8999999999999773
2013-03-10,26.4,18.5,0.0,69.0,3.0,1014.7,7.899999999999999,0.0,-0.1999999999999318
2013-03-12,23.5,18.1,0.2,79.0,71.0,1015.8,5.399999999999999,0.14285714285714285,1.099999999999909
2013-03-15,22.3,17.7,0.0,76.0,69.0,1021.3,4.600000000000001,0.14285714285714285,5.5
2013-03-16,23.2,18.5,0.0,78.0,51.0,1019.4,4.699999999999999,0.14285714285714285,-1.8999999999999773
2013-03-17,23.4,19.0,0.0,86.0,82.0,1013.7,4.399999999999999,0.14285714285714285,-5.699999999999932
2013-03-18,26.3,21.2,0.0,84.0,81.0,1010.6,5.100000000000001,0.14285714285714285,-3.1000000000000227
2013-03-19,27.6,22.4,18.2,88.0,86.0,1010.8,5.200000000000003,0.2857142857142857,0.1999999999999318
2013-03-21,23.8,19.0,0.8,90.0,85.0,1013.8,4.800000000000001,0.42857142857142855,3.0
2013-03-22,26.0,18.9,0.0,86.0,74.0,1013.3,7.100000000000001,0.2857142857142857,-0.5
2013-03-23,26.2,21.3,0.0,83.0,78.0,1011.5,4.899999999999999,0.2857142857142857,-1.7999999999999545
2013-03-24,25.7,21.4,1.1,88.0,79.0,1010.4,4.300000000000001,0.42857142857142855,-1.1000000000000227
2013-03-25,23.1,19.5,0.9,91.0,88.0,1012.0,3.6000000000000014,0.5714285714285714,1.6000000000000227
2013-03-26,19.8,18.4,13.6,97.0,90.0,1011.4,1.4000000000000021,0.7142857142857143,-0.6000000000000227
2013-03-27,21.7,18.6,1.5,90.0,84.0,1013.1,3.099999999999998,0.7142857142857143,1.7000000000000455
2013-03-28,20.4,18.8,31.4,94.0,89.0,1012.5,1.5999999999999979,0.7142857142857143,-0.6000000000000227
2013-03-29,22.4,18.7,2.7,92.0,89.0,1013.2,3.6999999999999993,0.8571428571428571,0.7000000000000455
2013-03-30,19.6,17.8,58.2,95.0,94.0,1013.1,1.8000000000000007,1.0,-0.10000000000002274
2013-03-31,21.0,19.0,1.0,94.0,88.0,1014.5,2.0,1.0,1.3999999999999773
2013-04-01,22.4,18.6,0.1,84.0,85.0,1015.4,3.799999999999997,1.0,0.8999999999999773
2013-04-02,22.5,20.0,13.3,93.0,86.0,1014.0,2.5,1.0,-1.3999999999999773
2013-04-03,20.0,18.2,9.2,91.0,90.0,1012.0,1.8000000000000007,1.0,-2.0
2013-04-04,20.2,18.5,0.5,96.0,88.0,1007.8,1.6999999999999993,1.0,-4.2000000000000455
2013-04-05,26.2,19.7,34.7,95.0,88.0,1003.0,6.5,1.0,-4.7999999999999545
2013-04-06,25.0,17.1,36.8,77.0,79.0,1008.0,7.899999999999999,1.0,5.0
2013-04-07,19.0,15.2,0.0,66.0,77.0,1013.0,3.8000000000000007,0.8571428571428571,5.0
2013-04-09,21.2,18.4,25.1,95.0,88.0,1014.3,2.8000000000000007,0.8571428571428571,1.2999999999999545
2013-04-10,19.8,17.7,14.1,93.0,89.0,1017.2,2.1000000000000014,0.8571428571428571,2.900000000000091
2013-04-11,18.4,16.0,13.8,89.0,88.0,1017.7,2.3999999999999986,0.8571428571428571,0.5
2013-04-12,19.0,15.7,2.1,87.0,82.0,1019.4,3.3000000000000007,0.8571428571428571,1.6999999999999318
2013-04-13,23.1,17.5,0.0,64.0,78.0,1017.0,5.600000000000001,0.7142857142857143,-2.3999999999999773
2013-04-14,24.3,19.7,0.0,69.0,61.0,1013.6,4.600000000000001,0.5714285714285714,-3.3999999999999773
2013-04-15,27.1,19.5,0.0,79.0,30.0,1010.9,7.600000000000001,0.5714285714285714,-2.7000000000000455
2013-04-16,25.2,21.0,0.4,89.0,73.0,1008.9,4.199999999999999,0.5714285714285714,-2.0
2013-04-17,26.1,23.0,15.6,94.0,88.0,1008.1,3.1000000000000014,0.5714285714285714,-0.7999999999999545
2013-04-18,27.8,24.2,8.2,91.0,85.0,1008.5,3.6000000000000014,0.5714285714285714,0.39999999999997726
2013-04-19,28.1,21.7,8.9,93.0,86.0,1009.0,6.400000000000002,0.5714285714285714,0.5
2013-04-20,25.4,20.8,12.2,92.0,82.0,1011.0,4.599999999999998,0.7142857142857143,2.0
2013-04-21,23.9,20.4,0.3,88.0,87.0,1014.1,3.5,0.8571428571428571,3.1000000000000227
2013-04-22,20.5,18.9,1.0,89.0,88.0,1015.5,1.6000000000000014,1.0,1.3999999999999773
2013-04-23,26.4,19.4,0.5,89.0,76.0,1014.5,7.0,1.0,-1.0
2013-04-24,29.8,22.0,0.0,83.0,59.0,1012.7,7.800000000000001,0.8571428571428571,-1.7999999999999545
2013-04-25,30.6,23.1,30.3,85.0,74.0,1011.1,7.5,0.8571428571428571,-1.6000000000000227
2013-04-26,23.5,21.1,2.9,84.0,87.0,1013.0,2.3999999999999986,0.8571428571428571,1.8999999999999773
2013-04-30,29.3,21.1,23.8,89.0,83.0,1009.0,8.2,0.8571428571428571,-4.0
2013-05-01,25.1,20.1,1.2,86.0,76.0,1009.5,5.0,0.8571428571428571,0.5
2013-05-02,21.9,16.6,0.9,73.0,87.0,1010.6,5.299999999999997,0.8571428571428571,1.1000000000000227
2013-05-03,22.1,18.7,33.8,85.0,88.0,1011.1,3.400000000000002,0.8571428571428571,0.5
2013-05-08,23.2,22.3,29.7,93.0,90.0,1011.1,0.8999999999999986,1.0,0.0
2013-05-09,29.2,22.8,31.3,91.0,78.0,1010.0,6.399999999999999,1.0,-1.1000000000000227
2013-05-10,28.6,23.4,23.4,91.0,77.0,1008.2,5.200000000000003,1.0,-1.7999999999999545
2013-05-11,28.9,23.0,0.1,84.0,69.0,1006.6,5.899999999999999,1.0,-1.6000000000000227
2013-05-12,26.5,24.1,1.4,92.0,86.0,1007.8,2.3999999999999986,1.0,1.1999999999999318
2013-05-13,29.9,23.9,0.2,88.0,73.0,1007.6,6.0,1.0,-0.1999999999999318
2013-05-16,30.0,24.7,5.4,86.0,83.0,1005.5,5.300000000000001,1.0,-2.1000000000000227
2013-05-17,27.5,24.8,13.9,94.0,86.0,1007.7,2.6999999999999993,1.0,2.2000000000000455
2013-05-18,30.8,25.8,21.0,88.0,85.0,1006.8,5.0,1.0,-0.900000000000091
2013-05-19,30.9,28.2,0.1,84.0,88.0,1005.4,2.6999999999999993,1.0,-1.3999999999999773
2013-05-20,31.6,25.7,26.0,82.0,82.0,1004.8,5.900000000000002,1.0,-0.6000000000000227
2013-05-21,29.0,23.5,26.3,91.0,86.0,1005.5,5.5,1.0,0.7000000000000455
2013-05-22,26.2,23.4,230.8,95.0,90.0,1006.1,2.8000000000000007,1.0,0.6000000000000227
2013-05-25,26.9,24.6,52.0,96.0,89.0,1009.7,2.299999999999997,1.0,3.6000000000000227
2013-05-26,29.7,25.5,11.3,87.0,85.0,1007.6,4.199999999999999,1.0,-2.1000000000000227
2013-05-27,29.8,27.9,0.1,82.0,86.0,1006.9,1.9000000000000021,1.0,-0.7000000000000455
2013-05-29,31.9,27.8,0.4,81.0,76.0,1010.9,4.099999999999998,1.0,4.0
2013-05-30,32.5,27.2,0.0,78.0,54.0,1010.7,5.300000000000001,0.8571428571428571,-0.1999999999999318
2013-05-31,33.0,27.2,0.0,75.0,28.0,1009.4,5.800000000000001,0.7142857142857143,-1.3000000000000682
2013-06-01,32.4,27.7,0.0,76.0,27.0,1007.7,4.699999999999999,0.5714285714285714,-1.6999999999999318
2013-06-03,33.7,27.8,0.0,77.0,63.0,1007.0,5.900000000000002,0.42857142857142855,-0.7000000000000455
2013-06-04,32.1,25.2,20.2,87.0,80.0,1010.0,6.900000000000002,0.42857142857142855,3.0
2013-06-05,28.8,25.6,2.4,89.0,80.0,1011.1,3.1999999999999993,0.42857142857142855,1.1000000000000227
2013-06-06,29.7,25.1,13.6,90.0,79.0,1010.0,4.599999999999998,0.42857142857142855,-1.1000000000000227
2013-06-07,32.3,27.1,0.2,78.0,65.0,1006.8,5.199999999999996,0.5714285714285714,-3.2000000000000455
2013-06-08,31.7,27.5,10.6,80.0,80.0,1003.6,4.199999999999999,0.7142857142857143,-3.199999999999932
2013-06-09,31.3,27.1,15.7,86.0,80.0,1002.2,4.199999999999999,0.8571428571428571,-1.3999999999999773
2013-06-10,31.2,26.4,12.6,84.0,86.0,1002.3,4.800000000000001,1.0,0.09999999999990905
2013-06-11,28.1,22.4,168.9,95.0,89.0,1004.1,5.700000000000003,1.0,1.8000000000000682
2013-06-12,26.5,22.8,1.1,82.0,86.0,1005.5,3.6999999999999993,1.0,1.3999999999999773
2013-06-13,26.9,23.6,1.4,86.0,88.0,1004.8,3.299999999999997,1.0,-0.7000000000000455
2013-06-14,26.2,23.8,30.8,94.0,91.0,1003.5,2.3999999999999986,1.0,-1.2999999999999545
2013-06-15,26.2,25.1,62.0,98.0,91.0,1004.7,1.0999999999999979,1.0,1.2000000000000455
2013-06-16,27.8,25.8,5.4,96.0,88.0,1006.0,2.0,1.0,1.2999999999999545
2013-06-17,29.9,26.4,6.5,94.0,82.0,1004.2,3.5,1.0,-1.7999999999999545
2013-06-19,33.0,27.3,0.0,76.0,27.0,1001.6,5.699999999999999,0.8571428571428571,-2.6000000000000227
2013-06-20,34.2,28.1,0.0,76.0,47.0,1002.5,6.100000000000001,0.7142857142857143,0.8999999999999773
2013-06-21,33.7,27.7,0.8,80.0,69.0,1002.9,6.0000000000000036,0.7142857142857143,0.39999999999997726
2013-06-22,29.3,25.7,15.2,90.0,84.0,1003.1,3.6000000000000014,0.7142857142857143,0.20000000000004547
2013-06-23,30.8,25.4,12.1,88.0,82.0,1004.3,5.400000000000002,0.7142857142857143,1.1999999999999318
2013-06-24,29.5,24.9,57.0,88.0,89.0,1006.1,4.600000000000001,0.7142857142857143,1.8000000000000682
2013-06-25,30.7,28.0,0.7,81.0,86.0,1006.6,2.6999999999999993,0.7142857142857143,0.5
2013-06-27,32.3,28.5,1.2,77.0,74.0,1006.3,3.799999999999997,0.8571428571428571,-0.3000000000000682
2013-06-28,32.4,28.7,0.2,76.0,72.0,1005.8,3.6999999999999993,1.0,-0.5
2013-06-30,33.0,27.9,0.0,77.0,32.0,1008.2,5.100000000000001,0.8571428571428571,2.400000000000091
2013-07-01,31.4,25.9,29.5,86.0,81.0,1005.7,5.5,0.8571428571428571,-2.5
2013-07-02,32.9,27.4,0.0,77.0,71.0,1007.9,5.5,0.7142857142857143,2.199999999999932
2013-07-05,33.0,27.6,0.0,71.0,42.0,1007.5,5.399999999999999,0.5714285714285714,-0.39999999999997726
2013-07-06,30.4,27.3,4.6,81.0,70.0,1008.4,3.099999999999998,0.5714285714285714,0.8999999999999773
2013-07-07,31.2,25.0,40.7,85.0,82.0,1010.0,6.199999999999999,0.5714285714285714,1.6000000000000227
2013-07-08,32.0,26.3,0.3,77.0,79.0,1010.8,5.699999999999999,0.5714285714285714,0.7999999999999545
2013-07-10,30.7,25.8,14.2,85.0,78.0,1007.8,4.899999999999999,0.7142857142857143,-3.0
2013-07-11,32.4,26.2,0.3,80.0,49.0,1008.3,6.199999999999999,0.7142857142857143,0.5
2013-07-12,32.6,27.5,0.0,76.0,26.0,1005.2,5.100000000000001,0.7142857142857143,-3.099999999999909
2013-07-13,33.5,28.4,0.0,78.0,63.0,1001.0,5.100000000000001,0.7142857142857143,-4.2000000000000455
2013-07-14,32.1,25.0,41.4,81.0,89.0,1005.1,7.100000000000001,0.7142857142857143,4.100000000000023
2013-07-15,28.1,24.8,44.9,96.0,86.0,1008.5,3.3000000000000007,0.7142857142857143,3.3999999999999773
2013-07-16,27.4,25.3,7.0,94.0,83.0,1008.4,2.099999999999998,0.7142857142857143,-0.10000000000002274
2013-07-17,29.9,24.6,29.5,94.0,88.0,1006.9,5.299999999999997,0.7142857142857143,-1.5
2013-07-18,30.4,24.6,0.5,84.0,80.0,1004.8,5.799999999999997,0.7142857142857143,-2.1000000000000227
2013-07-19,29.4,25.5,23.0,92.0,85.0,1005.9,3.8999999999999986,0.8571428571428571,1.1000000000000227
2013-07-20,29.7,26.2,3.5,92.0,88.0,1007.4,3.5,1.0,1.5
2013-07-21,29.9,26.3,0.4,89.0,84.0,1007.3,3.599999999999998,1.0,-0.10000000000002274
2013-07-22,30.4,26.5,8.2,90.0,84.0,1008.1,3.8999999999999986,1.0,0.8000000000000682
2013-07-23,30.3,26.2,12.3,92.0,82.0,1008.5,4.100000000000001,1.0,0.39999999999997726
2013-07-24,27.4,25.0,26.8,95.0,86.0,1006.9,2.3999999999999986,1.0,-1.6000000000000227
2013-07-25,26.9,24.6,57.7,97.0,88.0,1004.3,2.299999999999997,1.0,-2.6000000000000227
2013-07-26,27.9,24.9,65.4,92.0,86.0,1004.8,3.0,1.0,0.5
2013-07-27,31.1,24.9,14.8,89.0,83.0,1006.4,6.200000000000003,1.0,1.6000000000000227
2013-07-28,31.8,25.3,10.8,87.0,75.0,1008.4,6.5,1.0,2.0
2013-07-29,31.7,25.4,0.0,86.0,47.0,1008.5,6.300000000000001,0.8571428571428571,0.10000000000002274
2013-07-30,33.1,26.6,0.0,78.0,44.0,1006.3,6.5,0.7142857142857143,-2.2000000000000455
2013-07-31,32.4,27.7,0.5,81.0,77.0,1004.7,4.699999999999999,0.7142857142857143,-1.599999999999909
2013-08-01,30.7,25.4,4.5,84.0,79.0,1003.8,5.300000000000001,0.7142857142857143,-0.900000000000091
2013-08-02,27.9,24.5,72.4,93.0,85.0,1004.5,3.3999999999999986,0.7142857142857143,0.7000000000000455
2013-08-03,31.5,25.6,13.3,88.0,84.0,1009.9,5.899999999999999,0.7142857142857143,5.399999999999977
2013-08-05,32.9,27.0,0.0,73.0,18.0,1009.4,5.899999999999999,0.5714285714285714,-0.5
2013-08-06,33.1,27.4,0.0,78.0,39.0,1009.0,5.700000000000003,0.5714285714285714,-0.39999999999997726
2013-08-07,31.7,27.7,0.5,82.0,71.0,1010.3,4.0,0.7142857142857143,1.2999999999999545
2013-08-08,32.7,26.7,1.3,78.0,58.0,1010.8,6.0000000000000036,0.7142857142857143,0.5
2013-08-09,32.5,27.3,0.0,76.0,25.0,1008.9,5.199999999999999,0.5714285714285714,-1.8999999999999773
2013-08-10,33.2,28.2,0.0,80.0,53.0,1008.4,5.0000000000000036,0.42857142857142855,-0.5
2013-08-11,33.1,27.7,0.0,77.0,51.0,1008.8,5.400000000000002,0.2857142857142857,0.39999999999997726
2013-08-13,29.9,25.4,48.4,86.0,85.0,1002.2,4.5,0.42857142857142855,-6.599999999999909
2013-08-14,27.6,25.2,59.4,92.0,88.0,999.3,2.400000000000002,0.5714285714285714,-2.900000000000091
2013-08-15,28.9,26.5,0.7,83.0,88.0,1002.9,2.3999999999999986,0.5714285714285714,3.6000000000000227
2013-08-16,28.7,26.8,5.3,87.0,88.0,1000.7,1.8999999999999986,0.5714285714285714,-2.199999999999932
2013-08-17,29.6,26.3,35.6,86.0,89.0,999.6,3.3000000000000007,0.7142857142857143,-1.1000000000000227
2013-08-18,30.2,26.9,3.7,86.0,86.0,1001.4,3.3000000000000007,0.8571428571428571,1.7999999999999545
2013-08-19,29.8,26.3,30.6,92.0,83.0,1001.6,3.5,1.0,0.20000000000004547
2013-08-21,31.0,27.4,0.2,81.0,82.0,998.4,3.6000000000000014,1.0,-3.2000000000000455
2013-08-22,31.0,26.4,20.1,82.0,86.0,996.2,4.600000000000001,1.0,-2.199999999999932
2013-08-23,29.5,26.6,26.0,84.0,88.0,999.4,2.8999999999999986,1.0,3.199999999999932
2013-08-24,29.8,25.7,51.6,87.0,88.0,1003.8,4.100000000000001,1.0,4.399999999999977
2013-08-25,30.2,26.1,7.3,91.0,73.0,1007.1,4.099999999999998,1.0,3.300000000000068
2013-08-26,32.8,26.6,0.0,82.0,31.0,1006.8,6.199999999999996,0.8571428571428571,-0.3000000000000682
2013-08-27,32.9,27.0,0.0,79.0,25.0,1006.2,5.899999999999999,0.7142857142857143,-0.599999999999909
2013-08-28,33.3,27.3,0.0,75.0,46.0,1005.2,5.9999999999999964,0.5714285714285714,-1.0
2013-08-29,32.0,27.8,0.0,77.0,80.0,1004.1,4.199999999999999,0.42857142857142855,-1.1000000000000227
2013-08-30,29.7,24.4,29.5,87.0,88.0,1005.9,5.300000000000001,0.42857142857142855,1.7999999999999545
2013-08-31,29.5,24.6,35.0,90.0,88.0,1008.4,4.899999999999999,0.42857142857142855,2.5
2013-09-01,29.8,25.1,1.0,81.0,77.0,1010.1,4.699999999999999,0.42857142857142855,1.7000000000000455
2013-09-02,30.4,25.1,40.6,84.0,61.0,1010.4,5.299999999999997,0.5714285714285714,0.2999999999999545
2013-09-03,28.0,25.0,5.0,93.0,83.0,1008.8,3.0,0.7142857142857143,-1.6000000000000227
2013-09-04,26.4,23.9,88.9,96.0,88.0,1009.2,2.5,0.8571428571428571,0.40000000000009095
2013-09-05,25.1,23.6,197.7,98.0,89.0,1011.1,1.5,1.0,1.8999999999999773
2013-09-06,29.5,24.1,0.3,86.0,65.0,1013.2,5.399999999999999,1.0,2.1000000000000227
2013-09-07,30.7,25.4,0.0,80.0,35.0,1013.6,5.300000000000001,0.8571428571428571,0.39999999999997726
2013-09-08,31.1,25.8,0.0,78.0,34.0,1013.9,5.300000000000001,0.7142857142857143,0.2999999999999545
2013-09-09,31.1,26.3,0.0,78.0,54.0,1012.6,4.800000000000001,0.5714285714285714,-1.2999999999999545
2013-09-10,31.8,26.6,0.0,81.0,68.0,1010.6,5.199999999999999,0.42857142857142855,-2.0
2013-09-11,30.9,27.1,0.0,83.0,66.0,1011.1,3.799999999999997,0.2857142857142857,0.5
2013-09-12,31.7,27.2,0.0,81.0,66.0,1011.5,4.5,0.14285714285714285,0.39999999999997726
2013-09-13,30.7,26.8,0.2,82.0,76.0,1009.7,3.8999999999999986,0.14285714285714285,-1.7999999999999545
2013-09-14,31.5,26.1,0.0,81.0,52.0,1006.8,5.399999999999999,0.14285714285714285,-2.900000000000091
2013-09-15,32.4,25.9,15.2,83.0,47.0,1006.0,6.5,0.2857142857142857,-0.7999999999999545
2013-09-16,30.8,26.0,0.8,79.0,57.0,1007.5,4.800000000000001,0.42857142857142855,1.5
2013-09-17,30.3,26.7,0.0,72.0,55.0,1008.0,3.6000000000000014,0.42857142857142855,0.5
2013-09-19,31.4,26.6,0.0,77.0,57.0,1007.9,4.799999999999997,0.42857142857142855,-0.10000000000002274
2013-09-20,32.5,27.2,0.0,78.0,61.0,1005.9,5.300000000000001,0.42857142857142855,-2.0
2013-09-21,34.7,28.3,0.0,60.0,63.0,999.9,6.400000000000002,0.2857142857142857,-6.0
2013-09-22,31.8,25.2,30.6,78.0,88.0,993.0,6.600000000000001,0.42857142857142855,-6.899999999999977
2013-09-23,30.9,24.8,56.9,88.0,92.0,998.9,6.099999999999998,0.42857142857142855,5.899999999999977
2013-09-24,30.6,27.2,1.3,86.0,82.0,1006.7,3.400000000000002,0.42857142857142855,7.800000000000068
2013-09-26,30.0,25.2,0.1,77.0,62.0,1012.3,4.800000000000001,0.5714285714285714,5.599999999999909
2013-09-27,29.7,24.0,0.1,77.0,61.0,1011.7,5.699999999999999,0.7142857142857143,-0.599999999999909
2013-09-28,28.6,24.6,2.6,81.0,80.0,1008.8,4.0,0.8571428571428571,-2.900000000000091
2013-09-29,27.1,24.0,2.9,82.0,87.0,1008.0,3.1000000000000014,1.0,-0.7999999999999545
2013-09-30,26.7,23.8,10.0,92.0,88.0,1010.1,2.8999999999999986,1.0,2.1000000000000227
2013-10-01,30.4,25.7,0.0,82.0,55.0,1012.7,4.699999999999999,0.8571428571428571,2.6000000000000227
2013-10-02,31.4,25.5,0.0,69.0,22.0,1012.6,5.899999999999999,0.7142857142857143,-0.10000000000002274
2013-10-03,30.1,24.6,0.0,68.0,32.0,1013.0,5.5,0.5714285714285714,0.39999999999997726
2013-10-04,29.4,24.7,0.0,72.0,26.0,1011.9,4.699999999999999,0.42857142857142855,-1.1000000000000227
2013-10-05,29.9,23.8,0.0,63.0,17.0,1010.5,6.099999999999998,0.2857142857142857,-1.3999999999999773
2013-10-06,31.5,24.4,0.0,47.0,5.0,1008.7,7.100000000000001,0.14285714285714285,-1.7999999999999545
2013-10-07,32.0,25.5,0.0,55.0,33.0,1006.0,6.5,0.0,-2.7000000000000455
2013-10-08,29.0,25.6,0.0,65.0,84.0,1008.1,3.3999999999999986,0.0,2.1000000000000227
2013-10-10,30.4,24.7,2.8,82.0,51.0,1012.8,5.699999999999999,0.14285714285714285,4.699999999999932
2013-10-11,31.1,25.5,0.0,77.0,40.0,1011.8,5.600000000000001,0.14285714285714285,-1.0
2013-10-13,30.4,25.6,0.0,67.0,68.0,1011.0,4.799999999999997,0.14285714285714285,-0.7999999999999545
2013-10-15,29.9,25.6,0.0,75.0,60.0,1013.5,4.299999999999997,0.14285714285714285,2.5
2013-10-19,28.0,23.0,0.0,67.0,58.0,1017.8,5.0,0.14285714285714285,4.2999999999999545
2013-10-20,28.4,23.0,0.0,69.0,32.0,1016.0,5.399999999999999,0.14285714285714285,-1.7999999999999545
2013-10-21,27.4,22.8,0.1,73.0,65.0,1015.2,4.599999999999998,0.2857142857142857,-0.7999999999999545
2013-10-22,28.4,22.7,0.0,63.0,29.0,1015.6,5.699999999999999,0.14285714285714285,0.39999999999997726
2013-10-23,27.6,21.9,0.0,49.0,9.0,1014.5,5.700000000000003,0.14285714285714285,-1.1000000000000227
2013-10-24,27.9,21.3,0.0,41.0,19.0,1013.1,6.599999999999998,0.14285714285714285,-1.3999999999999773
2013-10-25,27.1,21.6,0.0,39.0,21.0,1015.4,5.5,0.14285714285714285,2.2999999999999545
2013-10-26,25.6,19.4,0.0,50.0,3.0,1018.3,6.200000000000003,0.14285714285714285,2.8999999999999773
2013-10-27,24.7,20.2,0.0,67.0,29.0,1018.7,4.5,0.14285714285714285,0.40000000000009095
2013-10-28,25.7,20.9,0.0,70.0,30.0,1018.7,4.800000000000001,0.0,0.0
2013-10-29,26.3,22.1,0.0,72.0,67.0,1018.6,4.199999999999999,0.0,-0.10000000000002274
2013-10-30,26.5,22.9,0.0,73.0,47.0,1017.2,3.6000000000000014,0.0,-1.3999999999999773
2013-11-01,29.5,22.6,0.0,65.0,57.0,1014.0,6.899999999999999,0.0,-3.2000000000000455
2013-11-03,27.6,23.5,0.4,71.0,88.0,1012.8,4.100000000000001,0.14285714285714285,-1.2000000000000455
2013-11-04,24.3,21.5,12.2,87.0,89.0,1017.6,2.8000000000000007,0.2857142857142857,4.800000000000068
2013-11-05,24.2,20.9,3.6,88.0,91.0,1019.0,3.3000000000000007,0.42857142857142855,1.3999999999999773
2013-11-07,26.7,23.0,0.0,80.0,70.0,1017.6,3.6999999999999993,0.42857142857142855,-1.3999999999999773
2013-11-10,26.4,23.7,7.6,84.0,88.0,1014.7,2.6999999999999993,0.5714285714285714,-2.8999999999999773
2013-11-12,23.1,21.1,33.4,95.0,88.0,1013.2,2.0,0.7142857142857143,-1.5
2013-11-13,21.3,19.7,3.9,91.0,88.0,1014.2,1.6000000000000014,0.8571428571428571,1.0
2013-11-15,24.7,18.8,0.0,72.0,35.0,1018.4,5.899999999999999,0.7142857142857143,4.199999999999932
2013-11-16,23.9,19.2,0.0,68.0,31.0,1018.2,4.699999999999999,0.5714285714285714,-0.1999999999999318
2013-11-17,23.8,18.8,0.0,58.0,54.0,1018.6,5.0,0.42857142857142855,0.39999999999997726
2013-11-18,23.6,18.5,0.0,53.0,31.0,1020.6,5.100000000000001,0.42857142857142855,2.0
2013-11-19,21.3,18.7,0.0,64.0,81.0,1021.1,2.6000000000000014,0.2857142857142857,0.5
2013-11-21,22.6,17.6,0.5,66.0,81.0,1018.5,5.0,0.2857142857142857,-2.6000000000000227
2013-11-22,22.8,19.5,0.7,78.0,82.0,1018.7,3.3000000000000007,0.2857142857142857,0.20000000000004547
2013-11-24,25.8,20.4,15.2,82.0,76.0,1014.3,5.400000000000002,0.42857142857142855,-4.400000000000091
2013-11-25,22.3,16.7,0.0,54.0,28.0,1015.0,5.600000000000001,0.42857142857142855,0.7000000000000455
2013-11-26,21.3,17.7,0.0,71.0,59.0,1016.9,3.6000000000000014,0.42857142857142855,1.8999999999999773
2013-11-27,23.2,16.0,0.5,78.0,73.0,1018.1,7.199999999999999,0.5714285714285714,1.2000000000000455
2013-11-28,17.8,12.8,5.1,68.0,68.0,1023.5,5.0,0.7142857142857143,5.399999999999977
2013-11-29,17.2,12.9,0.0,40.0,14.0,1024.2,4.299999999999999,0.5714285714285714,0.7000000000000455
2013-11-30,19.2,13.1,0.0,54.0,18.0,1021.8,6.1,0.42857142857142855,-2.400000000000091
2013-12-01,20.7,14.3,0.0,50.0,4.0,1021.8,6.399999999999999,0.2857142857142857,0.0
2013-12-02,21.4,14.6,0.0,52.0,10.0,1020.4,6.799999999999999,0.2857142857142857,-1.3999999999999773
2013-12-03,21.5,17.3,0.0,66.0,31.0,1019.2,4.199999999999999,0.2857142857142857,-1.1999999999999318
2013-12-04,22.8,16.2,0.0,52.0,6.0,1018.2,6.600000000000001,0.14285714285714285,-1.0
2013-12-05,21.4,15.8,0.0,50.0,5.0,1017.9,5.599999999999998,0.0,-0.3000000000000682
2013-12-06,21.4,15.7,0.0,47.0,0.0,1016.9,5.699999999999999,0.0,-1.0
2013-12-07,22.1,16.6,0.0,65.0,5.0,1017.4,5.5,0.0,0.5
2013-12-09,24.9,19.8,0.0,61.0,67.0,1013.6,5.099999999999998,0.0,-3.7999999999999545
2013-12-10,21.7,18.4,0.0,66.0,80.0,1014.5,3.3000000000000007,0.0,0.8999999999999773
2013-12-11,20.6,17.8,0.0,66.0,85.0,1017.0,2.8000000000000007,0.0,2.5
2013-12-14,20.5,17.2,13.0,84.0,92.0,1018.8,3.3000000000000007,0.14285714285714285,1.7999999999999545
2013-12-15,17.6,16.5,22.7,98.0,96.0,1016.7,1.1000000000000014,0.2857142857142857,-2.099999999999909
2013-12-16,17.2,12.2,24.8,96.0,91.0,1015.0,5.0,0.42857142857142855,-1.7000000000000455
2013-12-17,13.1,11.4,27.8,94.0,92.0,1016.4,1.6999999999999993,0.5714285714285714,1.3999999999999773
2013-12-18,13.4,9.2,0.0,71.0,44.0,1019.8,4.200000000000001,0.5714285714285714,3.3999999999999773
2013-12-19,15.0,9.5,0.0,65.0,40.0,1022.0,5.5,0.5714285714285714,2.2000000000000455
2013-12-20,16.4,11.3,0.0,64.0,67.0,1022.9,5.099999999999998,0.5714285714285714,0.8999999999999773
2013-12-21,16.0,13.1,0.0,62.0,74.0,1024.1,2.9000000000000004,0.42857142857142855,1.1999999999999318
2013-12-22,16.0,11.3,0.0,62.0,26.0,1024.3,4.699999999999999,0.2857142857142857,0.20000000000004547
2013-12-23,17.9,11.3,0.0,58.0,13.0,1022.5,6.599999999999998,0.14285714285714285,-1.7999999999999545
2013-12-24,17.9,12.2,0.0,60.0,25.0,1023.1,5.699999999999999,0.0,0.6000000000000227
2013-12-25,17.6,13.4,0.0,57.0,46.0,1021.5,4.200000000000001,0.0,-1.6000000000000227
2013-12-26,17.3,12.5,0.0,45.0,1.0,1021.1,4.800000000000001,0.0,-0.39999999999997726
2013-12-27,15.5,11.3,0.0,43.0,0.0,1023.5,4.199999999999999,0.0,2.3999999999999773
2013-12-28,14.6,9.9,0.0,47.0,0.0,1022.9,4.699999999999999,0.0,-0.6000000000000227
2013-12-29,15.3,9.3,0.0,51.0,0.0,1023.0,6.0,0.0,0.10000000000002274
2013-12-30,16.3,10.7,0.0,50.0,4.0,1022.5,5.600000000000001,0.0,-0.5
2013-12-31,18.1,12.5,0.0,49.0,0.0,1021.1,5.600000000000001,0.0,-1.3999999999999773
2014-01-01,18.9,13.0,0.0,54.0,0.0,1019.3,5.899999999999999,0.0,-1.8000000000000682
2014-01-02,19.3,14.4,0.0,73.0,49.0,1016.8,4.9,0.0,-2.5
2014-01-03,22.5,17.2,0.0,65.0,28.0,1015.7,5.300000000000001,0.0,-1.099999999999909
2014-01-04,21.8,16.8,0.0,51.0,0.0,1017.8,5.0,0.0,2.099999999999909
2014-01-05,18.7,14.5,0.0,60.0,2.0,1018.8,4.199999999999999,0.0,1.0
2014-01-06,18.5,14.8,0.0,72.0,26.0,1018.0,3.6999999999999993,0.0,-0.7999999999999545
2014-01-09,16.6,14.3,0.0,68.0,83.0,1022.9,2.3000000000000007,0.0,4.899999999999977
2014-01-11,18.8,14.1,0.0,78.0,32.0,1023.7,4.700000000000001,0.0,0.8000000000000682
2014-01-12,21.5,15.1,0.0,73.0,29.0,1023.3,6.4,0.0,-0.40000000000009095
2014-01-13,16.2,11.8,0.0,67.0,50.0,1023.6,4.399999999999999,0.0,0.3000000000000682
2014-01-14,16.8,10.6,0.0,65.0,39.0,1023.6,6.200000000000001,0.0,0.0
2014-01-15,16.1,11.2,0.0,62.0,27.0,1025.6,4.900000000000002,0.0,1.9999999999998863
2014-01-16,16.7,11.8,0.0,68.0,28.0,1024.3,4.899999999999999,0.0,-1.2999999999999545
2014-01-17,18.9,12.7,0.0,75.0,15.0,1023.3,6.199999999999999,0.0,-1.0
2014-01-18,19.7,13.5,0.0,48.0,0.0,1026.1,6.199999999999999,0.0,2.7999999999999545
2014-01-19,16.7,13.2,0.0,69.0,22.0,1026.0,3.5,0.0,-0.09999999999990905
2014-01-20,20.5,13.4,0.0,51.0,10.0,1023.7,7.1,0.0,-2.2999999999999545
2014-01-21,17.6,12.9,0.0,33.0,0.0,1024.5,4.700000000000001,0.0,0.7999999999999545
2014-01-22,17.0,10.3,0.0,43.0,0.0,1025.2,6.699999999999999,0.0,0.7000000000000455
2014-01-23,15.8,11.6,0.0,70.0,12.0,1023.2,4.200000000000001,0.0,-2.0
2014-01-24,18.5,12.9,0.0,78.0,46.0,1018.8,5.6,0.0,-4.400000000000091
2014-01-25,21.4,16.5,0.0,78.0,83.0,1017.7,4.899999999999999,0.0,-1.099999999999909
2014-01-26,24.4,16.3,0.0,76.0,74.0,1019.4,8.099999999999998,0.0,1.6999999999999318
2014-01-27,18.9,15.0,0.0,74.0,30.0,1021.3,3.8999999999999986,0.0,1.8999999999999773
2014-01-28,20.3,14.8,0.0,75.0,21.0,1020.4,5.5,0.0,-0.8999999999999773
2014-01-29,21.2,15.6,0.0,72.0,2.0,1019.9,5.6,0.0,-0.5
2014-01-30,22.9,15.9,0.0,75.0,5.0,1019.3,6.999999999999998,0.0,-0.6000000000000227
2014-01-31,22.8,16.4,0.0,77.0,16.0,1018.4,6.400000000000002,0.0,-0.8999999999999773
2014-02-01,22.2,18.3,0.0,83.0,34.0,1015.4,3.8999999999999986,0.0,-3.0
2014-02-02,23.8,17.5,0.0,76.0,16.0,1011.6,6.300000000000001,0.0,-3.7999999999999545
2014-02-03,24.6,17.4,0.0,71.0,3.0,1010.0,7.200000000000003,0.0,-1.6000000000000227
2014-02-08,18.0,16.0,0.3,90.0,88.0,1011.4,2.0,0.14285714285714285,1.3999999999999773
2014-02-09,16.7,10.4,13.1,95.0,93.0,1012.3,6.299999999999999,0.2857142857142857,0.8999999999999773
2014-02-10,10.5,8.3,0.3,77.0,88.0,1019.1,2.1999999999999993,0.42857142857142855,6.800000000000068
2014-02-12,10.5,7.3,0.4,85.0,96.0,1018.8,3.2,0.5714285714285714,-0.3000000000000682
2014-02-13,9.8,8.0,21.4,91.0,96.0,1021.3,1.8000000000000007,0.7142857142857143,2.5
2014-02-14,14.6,8.2,0.0,67.0,64.0,1022.1,6.4,0.7142857142857143,0.8000000000000682
2014-02-17,20.9,15.3,0.0,95.0,90.0,1018.1,5.599999999999998,0.7142857142857143,-4.0
2014-02-19,12.4,7.9,3.8,75.0,84.0,1021.5,4.5,0.7142857142857143,3.3999999999999773
2014-02-20,17.3,8.2,0.0,62.0,5.0,1024.8,9.100000000000001,0.5714285714285714,3.2999999999999545
2014-02-21,15.2,12.3,0.0,75.0,74.0,1024.5,2.8999999999999986,0.42857142857142855,-0.2999999999999545
2014-02-22,17.1,12.6,0.2,77.0,85.0,1023.0,4.500000000000002,0.42857142857142855,-1.5
2014-02-23,19.2,14.4,0.0,78.0,52.0,1022.7,4.799999999999999,0.2857142857142857,-0.2999999999999545
2014-02-25,20.9,17.3,0.0,85.0,83.0,1018.6,3.599999999999998,0.2857142857142857,-4.100000000000023
2014-03-01,22.1,18.4,0.0,89.0,86.0,1014.6,3.700000000000003,0.2857142857142857,-4.0
2014-03-02,21.7,16.0,0.6,91.0,90.0,1014.6,5.699999999999999,0.2857142857142857,0.0
2014-03-04,18.2,15.4,0.1,91.0,94.0,1017.5,2.799999999999999,0.42857142857142855,2.8999999999999773
2014-03-05,17.6,15.9,0.1,86.0,89.0,1018.7,1.700000000000001,0.5714285714285714,1.2000000000000455
2014-03-07,15.1,14.1,0.1,88.0,89.0,1020.3,1.0,0.5714285714285714,1.599999999999909
2014-03-08,16.2,14.2,0.9,94.0,94.0,1018.8,2.0,0.7142857142857143,-1.5
2014-03-11,15.9,14.1,0.3,86.0,88.0,1020.2,1.8000000000000007,0.8571428571428571,1.400000000000091
2014-03-12,19.5,15.4,0.1,96.0,93.0,1014.7,4.1,1.0,-5.5
2014-03-13,22.2,19.0,0.3,77.0,85.0,1016.2,3.1999999999999993,1.0,1.5
2014-03-14,19.9,14.7,0.4,73.0,84.0,1022.2,5.199999999999999,1.0,6.0
2014-03-16,19.9,16.3,0.0,70.0,82.0,1021.0,3.599999999999998,0.8571428571428571,-1.2000000000000455
2014-03-18,25.0,19.9,0.0,89.0,85.0,1016.0,5.100000000000001,0.7142857142857143,-5.0
2014-03-19,26.8,20.4,0.0,86.0,48.0,1013.6,6.400000000000002,0.5714285714285714,-2.3999999999999773
2014-03-20,25.2,18.7,0.0,81.0,31.0,1014.2,6.5,0.42857142857142855,0.6000000000000227
2014-03-22,20.8,15.2,0.0,67.0,53.0,1021.0,5.600000000000001,0.2857142857142857,6.7999999999999545
2014-03-23,22.0,15.9,0.0,70.0,42.0,1022.0,6.1,0.14285714285714285,1.0
2014-03-24,23.1,16.6,0.0,72.0,45.0,1019.4,6.5,0.0,-2.6000000000000227
2014-03-25,26.5,18.9,0.0,73.0,37.0,1015.5,7.600000000000001,0.0,-3.8999999999999773
2014-03-27,27.6,20.6,0.0,82.0,53.0,1012.7,7.0,0.0,-2.7999999999999545
2014-03-29,23.5,20.7,19.0,94.0,87.0,1011.4,2.8000000000000007,0.14285714285714285,-1.3000000000000682
2014-03-30,26.0,19.1,103.1,91.0,90.0,1010.4,6.899999999999999,0.2857142857142857,-1.0
2014-03-31,21.2,18.9,82.6,98.0,93.0,1009.7,2.3000000000000007,0.42857142857142855,-0.6999999999999318
2014-04-01,20.9,19.5,8.0,98.0,89.0,1010.9,1.3999999999999986,0.5714285714285714,1.1999999999999318
2014-04-02,20.3,18.6,24.4,97.0,88.0,1011.9,1.6999999999999993,0.7142857142857143,1.0
2014-04-03,20.7,18.5,42.3,97.0,89.0,1013.5,2.1999999999999993,0.8571428571428571,1.6000000000000227
2014-04-04,22.9,19.2,0.0,82.0,60.0,1016.5,3.6999999999999993,0.8571428571428571,3.0
2014-04-05,24.7,18.2,0.0,73.0,34.0,1016.5,6.5,0.7142857142857143,0.0
2014-04-06,21.0,17.5,9.3,89.0,90.0,1017.0,3.5,0.7142857142857143,0.5
2014-04-08,21.2,18.8,27.5,95.0,80.0,1014.6,2.3999999999999986,0.7142857142857143,-2.3999999999999773
2014-04-12,27.8,21.8,0.0,82.0,49.0,1012.3,6.0,0.5714285714285714,-2.300000000000068
2014-04-13,28.7,22.1,0.0,84.0,24.0,1012.1,6.599999999999998,0.42857142857142855,-0.1999999999999318
2014-04-14,24.5,21.7,0.4,84.0,57.0,1014.7,2.8000000000000007,0.42857142857142855,2.6000000000000227
2014-04-15,24.4,20.5,0.0,78.0,75.0,1015.9,3.8999999999999986,0.42857142857142855,1.1999999999999318
2014-04-16,23.6,21.0,0.0,84.0,88.0,1013.3,2.6000000000000014,0.42857142857142855,-2.6000000000000227
2014-04-17,27.5,22.1,0.0,86.0,55.0,1012.0,5.399999999999999,0.2857142857142857,-1.2999999999999545
2014-04-18,28.6,22.4,0.0,84.0,32.0,1012.2,6.200000000000003,0.14285714285714285,0.20000000000004547
2014-04-19,27.8,23.1,0.0,85.0,46.0,1011.7,4.699999999999999,0.14285714285714285,-0.5
2014-04-20,28.1,23.5,0.0,82.0,72.0,1011.1,4.600000000000001,0.14285714285714285,-0.6000000000000227
2014-04-21,24.9,22.9,0.6,91.0,86.0,1012.6,2.0,0.14285714285714285,1.5
2014-04-23,24.9,21.4,13.3,96.0,93.0,1012.3,3.5,0.2857142857142857,-0.3000000000000682
2014-04-24,22.3,21.3,1.5,95.0,90.0,1011.7,1.0,0.42857142857142855,-0.599999999999909
2014-04-25,23.7,21.6,1.7,95.0,92.0,1012.2,2.099999999999998,0.5714285714285714,0.5
2014-04-26,24.9,22.0,2.7,90.0,84.0,1012.9,2.8999999999999986,0.7142857142857143,0.6999999999999318
2014-04-27,29.0,22.1,0.0,73.0,63.0,1013.3,6.899999999999999,0.7142857142857143,0.39999999999997726
2014-04-28,28.6,23.6,0.0,68.0,69.0,1013.5,5.0,0.7142857142857143,0.20000000000004547
2014-04-29,25.7,22.9,0.0,81.0,79.0,1013.1,2.8000000000000007,0.5714285714285714,-0.39999999999997726
2014-04-30,25.0,22.3,0.7,85.0,85.0,1011.7,2.6999999999999993,0.5714285714285714,-1.3999999999999773
2014-05-01,25.3,21.0,2.8,87.0,88.0,1012.6,4.300000000000001,0.5714285714285714,0.8999999999999773
2014-05-03,26.8,23.1,0.2,76.0,81.0,1014.5,3.6999999999999993,0.5714285714285714,1.8999999999999773
2014-05-04,23.8,21.5,7.3,95.0,88.0,1012.0,2.3000000000000007,0.5714285714285714,-2.5
2014-05-05,23.8,20.2,26.6,91.0,84.0,1014.3,3.6000000000000014,0.7142857142857143,2.2999999999999545
2014-05-06,20.4,18.8,1.0,89.0,88.0,1016.4,1.5999999999999979,0.8571428571428571,2.1000000000000227
2014-05-07,21.2,19.8,3.2,94.0,94.0,1013.6,1.3999999999999986,1.0,-2.7999999999999545
2014-05-08,23.2,21.2,106.3,97.0,98.0,1010.7,2.0,1.0,-2.8999999999999773
2014-05-09,22.2,20.9,89.1,99.0,98.0,1009.1,1.3000000000000007,1.0,-1.6000000000000227
2014-05-10,25.6,21.5,12.5,95.0,87.0,1008.2,4.100000000000001,1.0,-0.8999999999999773
2014-05-11,26.6,22.3,164.5,95.0,92.0,1007.7,4.300000000000001,1.0,-0.5
2014-05-12,29.4,23.4,40.9,92.0,87.0,1008.5,6.0,1.0,0.7999999999999545
2014-05-13,29.1,24.8,57.5,89.0,84.0,1007.0,4.300000000000001,1.0,-1.5
2014-05-14,30.9,27.5,2.0,82.0,79.0,1005.2,3.3999999999999986,1.0,-1.7999999999999545
2014-05-15,30.8,27.3,2.8,83.0,79.0,1005.1,3.5,1.0,-0.10000000000002274
2014-05-16,30.4,26.9,18.8,90.0,82.0,1007.6,3.5,1.0,2.5
2014-05-17,30.2,26.5,10.7,88.0,86.0,1008.8,3.6999999999999993,1.0,1.1999999999999318
2014-05-18,30.4,27.5,1.2,82.0,84.0,1008.9,2.8999999999999986,1.0,0.10000000000002274
2014-05-19,32.0,25.8,0.7,81.0,82.0,1008.9,6.199999999999999,1.0,0.0
2014-05-20,29.8,23.1,53.2,88.0,89.0,1007.8,6.699999999999999,1.0,-1.1000000000000227
2014-05-21,30.6,23.9,47.1,88.0,86.0,1006.9,6.700000000000003,1.0,-0.8999999999999773
2014-05-23,28.9,25.4,33.1,90.0,87.0,1008.6,3.5,1.0,1.7000000000000455
2014-05-24,31.5,25.9,0.0,87.0,77.0,1011.4,5.600000000000001,0.8571428571428571,2.7999999999999545
2014-05-25,32.6,26.7,3.6,78.0,71.0,1011.5,5.900000000000002,0.8571428571428571,0.10000000000002274
2014-05-27,32.7,27.8,0.0,78.0,66.0,1007.9,4.900000000000002,0.7142857142857143,-3.6000000000000227
2014-05-28,32.1,27.6,0.0,77.0,57.0,1007.4,4.5,0.5714285714285714,-0.5
2014-05-30,32.0,27.9,2.2,76.0,67.0,1007.4,4.100000000000001,0.5714285714285714,0.0
2014-06-01,33.2,28.1,3.7,77.0,60.0,1007.5,5.100000000000001,0.5714285714285714,0.10000000000002274
2014-06-02,32.7,28.4,0.0,74.0,67.0,1005.5,4.300000000000004,0.42857142857142855,-2.0
2014-06-04,32.5,28.3,0.0,75.0,56.0,1004.3,4.199999999999999,0.42857142857142855,-1.2000000000000455
2014-06-05,32.0,28.4,0.2,79.0,80.0,1003.6,3.6000000000000014,0.42857142857142855,-0.6999999999999318
2014-06-06,30.1,26.6,17.2,81.0,88.0,1003.1,3.5,0.5714285714285714,-0.5
2014-06-07,30.0,25.2,7.6,84.0,87.0,1002.3,4.800000000000001,0.7142857142857143,-0.8000000000000682
2014-06-08,31.5,26.2,57.6,82.0,75.0,1001.2,5.300000000000001,0.7142857142857143,-1.099999999999909
2014-06-12,32.3,26.9,0.0,68.0,59.0,1002.1,5.399999999999999,0.5714285714285714,0.8999999999999773
2014-06-13,31.9,26.3,0.0,58.0,46.0,1002.6,5.599999999999998,0.5714285714285714,0.5
2014-06-15,30.8,25.3,9.9,80.0,87.0,1001.9,5.5,0.7142857142857143,-0.7000000000000455
2014-06-16,31.9,26.6,3.8,81.0,88.0,1002.5,5.299999999999997,0.7142857142857143,0.6000000000000227
2014-06-17,31.9,29.2,1.1,79.0,87.0,1004.7,2.6999999999999993,0.7142857142857143,2.2000000000000455
2014-06-18,32.5,27.7,6.0,79.0,80.0,1004.6,4.800000000000001,0.7142857142857143,-0.10000000000002274
2014-06-19,32.6,27.5,10.5,83.0,83.0,1003.4,5.100000000000001,0.7142857142857143,-1.2000000000000455
2014-06-20,30.5,26.2,29.2,85.0,87.0,1002.7,4.300000000000001,0.8571428571428571,-0.6999999999999318
2014-06-21,30.2,25.3,47.6,88.0,87.0,1003.2,4.899999999999999,1.0,0.5
2014-06-22,28.1,25.2,114.9,94.0,86.0,1004.1,2.900000000000002,1.0,0.8999999999999773
2014-06-23,29.5,26.5,41.5,89.0,84.0,1004.1,3.0,1.0,0.0
2014-06-24,30.3,26.1,45.9,91.0,85.0,1004.3,4.199999999999999,1.0,0.1999999999999318
2014-06-25,29.9,26.1,18.5,92.0,83.0,1005.7,3.799999999999997,1.0,1.400000000000091
2014-06-26,33.2,27.5,0.1,78.0,73.0,1006.5,5.700000000000003,1.0,0.7999999999999545
2014-06-27,33.7,28.4,0.0,78.0,69.0,1005.6,5.300000000000004,0.8571428571428571,-0.8999999999999773
2014-06-28,33.1,28.5,0.0,78.0,59.0,1004.3,4.600000000000001,0.7142857142857143,-1.3000000000000682
2014-06-29,32.2,26.7,20.4,84.0,74.0,1005.0,5.5000000000000036,0.7142857142857143,0.7000000000000455
2014-06-30,32.5,27.1,0.9,85.0,80.0,1007.4,5.399999999999999,0.7142857142857143,2.3999999999999773
2014-07-01,31.6,26.3,13.9,88.0,82.0,1008.8,5.300000000000001,0.7142857142857143,1.3999999999999773
2014-07-03,33.1,29.1,0.1,77.0,72.0,1004.4,4.0,0.7142857142857143,-4.399999999999977
2014-07-04,33.8,29.3,0.0,76.0,57.0,1004.0,4.4999999999999964,0.5714285714285714,-0.39999999999997726
2014-07-05,33.8,28.9,1.5,76.0,68.0,1004.5,4.899999999999999,0.7142857142857143,0.5
2014-07-06,32.9,27.9,14.8,79.0,82.0,1004.1,5.0,0.8571428571428571,-0.39999999999997726
2014-07-07,30.3,26.9,5.5,84.0,88.0,1001.9,3.400000000000002,0.8571428571428571,-2.2000000000000455
2014-07-08,33.5,28.4,0.0,78.0,85.0,1000.3,5.100000000000001,0.7142857142857143,-1.6000000000000227
2014-07-10,32.7,27.4,16.9,80.0,77.0,1003.9,5.300000000000004,0.7142857142857143,3.6000000000000227
2014-07-11,32.2,26.8,23.3,82.0,76.0,1005.2,5.400000000000002,0.7142857142857143,1.3000000000000682
2014-07-12,33.6,28.3,5.8,81.0,65.0,1006.7,5.300000000000001,0.8571428571428571,1.5
2014-07-13,33.1,28.5,2.9,80.0,70.0,1008.5,4.600000000000001,0.8571428571428571,1.7999999999999545
2014-07-14,32.3,27.0,22.6,80.0,74.0,1009.6,5.299999999999997,0.8571428571428571,1.1000000000000227
2014-07-15,33.8,28.8,0.2,75.0,77.0,1009.8,4.9999999999999964,0.8571428571428571,0.1999999999999318
2014-07-17,32.1,26.7,34.5,81.0,79.0,1004.7,5.400000000000002,1.0,-5.099999999999909
2014-07-18,29.0,26.3,19.5,88.0,88.0,1003.9,2.6999999999999993,1.0,-0.8000000000000682
2014-07-19,31.7,26.9,6.5,86.0,85.0,1007.3,4.800000000000001,1.0,3.3999999999999773
2014-07-20,32.2,26.4,11.1,85.0,81.0,1008.1,5.800000000000004,1.0,0.8000000000000682
2014-07-21,32.7,27.8,0.0,75.0,73.0,1005.5,4.900000000000002,0.8571428571428571,-2.6000000000000227
2014-07-22,33.2,26.2,35.7,79.0,53.0,1002.6,7.0000000000000036,0.8571428571428571,-2.8999999999999773
2014-07-23,32.9,29.2,0.0,79.0,60.0,999.7,3.6999999999999993,0.7142857142857143,-2.8999999999999773
2014-07-24,31.0,27.9,7.3,83.0,88.0,1001.4,3.1000000000000014,0.7142857142857143,1.6999999999999318
2014-07-25,33.5,27.3,6.2,77.0,82.0,1005.7,6.199999999999999,0.7142857142857143,4.300000000000068
2014-07-26,30.3,26.0,6.7,87.0,87.0,1008.8,4.300000000000001,0.7142857142857143,3.099999999999909
2014-07-27,30.6,25.9,25.5,90.0,75.0,1008.8,4.700000000000003,0.7142857142857143,0.0
2014-07-28,33.2,27.2,0.0,77.0,40.0,1006.3,6.0000000000000036,0.7142857142857143,-2.5
2014-07-29,34.2,27.5,0.0,76.0,52.0,1005.3,6.700000000000003,0.5714285714285714,-1.0
2014-07-30,33.6,28.1,0.0,78.0,34.0,1005.1,5.5,0.5714285714285714,-0.1999999999999318
2014-07-31,33.6,28.7,0.0,75.0,16.0,1003.0,4.900000000000002,0.42857142857142855,-2.1000000000000227
2014-08-01,34.6,25.9,5.9,78.0,39.0,1001.0,8.700000000000003,0.42857142857142855,-2.0
2014-08-02,32.8,26.1,10.7,79.0,47.0,1001.4,6.699999999999996,0.42857142857142855,0.39999999999997726
2014-08-03,32.3,26.1,39.3,82.0,60.0,1001.9,6.199999999999996,0.42857142857142855,0.5
2014-08-04,32.7,27.2,12.0,81.0,72.0,1002.4,5.5000000000000036,0.5714285714285714,0.5
2014-08-05,30.7,27.3,21.1,86.0,73.0,1003.4,3.3999999999999986,0.7142857142857143,1.0
2014-08-06,31.1,26.1,36.5,87.0,83.0,1003.6,5.0,0.8571428571428571,0.20000000000004547
2014-08-07,31.0,26.7,14.5,85.0,87.0,1003.3,4.300000000000001,1.0,-0.3000000000000682
2014-08-08,32.3,28.1,0.0,78.0,57.0,1003.0,4.199999999999996,0.8571428571428571,-0.2999999999999545
2014-08-09,32.0,28.8,0.0,77.0,72.0,1004.4,3.1999999999999993,0.7142857142857143,1.3999999999999773
2014-08-10,32.4,27.5,5.1,78.0,74.0,1004.7,4.899999999999999,0.7142857142857143,0.3000000000000682
2014-08-12,31.9,25.2,102.9,85.0,88.0,1002.1,6.699999999999999,0.7142857142857143,-2.6000000000000227
2014-08-13,28.8,24.3,166.1,96.0,93.0,1003.5,4.5,0.7142857142857143,1.3999999999999773
2014-08-14,30.7,25.4,0.5,85.0,79.0,1008.0,5.300000000000001,0.7142857142857143,4.5
2014-08-15,32.4,26.7,0.0,78.0,53.0,1010.1,5.699999999999999,0.5714285714285714,2.1000000000000227
2014-08-16,31.9,27.9,0.0,79.0,65.0,1008.6,4.0,0.5714285714285714,-1.5
2014-08-17,31.9,27.3,0.0,78.0,49.0,1007.3,4.599999999999998,0.5714285714285714,-1.3000000000000682
2014-08-18,32.4,27.7,0.0,76.0,76.0,1008.2,4.699999999999999,0.42857142857142855,0.900000000000091
2014-08-19,31.3,24.6,42.1,86.0,93.0,1008.7,6.699999999999999,0.42857142857142855,0.5
2014-08-20,26.5,22.9,88.8,95.0,88.0,1010.4,3.6000000000000014,0.42857142857142855,1.6999999999999318
2014-08-21,30.7,23.9,0.1,86.0,68.0,1010.7,6.800000000000001,0.42857142857142855,0.3000000000000682
2014-08-22,31.9,26.6,0.0,81.0,61.0,1010.6,5.299999999999997,0.42857142857142855,-0.10000000000002274
2014-08-24,33.2,26.9,0.0,76.0,40.0,1009.7,6.300000000000004,0.42857142857142855,-0.8999999999999773
2014-08-25,34.1,27.3,0.0,77.0,40.0,1010.1,6.800000000000001,0.42857142857142855,0.39999999999997726
2014-08-26,34.2,27.9,0.0,76.0,40.0,1010.6,6.300000000000004,0.42857142857142855,0.5
2014-08-27,31.7,28.2,0.7,78.0,77.0,1010.1,3.5,0.42857142857142855,-0.5
2014-08-28,32.1,28.1,0.3,81.0,79.0,1012.1,4.0,0.42857142857142855,2.0
2014-08-29,34.1,27.5,0.0,75.0,53.0,1012.5,6.600000000000001,0.2857142857142857,0.39999999999997726
2014-08-30,34.0,27.8,0.0,75.0,60.0,1011.1,6.199999999999999,0.2857142857142857,-1.3999999999999773
2014-08-31,31.2,28.2,1.6,83.0,84.0,1009.7,3.0,0.42857142857142855,-1.3999999999999773
2014-09-01,32.7,27.1,2.2,80.0,57.0,1010.5,5.600000000000001,0.5714285714285714,0.7999999999999545
2014-09-02,32.2,27.4,0.0,75.0,36.0,1010.8,4.800000000000004,0.5714285714285714,0.2999999999999545
2014-09-03,32.8,27.6,0.0,75.0,33.0,1009.3,5.199999999999996,0.42857142857142855,-1.5
2014-09-04,31.6,27.4,6.7,77.0,51.0,1006.9,4.200000000000003,0.42857142857142855,-2.3999999999999773
2014-09-07,32.9,28.3,0.6,79.0,79.0,1007.5,4.599999999999998,0.5714285714285714,0.6000000000000227
2014-09-08,31.0,27.5,3.0,83.0,86.0,1007.0,3.5,0.7142857142857143,-0.5
2014-09-09,32.5,28.0,0.0,76.0,52.0,1007.9,4.5,0.5714285714285714,0.8999999999999773
2014-09-12,31.6,26.1,32.1,88.0,86.0,1006.3,5.5,0.5714285714285714,-1.6000000000000227
2014-09-13,32.1,26.9,6.2,85.0,65.0,1006.0,5.200000000000003,0.7142857142857143,-0.2999999999999545
2014-09-14,33.4,27.6,0.5,80.0,46.0,1006.1,5.799999999999997,0.8571428571428571,0.10000000000002274
2014-09-15,33.2,26.4,17.6,79.0,75.0,1001.8,6.800000000000004,0.8571428571428571,-4.300000000000068
2014-09-16,28.8,26.2,51.6,89.0,87.0,1003.6,2.6000000000000014,0.8571428571428571,1.8000000000000682
2014-09-17,30.5,26.6,7.7,88.0,85.0,1011.2,3.8999999999999986,0.8571428571428571,7.600000000000023
2014-09-19,32.2,27.4,0.3,77.0,35.0,1006.8,4.800000000000004,1.0,-4.400000000000091
2014-09-20,33.0,26.7,0.0,66.0,63.0,1004.0,6.300000000000001,0.8571428571428571,-2.7999999999999545
2014-09-21,29.9,25.7,0.0,66.0,71.0,1005.3,4.199999999999999,0.7142857142857143,1.2999999999999545
2014-09-23,30.1,25.6,0.0,72.0,47.0,1008.6,4.5,0.5714285714285714,3.300000000000068
2014-09-25,31.2,26.8,0.0,76.0,53.0,1012.1,4.399999999999999,0.42857142857142855,3.5
2014-09-26,31.4,27.2,0.7,77.0,61.0,1012.5,4.199999999999999,0.42857142857142855,0.39999999999997726
2014-09-27,31.7,27.0,0.0,77.0,30.0,1013.0,4.699999999999999,0.2857142857142857,0.5
2014-09-28,32.8,26.7,0.0,75.0,28.0,1012.2,6.099999999999998,0.14285714285714285,-0.7999999999999545
2014-09-29,32.4,27.2,0.0,73.0,29.0,1011.4,5.199999999999999,0.14285714285714285,-0.8000000000000682
2014-09-30,33.6,27.1,11.4,78.0,43.0,1011.1,6.5,0.2857142857142857,-0.2999999999999545
2014-10-01,31.4,25.2,26.7,83.0,79.0,1012.2,6.199999999999999,0.42857142857142855,1.1000000000000227
2014-10-03,30.0,25.2,23.7,86.0,75.0,1009.4,4.800000000000001,0.5714285714285714,-2.800000000000068
2014-10-04,28.9,24.9,2.6,84.0,78.0,1010.9,4.0,0.5714285714285714,1.5
2014-10-05,30.7,25.4,0.1,73.0,47.0,1012.9,5.300000000000001,0.7142857142857143,2.0
2014-10-06,29.8,24.5,0.0,64.0,48.0,1015.1,5.300000000000001,0.7142857142857143,2.2000000000000455
2014-10-08,29.1,23.9,0.0,63.0,30.0,1012.9,5.200000000000003,0.7142857142857143,-2.2000000000000455
2014-10-09,29.2,25.0,0.0,63.0,55.0,1010.8,4.199999999999999,0.5714285714285714,-2.1000000000000227
2014-10-10,30.3,24.2,0.0,59.0,43.0,1010.1,6.100000000000001,0.42857142857142855,-0.6999999999999318
2014-10-11,31.4,25.1,0.0,59.0,26.0,1010.9,6.299999999999997,0.2857142857142857,0.7999999999999545
2014-10-12,30.9,25.0,0.0,56.0,15.0,1013.5,5.899999999999999,0.14285714285714285,2.6000000000000227
2014-10-13,29.9,23.8,0.0,54.0,29.0,1016.2,6.099999999999998,0.0,2.7000000000000455
2014-10-15,28.4,22.8,0.0,68.0,36.0,1017.3,5.599999999999998,0.0,1.099999999999909
2014-10-17,28.0,23.4,0.0,66.0,26.0,1017.5,4.600000000000001,0.0,0.20000000000004547
2014-10-18,28.3,23.1,0.0,70.0,33.0,1016.3,5.199999999999999,0.0,-1.2000000000000455
2014-10-20,29.4,25.0,0.0,77.0,50.0,1015.0,4.399999999999999,0.0,-1.2999999999999545
2014-10-22,30.6,23.4,56.4,69.0,58.0,1015.2,7.200000000000003,0.14285714285714285,0.20000000000004547
2014-10-23,25.7,23.9,0.2,81.0,86.0,1016.2,1.8000000000000007,0.2857142857142857,1.0
2014-10-24,26.0,24.2,0.0,78.0,81.0,1016.3,1.8000000000000007,0.2857142857142857,0.09999999999990905
2014-10-25,26.0,24.1,0.0,79.0,80.0,1016.6,1.8999999999999986,0.2857142857142857,0.3000000000000682
2014-10-26,28.3,24.4,0.1,79.0,88.0,1016.8,3.900000000000002,0.42857142857142855,0.1999999999999318
2014-10-27,28.7,24.4,0.0,77.0,60.0,1016.4,4.300000000000001,0.42857142857142855,-0.39999999999997726
2014-10-30,27.5,24.5,0.0,79.0,55.0,1015.8,3.0,0.42857142857142855,-0.6000000000000227
2014-10-31,28.1,24.3,0.0,79.0,54.0,1014.1,3.8000000000000007,0.2857142857142857,-1.6999999999999318
2014-11-01,28.6,23.9,0.0,79.0,19.0,1013.0,4.700000000000003,0.14285714285714285,-1.1000000000000227
2014-11-05,25.2,23.0,0.0,77.0,83.0,1017.4,2.1999999999999993,0.14285714285714285,4.399999999999977
2014-11-06,26.5,22.7,0.1,82.0,79.0,1017.0,3.8000000000000007,0.2857142857142857,-0.39999999999997726
2014-11-07,24.0,22.1,11.8,90.0,88.0,1017.1,1.8999999999999986,0.2857142857142857,0.10000000000002274
2014-11-08,22.1,19.3,18.0,94.0,88.0,1017.9,2.8000000000000007,0.42857142857142855,0.7999999999999545
2014-11-11,25.0,22.8,0.0,81.0,86.0,1016.6,2.1999999999999993,0.42857142857142855,-1.2999999999999545
2014-11-15,24.1,20.0,0.4,74.0,28.0,1019.7,4.100000000000001,0.5714285714285714,3.1000000000000227
2014-11-16,25.8,20.3,0.0,73.0,24.0,1017.8,5.5,0.5714285714285714,-1.900000000000091
2014-11-17,24.3,19.2,0.0,65.0,19.0,1019.3,5.100000000000001,0.5714285714285714,1.5
2014-11-20,23.4,20.2,0.0,73.0,40.0,1018.4,3.1999999999999993,0.42857142857142855,-0.8999999999999773
2014-11-21,24.5,20.5,0.0,75.0,45.0,1017.0,4.0,0.2857142857142857,-1.3999999999999773
2014-11-22,24.6,20.7,0.0,80.0,40.0,1016.5,3.900000000000002,0.14285714285714285,-0.5
2014-11-23,24.9,21.8,0.0,80.0,43.0,1016.8,3.099999999999998,0.14285714285714285,0.2999999999999545
2014-11-24,25.7,21.6,0.0,77.0,38.0,1015.4,4.099999999999998,0.0,-1.3999999999999773
2014-11-25,26.9,21.9,0.0,80.0,37.0,1013.4,5.0,0.0,-2.0
2014-11-26,24.8,22.5,0.0,80.0,73.0,1013.6,2.3000000000000007,0.0,0.20000000000004547
2014-11-27,23.0,21.4,0.4,83.0,89.0,1015.2,1.6000000000000014,0.14285714285714285,1.6000000000000227
2014-11-29,24.2,23.1,0.2,87.0,88.0,1013.4,1.0999999999999979,0.2857142857142857,-1.8000000000000682
2014-11-30,26.0,22.9,0.2,91.0,86.0,1012.9,3.1000000000000014,0.42857142857142855,-0.5
2014-12-01,23.9,15.5,3.1,78.0,88.0,1016.3,8.399999999999999,0.5714285714285714,3.3999999999999773
2014-12-02,17.6,14.5,4.5,86.0,88.0,1019.5,3.1000000000000014,0.7142857142857143,3.2000000000000455
2014-12-03,19.3,16.7,1.7,86.0,88.0,1017.4,2.6000000000000014,0.8571428571428571,-2.1000000000000227
2014-12-04,18.7,13.5,5.4,80.0,94.0,1020.9,5.199999999999999,1.0,3.5
2014-12-05,16.8,12.9,0.5,65.0,83.0,1022.3,3.9000000000000004,1.0,1.3999999999999773
2014-12-07,18.7,17.0,0.1,68.0,88.0,1019.3,1.6999999999999993,1.0,-3.0
2014-12-08,20.7,15.7,0.1,70.0,73.0,1020.5,5.0,1.0,1.2000000000000455
2014-12-09,20.8,17.6,0.0,70.0,51.0,1021.5,3.1999999999999993,0.8571428571428571,1.0
2014-12-10,21.0,17.9,2.1,78.0,88.0,1019.5,3.1000000000000014,0.8571428571428571,-2.0
2014-12-12,17.7,14.4,0.0,53.0,85.0,1024.2,3.299999999999999,0.7142857142857143,4.7000000000000455
2014-12-13,17.6,12.1,0.0,52.0,41.0,1025.6,5.500000000000002,0.5714285714285714,1.3999999999998636
2014-12-14,18.9,13.3,0.0,62.0,29.0,1023.5,5.599999999999998,0.42857142857142855,-2.099999999999909
2014-12-15,20.1,17.0,0.0,66.0,84.0,1020.9,3.1000000000000014,0.2857142857142857,-2.6000000000000227
2014-12-16,19.0,13.9,0.0,46.0,43.0,1024.6,5.1,0.14285714285714285,3.699999999999932
2014-12-17,15.2,10.8,0.0,29.0,21.0,1027.1,4.399999999999999,0.14285714285714285,2.5
2014-12-18,15.8,11.9,0.1,47.0,80.0,1026.4,3.9000000000000004,0.14285714285714285,-0.6999999999998181
2014-12-19,14.7,10.7,14.3,84.0,90.0,1024.0,4.0,0.2857142857142857,-2.400000000000091
2014-12-20,17.7,10.8,0.2,66.0,39.0,1020.8,6.899999999999999,0.42857142857142855,-3.2000000000000455
2014-12-21,18.8,13.5,0.0,57.0,33.0,1023.2,5.300000000000001,0.42857142857142855,2.400000000000091
2014-12-22,15.5,10.9,0.0,52.0,44.0,1024.3,4.6,0.42857142857142855,1.099999999999909
2014-12-24,21.4,15.8,0.0,73.0,88.0,1021.4,5.599999999999998,0.42857142857142855,-2.8999999999999773
2014-12-25,19.1,15.3,6.7,78.0,94.0,1020.8,3.8000000000000007,0.5714285714285714,-0.6000000000000227
2014-12-26,17.0,15.0,2.2,88.0,100.0,1020.7,2.0,0.5714285714285714,-0.09999999999990905
2014-12-27,17.7,15.3,0.5,82.0,95.0,1021.6,2.3999999999999986,0.5714285714285714,0.8999999999999773
2014-12-28,16.1,12.3,3.2,83.0,72.0,1022.6,3.8000000000000007,0.5714285714285714,1.0
2014-12-29,17.9,11.0,0.0,61.0,10.0,1020.6,6.899999999999999,0.5714285714285714,-2.0
2014-12-30,18.4,12.8,0.0,65.0,9.0,1019.8,5.599999999999998,0.5714285714285714,-0.8000000000000682
2014-12-31,20.4,13.2,0.0,67.0,19.0,1021.7,7.199999999999999,0.5714285714285714,1.900000000000091
2015-01-01,19.2,13.7,0.0,61.0,16.0,1024.5,5.5,0.42857142857142855,2.7999999999999545
2015-01-02,17.1,13.1,0.0,71.0,21.0,1025.0,4.000000000000002,0.2857142857142857,0.5
2015-01-03,17.9,13.2,0.0,65.0,2.0,1022.3,4.699999999999999,0.14285714285714285,-2.7000000000000455
2015-01-04,19.6,15.2,0.0,78.0,56.0,1017.0,4.400000000000002,0.0,-5.2999999999999545
2015-01-05,20.7,18.1,0.0,81.0,88.0,1014.5,2.599999999999998,0.0,-2.5
2015-01-06,23.9,18.2,0.0,84.0,49.0,1014.8,5.699999999999999,0.0,0.2999999999999545
2015-01-07,19.2,16.2,0.1,79.0,70.0,1019.7,3.0,0.14285714285714285,4.900000000000091
2015-01-08,18.0,13.6,0.0,68.0,32.0,1025.1,4.4,0.14285714285714285,5.399999999999864
2015-01-09,17.5,14.1,0.0,70.0,34.0,1025.0,3.4000000000000004,0.14285714285714285,-0.09999999999990905
2015-01-10,19.2,13.9,0.0,67.0,23.0,1023.4,5.299999999999999,0.14285714285714285,-1.6000000000000227
2015-01-12,17.1,12.0,14.9,83.0,89.0,1021.5,5.100000000000001,0.2857142857142857,-1.8999999999999773
2015-01-13,13.9,11.7,25.8,91.0,82.0,1020.9,2.200000000000001,0.42857142857142855,-0.6000000000000227
2015-01-14,17.5,10.3,0.0,65.0,13.0,1022.0,7.199999999999999,0.42857142857142855,1.1000000000000227
2015-01-15,17.6,11.4,0.0,66.0,20.0,1022.7,6.200000000000001,0.2857142857142857,0.7000000000000455
2015-01-16,20.2,14.5,0.0,68.0,29.0,1022.4,5.699999999999999,0.2857142857142857,-0.3000000000000682
2015-01-17,17.7,13.5,0.0,65.0,14.0,1024.1,4.199999999999999,0.2857142857142857,1.6999999999999318
2015-01-18,19.2,13.9,0.0,63.0,28.0,1023.7,5.299999999999999,0.2857142857142857,-0.3999999999998636
2015-01-19,19.3,13.0,0.0,54.0,15.0,1022.4,6.300000000000001,0.14285714285714285,-1.3000000000000682
2015-01-20,18.5,14.2,0.0,67.0,45.0,1021.3,4.300000000000001,0.0,-1.1000000000000227
2015-01-22,20.7,15.3,0.0,48.0,14.0,1021.5,5.399999999999999,0.0,0.20000000000004547
2015-01-23,19.3,14.4,0.0,68.0,31.0,1020.6,4.9,0.0,-0.8999999999999773
2015-01-24,18.5,15.8,0.9,76.0,85.0,1019.1,2.6999999999999993,0.14285714285714285,-1.5
2015-01-26,21.5,16.6,0.0,82.0,51.0,1018.5,4.899999999999999,0.14285714285714285,-0.6000000000000227
2015-01-27,19.8,17.2,0.0,82.0,71.0,1017.9,2.6000000000000014,0.14285714285714285,-0.6000000000000227
2015-01-30,19.6,15.5,0.0,79.0,49.0,1021.9,4.100000000000001,0.14285714285714285,4.0
2015-02-02,19.1,14.7,0.0,77.0,53.0,1025.4,4.400000000000002,0.14285714285714285,3.5000000000001137
2015-02-03,19.8,15.5,0.0,80.0,58.0,1024.6,4.300000000000001,0.14285714285714285,-0.8000000000001819
2015-02-04,17.9,14.2,0.0,80.0,80.0,1023.5,3.6999999999999993,0.14285714285714285,-1.099999999999909
2015-02-06,15.7,11.0,0.3,70.0,88.0,1024.5,4.699999999999999,0.14285714285714285,1.0
2015-02-07,18.4,14.4,0.0,72.0,81.0,1021.7,3.9999999999999982,0.14285714285714285,-2.7999999999999545
2015-02-08,19.5,13.9,0.0,51.0,67.0,1023.2,5.6,0.14285714285714285,1.5
2015-02-09,17.2,13.7,0.0,68.0,34.0,1025.2,3.5,0.14285714285714285,2.0
2015-02-10,17.1,12.8,0.0,70.0,26.0,1022.2,4.300000000000001,0.14285714285714285,-3.0
2015-02-11,18.0,13.6,0.0,70.0,67.0,1018.7,4.4,0.14285714285714285,-3.5
2015-02-12,21.4,14.6,0.0,59.0,49.0,1018.2,6.799999999999999,0.14285714285714285,-0.5
2015-02-13,21.5,14.4,0.0,53.0,49.0,1018.3,7.1,0.0,0.09999999999990905
2015-02-14,20.5,16.8,0.0,53.0,62.0,1016.9,3.6999999999999993,0.0,-1.3999999999999773
2015-02-15,19.8,18.1,3.3,85.0,88.0,1016.2,1.6999999999999993,0.14285714285714285,-0.6999999999999318
2015-02-16,21.6,17.8,0.0,90.0,68.0,1016.5,3.8000000000000007,0.14285714285714285,0.2999999999999545
2015-02-21,21.0,17.6,0.2,90.0,86.0,1015.5,3.3999999999999986,0.2857142857142857,-1.0
2015-02-22,22.0,18.9,15.6,93.0,90.0,1016.1,3.1000000000000014,0.42857142857142855,0.6000000000000227
2015-02-23,19.1,17.9,10.2,95.0,93.0,1015.5,1.2000000000000028,0.5714285714285714,-0.6000000000000227
2015-02-25,20.5,18.9,0.8,95.0,88.0,1014.1,1.6000000000000014,0.7142857142857143,-1.3999999999999773
2015-02-26,23.8,19.5,0.0,91.0,71.0,1014.2,4.300000000000001,0.7142857142857143,0.10000000000002274
2015-02-27,21.5,17.9,1.2,94.0,87.0,1015.8,3.6000000000000014,0.7142857142857143,1.599999999999909
2015-02-28,19.5,17.2,0.4,90.0,89.0,1017.3,2.3000000000000007,0.8571428571428571,1.5
2015-03-03,22.5,17.0,0.2,87.0,89.0,1012.4,5.5,0.8571428571428571,-4.899999999999977
2015-03-04,18.7,16.3,0.2,91.0,92.0,1015.1,2.3999999999999986,0.8571428571428571,2.7000000000000455
2015-03-05,16.6,15.7,4.8,95.0,98.0,1016.6,0.9000000000000021,0.8571428571428571,1.5
2015-03-06,17.4,16.4,0.1,94.0,96.0,1017.0,1.0,0.8571428571428571,0.39999999999997726
2015-03-07,18.4,16.6,0.2,91.0,100.0,1018.0,1.7999999999999972,1.0,1.0
2015-03-11,17.6,15.5,0.3,81.0,92.0,1021.9,2.1000000000000014,1.0,3.8999999999999773
2015-03-12,16.5,14.8,3.7,89.0,92.0,1020.6,1.6999999999999993,1.0,-1.2999999999999545
2015-03-13,18.3,15.8,0.0,76.0,92.0,1019.1,2.5,0.8571428571428571,-1.5
2015-03-15,22.5,19.6,0.0,93.0,92.0,1016.5,2.8999999999999986,0.7142857142857143,-2.6000000000000227
2015-03-17,24.6,20.7,0.0,92.0,86.0,1013.0,3.900000000000002,0.5714285714285714,-3.5
2015-03-18,26.0,21.0,0.0,91.0,86.0,1011.6,5.0,0.42857142857142855,-1.3999999999999773
2015-03-19,26.4,22.3,0.0,89.0,68.0,1013.1,4.099999999999998,0.2857142857142857,1.5
2015-03-20,28.3,22.1,0.0,86.0,39.0,1015.3,6.199999999999999,0.14285714285714285,2.199999999999932
2015-03-21,25.5,21.0,0.0,85.0,65.0,1016.7,4.5,0.0,1.400000000000091
2015-03-22,22.3,19.9,0.1,81.0,85.0,1017.9,2.400000000000002,0.14285714285714285,1.1999999999999318
2015-03-24,22.3,18.4,0.0,75.0,86.0,1022.5,3.900000000000002,0.14285714285714285,4.600000000000023
2015-03-26,20.5,17.4,4.2,80.0,88.0,1024.2,3.1000000000000014,0.2857142857142857,1.7000000000000455
2015-03-27,23.7,17.9,14.6,88.0,86.0,1021.6,5.800000000000001,0.42857142857142855,-2.6000000000000227
2015-03-28,24.8,19.7,0.0,81.0,46.0,1018.4,5.100000000000001,0.42857142857142855,-3.2000000000000455
2015-03-29,26.7,20.1,0.0,80.0,68.0,1016.2,6.599999999999998,0.42857142857142855,-2.199999999999932
2015-03-30,25.2,21.5,0.0,87.0,84.0,1014.9,3.6999999999999993,0.42857142857142855,-1.3000000000000682
2015-04-01,27.2,22.7,0.0,87.0,80.0,1012.2,4.5,0.2857142857142857,-2.699999999999932
2015-04-02,28.5,23.6,0.0,84.0,80.0,1008.5,4.899999999999999,0.2857142857142857,-3.7000000000000455
2015-04-04,29.4,25.0,0.0,83.0,74.0,1009.8,4.399999999999999,0.14285714285714285,1.2999999999999545
2015-04-05,30.6,24.0,0.0,80.0,38.0,1011.3,6.600000000000001,0.0,1.5
2015-04-07,27.1,22.0,0.1,83.0,81.0,1013.7,5.100000000000001,0.14285714285714285,2.400000000000091
2015-04-08,22.1,16.4,10.0,77.0,92.0,1018.3,5.700000000000003,0.2857142857142857,4.599999999999909
2015-04-09,19.4,15.9,1.3,89.0,94.0,1017.8,3.4999999999999982,0.42857142857142855,-0.5
2015-04-10,20.0,16.6,0.7,87.0,90.0,1017.9,3.3999999999999986,0.5714285714285714,0.10000000000002274
2015-04-11,17.9,16.4,52.0,97.0,100.0,1019.1,1.5,0.7142857142857143,1.2000000000000455
2015-04-12,22.4,16.5,0.2,81.0,71.0,1019.6,5.899999999999999,0.8571428571428571,0.5
2015-04-13,27.2,18.6,0.0,57.0,9.0,1018.7,8.599999999999998,0.8571428571428571,-0.8999999999999773
2015-04-14,26.6,18.1,0.0,44.0,9.0,1018.7,8.5,0.7142857142857143,0.0
2015-04-15,27.5,18.4,0.0,56.0,15.0,1016.1,9.100000000000001,0.5714285714285714,-2.6000000000000227
2015-04-16,26.1,19.6,0.0,69.0,25.0,1015.0,6.5,0.42857142857142855,-1.1000000000000227
2015-04-17,27.4,20.7,0.0,75.0,52.0,1012.4,6.699999999999999,0.2857142857142857,-2.6000000000000227
2015-04-20,28.6,23.0,0.2,84.0,88.0,1008.0,5.600000000000001,0.2857142857142857,-4.399999999999977
2015-04-24,29.0,21.6,0.0,70.0,48.0,1017.6,7.399999999999999,0.14285714285714285,9.600000000000023
2015-04-25,27.2,22.2,0.0,77.0,52.0,1017.1,5.0,0.14285714285714285,-0.5
2015-04-26,27.9,22.2,0.0,76.0,59.0,1016.9,5.699999999999999,0.14285714285714285,-0.20000000000004547
2015-04-27,30.3,21.8,0.0,79.0,27.0,1014.3,8.5,0.14285714285714285,-2.6000000000000227
2015-04-28,28.9,23.1,0.0,79.0,58.0,1011.7,5.799999999999997,0.14285714285714285,-2.599999999999909
2015-04-29,30.1,24.3,0.0,80.0,66.0,1011.1,5.800000000000001,0.14285714285714285,-0.6000000000000227
2015-04-30,31.9,24.9,0.0,78.0,41.0,1011.0,7.0,0.0,-0.10000000000002274
2015-05-01,30.8,25.4,0.5,81.0,76.0,1010.3,5.400000000000002,0.14285714285714285,-0.7000000000000455
2015-05-05,30.5,24.3,3.9,82.0,86.0,1008.9,6.199999999999999,0.2857142857142857,-1.3999999999999773
2015-05-06,28.9,24.2,0.6,87.0,85.0,1008.5,4.699999999999999,0.42857142857142855,-0.39999999999997726
2015-05-07,30.6,26.5,0.3,83.0,81.0,1009.7,4.100000000000001,0.5714285714285714,1.2000000000000455
2015-05-08,30.2,27.1,0.0,80.0,84.0,1008.7,3.099999999999998,0.5714285714285714,-1.0
2015-05-09,30.5,24.2,7.3,83.0,81.0,1008.5,6.300000000000001,0.7142857142857143,-0.20000000000004547
2015-05-10,28.8,24.3,20.1,90.0,84.0,1009.7,4.5,0.8571428571428571,1.2000000000000455
2015-05-11,29.4,23.3,51.0,91.0,85.0,1010.3,6.099999999999998,0.8571428571428571,0.599999999999909
2015-05-12,29.5,22.6,0.0,75.0,78.0,1012.2,6.899999999999999,0.7142857142857143,1.900000000000091
2015-05-13,28.4,25.2,0.0,84.0,85.0,1012.2,3.1999999999999993,0.5714285714285714,0.0
2015-05-15,32.6,27.1,0.0,78.0,73.0,1011.4,5.5,0.42857142857142855,-0.8000000000000682
2015-05-16,28.6,24.6,18.4,88.0,86.0,1009.9,4.0,0.5714285714285714,-1.5
2015-05-17,29.6,24.5,5.7,87.0,86.0,1008.3,5.100000000000001,0.5714285714285714,-1.6000000000000227
2015-05-18,29.3,26.1,0.9,82.0,88.0,1007.9,3.1999999999999993,0.5714285714285714,-0.39999999999997726
2015-05-19,29.3,27.6,1.2,83.0,88.0,1006.9,1.6999999999999993,0.5714285714285714,-1.0
2015-05-20,30.0,25.2,107.7,88.0,90.0,1006.2,4.800000000000001,0.7142857142857143,-0.6999999999999318
2015-05-21,25.3,23.1,12.6,92.0,93.0,1008.4,2.1999999999999993,0.8571428571428571,2.199999999999932
2015-05-22,24.3,22.9,0.7,92.0,88.0,1008.8,1.4000000000000021,1.0,0.39999999999997726
2015-05-23,27.4,23.9,169.4,97.0,96.0,1006.2,3.5,1.0,-2.599999999999909
2015-05-24,29.0,24.6,8.2,94.0,88.0,1005.8,4.399999999999999,1.0,-0.40000000000009095
2015-05-25,32.5,25.4,29.4,86.0,78.0,1006.6,7.100000000000001,1.0,0.8000000000000682
2015-05-26,28.7,24.6,64.6,95.0,89.0,1008.3,4.099999999999998,1.0,1.6999999999999318
2015-05-27,31.0,27.8,0.2,84.0,86.0,1007.0,3.1999999999999993,1.0,-1.2999999999999545
2015-05-28,31.9,28.3,1.4,81.0,86.0,1005.3,3.599999999999998,1.0,-1.7000000000000455
2015-05-29,32.5,29.1,0.0,79.0,83.0,1006.5,3.3999999999999986,0.8571428571428571,1.2000000000000455
2015-05-30,32.5,26.1,7.0,81.0,79.0,1007.5,6.399999999999999,0.8571428571428571,1.0
2015-05-31,31.5,26.7,1.9,83.0,86.0,1007.3,4.800000000000001,0.8571428571428571,-0.20000000000004547
2015-06-01,31.2,28.4,10.6,83.0,82.0,1007.9,2.8000000000000007,0.8571428571428571,0.6000000000000227
2015-06-02,32.5,26.5,5.4,81.0,81.0,1009.3,6.0,0.8571428571428571,1.3999999999999773
2015-06-04,32.8,27.9,0.0,76.0,59.0,1008.9,4.899999999999999,0.7142857142857143,-0.39999999999997726
2015-06-05,31.4,27.8,0.0,79.0,77.0,1007.3,3.599999999999998,0.5714285714285714,-1.6000000000000227
2015-06-06,32.4,27.2,0.8,78.0,78.0,1007.7,5.199999999999999,0.7142857142857143,0.40000000000009095
2015-06-08,32.2,27.8,1.6,77.0,73.0,1008.1,4.400000000000002,0.7142857142857143,0.39999999999997726
2015-06-10,32.0,27.3,8.1,80.0,83.0,1007.3,4.699999999999999,0.7142857142857143,-0.8000000000000682
2015-06-11,32.7,27.9,0.8,78.0,79.0,1008.2,4.800000000000004,0.7142857142857143,0.900000000000091
2015-06-12,31.7,25.6,96.8,85.0,79.0,1008.5,6.099999999999998,0.7142857142857143,0.2999999999999545
2015-06-13,32.3,28.5,0.4,78.0,76.0,1007.9,3.799999999999997,0.8571428571428571,-0.6000000000000227
2015-06-14,33.0,27.3,1.5,78.0,77.0,1008.3,5.699999999999999,1.0,0.39999999999997726
2015-06-15,34.0,26.7,5.2,77.0,48.0,1009.4,7.300000000000001,1.0,1.1000000000000227
2015-06-16,33.4,28.1,0.0,76.0,39.0,1008.2,5.299999999999997,0.8571428571428571,-1.1999999999999318
2015-06-17,33.0,28.5,0.0,76.0,40.0,1006.0,4.5,0.7142857142857143,-2.2000000000000455
2015-06-18,34.2,28.5,0.0,73.0,52.0,1005.3,5.700000000000003,0.5714285714285714,-0.7000000000000455
2015-06-20,34.1,29.2,0.0,76.0,56.0,1006.5,4.900000000000002,0.42857142857142855,1.2000000000000455
2015-06-21,31.9,26.3,51.0,90.0,80.0,1005.1,5.599999999999998,0.42857142857142855,-1.3999999999999773
2015-06-22,30.0,26.7,18.1,93.0,87.0,1003.2,3.3000000000000007,0.42857142857142855,-1.8999999999999773
2015-06-23,29.1,26.0,51.3,93.0,88.0,1003.9,3.1000000000000014,0.42857142857142855,0.6999999999999318
2015-06-24,30.7,26.1,9.7,89.0,86.0,1005.3,4.599999999999998,0.5714285714285714,1.3999999999999773
2015-06-25,29.7,26.9,28.5,89.0,88.0,1005.8,2.8000000000000007,0.7142857142857143,0.5
2015-06-26,32.3,27.1,10.4,82.0,68.0,1006.1,5.199999999999996,0.8571428571428571,0.3000000000000682
2015-06-27,32.5,29.1,0.0,78.0,53.0,1008.3,3.3999999999999986,0.8571428571428571,2.199999999999932
2015-06-28,33.6,27.4,1.9,76.0,64.0,1009.5,6.200000000000003,0.8571428571428571,1.2000000000000455
2015-07-01,32.7,29.4,0.0,78.0,78.0,1004.2,3.3000000000000043,0.7142857142857143,-5.2999999999999545
2015-07-03,32.4,29.3,0.0,79.0,80.0,1002.8,3.099999999999998,0.5714285714285714,-1.400000000000091
2015-07-04,33.8,28.7,0.0,77.0,78.0,1002.8,5.099999999999998,0.42857142857142855,0.0
2015-07-05,32.7,28.5,0.0,79.0,69.0,1003.1,4.200000000000003,0.2857142857142857,0.3000000000000682
2015-07-07,32.7,26.7,0.0,64.0,69.0,1000.4,6.0000000000000036,0.14285714285714285,-2.7000000000000455
2015-07-08,31.8,26.6,0.0,64.0,82.0,1000.3,5.199999999999999,0.14285714285714285,-0.10000000000002274
2015-07-09,30.2,25.0,2.0,74.0,88.0,997.4,5.199999999999999,0.14285714285714285,-2.8999999999999773
2015-07-10,32.7,25.4,24.3,83.0,82.0,1000.2,7.300000000000004,0.2857142857142857,2.800000000000068
2015-07-11,32.9,27.1,0.0,74.0,42.0,1000.1,5.799999999999997,0.2857142857142857,-0.10000000000002274
2015-07-12,33.9,28.7,0.0,75.0,43.0,1001.1,5.199999999999999,0.2857142857142857,1.0
2015-07-13,34.4,29.0,0.0,75.0,59.0,1002.3,5.399999999999999,0.2857142857142857,1.1999999999999318
2015-07-14,34.1,28.6,0.0,78.0,67.0,1002.1,5.5,0.2857142857142857,-0.1999999999999318
2015-07-17,32.9,26.4,1.2,81.0,85.0,1001.5,6.5,0.42857142857142855,-0.6000000000000227
2015-07-18,32.4,28.5,0.2,81.0,81.0,1001.6,3.8999999999999986,0.42857142857142855,0.10000000000002274
2015-07-20,29.0,26.2,46.2,91.0,92.0,1001.4,2.8000000000000007,0.42857142857142855,-0.20000000000004547
2015-07-21,27.9,25.2,51.2,87.0,93.0,1006.6,2.6999999999999993,0.5714285714285714,5.2000000000000455
2015-07-22,28.9,23.9,191.3,91.0,93.0,1008.4,5.0,0.7142857142857143,1.7999999999999545
2015-07-23,29.0,24.9,45.0,87.0,90.0,1007.9,4.100000000000001,0.8571428571428571,-0.5
2015-07-24,30.1,27.4,5.7,83.0,88.0,1006.9,2.700000000000003,1.0,-1.0
2015-07-25,29.8,27.3,9.6,83.0,88.0,1006.6,2.5,1.0,-0.2999999999999545
2015-07-26,30.4,25.9,24.9,83.0,85.0,1009.0,4.5,1.0,2.3999999999999773
2015-07-27,31.6,27.7,0.3,80.0,69.0,1011.4,3.900000000000002,1.0,2.3999999999999773
2015-07-29,31.6,25.8,3.7,83.0,67.0,1011.6,5.800000000000001,1.0,0.20000000000004547
2015-07-30,30.9,26.3,0.6,80.0,72.0,1011.1,4.599999999999998,1.0,-0.5
2015-07-31,31.8,26.1,0.0,78.0,49.0,1011.0,5.699999999999999,0.8571428571428571,-0.10000000000002274
2015-08-01,32.2,26.9,0.0,78.0,69.0,1011.2,5.300000000000004,0.7142857142857143,0.20000000000004547
2015-08-02,32.3,26.8,0.0,78.0,54.0,1011.6,5.4999999999999964,0.5714285714285714,0.39999999999997726
2015-08-03,33.3,27.3,0.0,75.0,38.0,1010.6,5.9999999999999964,0.42857142857142855,-1.0
2015-08-04,33.3,26.8,0.0,74.0,29.0,1008.3,6.4999999999999964,0.2857142857142857,-2.300000000000068
2015-08-05,33.3,27.6,0.0,74.0,27.0,1006.1,5.699999999999996,0.14285714285714285,-2.199999999999932
2015-08-06,33.1,27.8,0.0,72.0,29.0,1005.3,5.300000000000001,0.0,-0.8000000000000682
2015-08-07,33.3,28.2,0.0,72.0,40.0,1003.4,5.099999999999998,0.0,-1.8999999999999773
2015-08-08,36.3,30.0,0.0,62.0,55.0,998.5,6.299999999999997,0.0,-4.899999999999977
2015-08-09,34.7,26.9,11.6,71.0,80.0,998.5,7.800000000000004,0.14285714285714285,0.0
2015-08-10,30.6,25.1,23.5,85.0,88.0,1004.5,5.5,0.2857142857142857,6.0
2015-08-11,32.8,26.3,16.8,81.0,77.0,1007.3,6.4999999999999964,0.42857142857142855,2.7999999999999545
2015-08-13,29.6,26.4,27.5,87.0,84.0,1007.9,3.200000000000003,0.5714285714285714,0.6000000000000227
2015-08-14,28.8,25.6,18.9,90.0,88.0,1007.4,3.1999999999999993,0.7142857142857143,-0.5
2015-08-15,28.6,24.9,24.6,89.0,88.0,1008.5,3.700000000000003,0.8571428571428571,1.1000000000000227
2015-08-16,31.2,26.9,0.1,86.0,88.0,1008.5,4.300000000000001,1.0,0.0
2015-08-19,32.8,28.1,0.0,77.0,59.0,1007.7,4.699999999999996,0.8571428571428571,-0.7999999999999545
2015-08-20,31.2,26.8,6.1,84.0,67.0,1006.3,4.399999999999999,0.8571428571428571,-1.400000000000091
2015-08-21,33.4,26.9,0.0,77.0,70.0,1002.2,6.5,0.7142857142857143,-4.099999999999909
2015-08-23,32.9,28.0,3.4,69.0,30.0,1000.0,4.899999999999999,0.7142857142857143,-2.2000000000000455
2015-08-24,33.2,28.3,0.0,70.0,48.0,1002.4,4.900000000000002,0.5714285714285714,2.3999999999999773
2015-08-25,34.4,27.9,0.0,65.0,22.0,1005.5,6.5,0.42857142857142855,3.1000000000000227
2015-08-26,31.7,27.8,0.2,81.0,78.0,1008.1,3.8999999999999986,0.42857142857142855,2.6000000000000227
2015-08-27,32.4,27.0,0.0,79.0,75.0,1008.1,5.399999999999999,0.42857142857142855,0.0
2015-08-29,29.6,26.5,0.9,84.0,87.0,1006.2,3.1000000000000014,0.42857142857142855,-1.8999999999999773
2015-08-30,27.9,25.8,9.7,92.0,88.0,1006.8,2.099999999999998,0.5714285714285714,0.599999999999909
2015-09-01,28.9,25.7,5.3,89.0,87.0,1007.8,3.1999999999999993,0.5714285714285714,1.0
2015-09-02,27.7,24.5,39.0,94.0,88.0,1010.9,3.1999999999999993,0.7142857142857143,3.1000000000000227
2015-09-03,29.0,25.8,0.2,90.0,87.0,1013.0,3.1999999999999993,0.8571428571428571,2.1000000000000227
2015-09-04,32.9,27.0,0.0,82.0,60.0,1013.1,5.899999999999999,0.7142857142857143,0.10000000000002274
2015-09-05,31.9,27.2,0.0,78.0,38.0,1011.1,4.699999999999999,0.7142857142857143,-2.0
2015-09-06,32.3,27.8,0.0,79.0,43.0,1008.1,4.4999999999999964,0.5714285714285714,-3.0
2015-09-07,29.6,26.7,7.3,87.0,82.0,1007.2,2.900000000000002,0.5714285714285714,-0.8999999999999773
2015-09-08,30.7,26.4,0.0,75.0,60.0,1009.4,4.300000000000001,0.42857142857142855,2.199999999999932
2015-09-10,31.3,26.5,0.0,75.0,47.0,1012.7,4.800000000000001,0.2857142857142857,3.300000000000068
2015-09-13,31.2,25.8,0.0,68.0,49.0,1013.0,5.399999999999999,0.14285714285714285,0.2999999999999545
2015-09-14,31.4,25.9,0.0,71.0,46.0,1012.2,5.5,0.14285714285714285,-0.7999999999999545
2015-09-15,31.9,26.5,0.0,73.0,60.0,1011.3,5.399999999999999,0.14285714285714285,-0.900000000000091
2015-09-16,31.0,26.9,1.5,81.0,86.0,1011.9,4.100000000000001,0.2857142857142857,0.6000000000000227
2015-09-19,30.6,26.8,0.0,79.0,67.0,1012.2,3.8000000000000007,0.14285714285714285,0.3000000000000682
2015-09-21,28.7,25.5,16.9,81.0,88.0,1008.6,3.1999999999999993,0.2857142857142857,-3.6000000000000227
2015-09-22,31.0,26.3,2.9,86.0,67.0,1009.9,4.699999999999999,0.42857142857142855,1.2999999999999545
2015-09-24,32.0,27.4,0.0,77.0,23.0,1006.7,4.600000000000001,0.42857142857142855,-3.199999999999932
2015-09-25,32.2,28.1,0.0,78.0,38.0,1004.9,4.100000000000001,0.42857142857142855,-1.8000000000000682
2015-09-26,32.2,26.9,10.2,87.0,71.0,1006.7,5.300000000000004,0.5714285714285714,1.8000000000000682
2015-09-27,30.2,26.5,4.6,85.0,81.0,1008.2,3.6999999999999993,0.5714285714285714,1.5
2015-09-28,32.8,25.8,0.0,61.0,30.0,1006.7,6.9999999999999964,0.5714285714285714,-1.5
2015-09-29,31.3,27.4,0.0,56.0,53.0,1005.6,3.900000000000002,0.42857142857142855,-1.1000000000000227
2015-10-01,31.7,26.4,0.3,81.0,84.0,1013.0,5.300000000000001,0.42857142857142855,7.399999999999977
2015-10-02,31.6,26.5,7.0,76.0,82.0,1012.4,5.100000000000001,0.5714285714285714,-0.6000000000000227
2015-10-03,29.7,24.2,46.4,83.0,88.0,1011.7,5.5,0.7142857142857143,-0.6999999999999318
2015-10-04,27.8,24.9,38.1,92.0,95.0,1013.2,2.900000000000002,0.7142857142857143,1.5
2015-10-05,27.8,25.4,15.6,93.0,88.0,1015.2,2.400000000000002,0.7142857142857143,2.0
2015-10-06,26.8,25.3,50.7,97.0,86.0,1014.1,1.5,0.8571428571428571,-1.1000000000000227
2015-10-07,27.6,25.0,5.8,92.0,85.0,1012.7,2.6000000000000014,1.0,-1.3999999999999773
2015-10-08,30.0,26.1,0.0,76.0,54.0,1010.5,3.8999999999999986,0.8571428571428571,-2.2000000000000455
2015-10-10,26.6,21.1,1.0,77.0,85.0,1013.7,5.5,0.8571428571428571,3.2000000000000455
2015-10-11,22.1,18.5,2.0,78.0,88.0,1018.0,3.6000000000000014,0.8571428571428571,4.2999999999999545
2015-10-14,28.2,23.1,0.0,75.0,51.0,1017.4,5.099999999999998,0.7142857142857143,-0.6000000000000227
2015-10-15,28.7,23.1,0.0,76.0,19.0,1015.2,5.599999999999998,0.5714285714285714,-2.199999999999932
2015-10-16,29.4,23.3,0.0,73.0,20.0,1013.8,6.099999999999998,0.42857142857142855,-1.400000000000091
2015-10-17,30.8,23.6,0.0,69.0,17.0,1013.4,7.199999999999999,0.2857142857142857,-0.39999999999997726
2015-10-18,29.1,23.5,0.0,70.0,43.0,1012.5,5.600000000000001,0.2857142857142857,-0.8999999999999773
2015-10-19,28.2,23.1,0.0,59.0,79.0,1010.2,5.099999999999998,0.14285714285714285,-2.2999999999999545
2015-10-20,29.1,23.8,0.0,58.0,78.0,1008.3,5.300000000000001,0.0,-1.900000000000091
2015-10-22,30.6,25.3,0.0,70.0,48.0,1012.0,5.300000000000001,0.0,3.7000000000000455
2015-10-23,30.7,24.8,0.0,73.0,50.0,1013.0,5.899999999999999,0.0,1.0
2015-10-25,26.6,25.4,0.2,77.0,77.0,1016.8,1.2000000000000028,0.14285714285714285,3.7999999999999545
2015-10-26,26.2,24.5,0.7,83.0,81.0,1016.8,1.6999999999999993,0.2857142857142857,0.0
2015-10-27,30.1,24.3,0.0,77.0,48.0,1015.6,5.800000000000001,0.2857142857142857,-1.1999999999999318
2015-10-30,29.6,25.3,0.0,81.0,53.0,1017.8,4.300000000000001,0.2857142857142857,2.199999999999932
2015-10-31,27.2,24.4,0.5,79.0,66.0,1020.4,2.8000000000000007,0.42857142857142855,2.6000000000000227
2015-11-01,24.5,20.5,0.0,73.0,61.0,1020.9,4.0,0.42857142857142855,0.5
2015-11-07,28.4,25.2,0.3,85.0,87.0,1016.3,3.1999999999999993,0.5714285714285714,-4.600000000000023
2015-11-10,25.9,24.0,0.3,81.0,88.0,1016.9,1.8999999999999986,0.5714285714285714,0.6000000000000227
2015-11-11,25.4,22.6,1.1,82.0,85.0,1017.7,2.799999999999997,0.5714285714285714,0.8000000000000682
2015-11-12,24.2,23.6,0.3,84.0,88.0,1017.3,0.5999999999999979,0.7142857142857143,-0.40000000000009095
2015-11-13,25.3,21.0,10.4,92.0,86.0,1015.2,4.300000000000001,0.8571428571428571,-2.099999999999909
2015-11-15,24.8,23.5,6.5,89.0,84.0,1015.2,1.3000000000000007,0.8571428571428571,0.0
2015-11-16,25.9,23.6,3.9,93.0,74.0,1013.7,2.299999999999997,1.0,-1.5
2015-11-17,27.2,24.4,0.0,90.0,51.0,1013.9,2.8000000000000007,0.8571428571428571,0.1999999999999318
2015-11-18,29.1,24.1,0.0,84.0,20.0,1016.0,5.0,0.7142857142857143,2.1000000000000227
2015-11-21,26.0,23.9,0.0,80.0,83.0,1017.0,2.1000000000000014,0.5714285714285714,1.0
2015-11-23,28.4,23.7,0.0,78.0,47.0,1016.7,4.699999999999999,0.42857142857142855,-0.2999999999999545
2015-11-25,25.3,18.2,0.0,70.0,44.0,1017.7,7.100000000000001,0.2857142857142857,1.0
2015-11-26,21.2,15.8,0.0,52.0,46.0,1020.6,5.399999999999999,0.14285714285714285,2.8999999999999773
2015-11-27,20.4,15.3,0.0,57.0,44.0,1022.4,5.099999999999998,0.0,1.7999999999999545
2015-11-28,22.9,19.2,0.0,70.0,49.0,1022.5,3.6999999999999993,0.0,0.10000000000002274
2015-11-29,24.1,20.3,0.0,75.0,40.0,1021.2,3.8000000000000007,0.0,-1.2999999999999545
2015-12-01,25.1,22.0,0.0,79.0,85.0,1017.6,3.1000000000000014,0.0,-3.6000000000000227
2015-12-05,20.3,15.7,15.7,85.0,91.0,1018.4,4.600000000000001,0.14285714285714285,0.7999999999999545
2015-12-06,18.1,15.4,1.0,76.0,91.0,1021.3,2.700000000000001,0.2857142857142857,2.8999999999999773
2015-12-07,19.3,15.4,0.0,72.0,86.0,1023.1,3.9000000000000004,0.2857142857142857,1.8000000000000682
2015-12-08,19.0,17.0,0.7,78.0,90.0,1022.2,2.0,0.42857142857142855,-0.8999999999999773
2015-12-09,18.9,16.9,44.6,95.0,95.0,1016.8,2.0,0.5714285714285714,-5.400000000000091
2015-12-11,23.0,17.9,0.0,76.0,72.0,1016.4,5.100000000000001,0.5714285714285714,-0.39999999999997726
2015-12-12,20.7,19.4,0.0,83.0,88.0,1016.2,1.3000000000000007,0.5714285714285714,-0.1999999999999318
2015-12-16,17.2,13.4,0.0,49.0,11.0,1022.5,3.799999999999999,0.42857142857142855,6.2999999999999545
2015-12-17,15.2,11.5,0.0,39.0,25.0,1025.9,3.6999999999999993,0.2857142857142857,3.400000000000091
2015-12-18,16.5,11.3,0.0,48.0,11.0,1026.4,5.199999999999999,0.2857142857142857,0.5
2015-12-19,18.2,13.8,0.0,62.0,71.0,1025.4,4.399999999999999,0.14285714285714285,-1.0
2015-12-20,18.6,17.0,0.7,75.0,88.0,1022.5,1.6000000000000014,0.14285714285714285,-2.900000000000091
2015-12-22,20.6,18.7,0.6,87.0,88.0,1020.3,1.9000000000000021,0.2857142857142857,-2.2000000000000455
2015-12-25,21.4,16.1,0.2,75.0,89.0,1020.4,5.299999999999997,0.42857142857142855,0.10000000000002274
2015-12-26,19.7,16.9,0.0,74.0,87.0,1020.6,2.8000000000000007,0.42857142857142855,0.20000000000004547
2015-12-27,18.8,16.9,0.4,84.0,90.0,1022.7,1.9000000000000021,0.5714285714285714,2.1000000000000227
2015-12-30,19.2,15.2,0.4,78.0,86.0,1025.3,4.0,0.7142857142857143,2.599999999999909
2016-01-02,21.7,17.2,0.3,81.0,83.0,1022.0,4.5,0.8571428571428571,-3.2999999999999545
2016-01-03,20.3,18.0,5.6,95.0,91.0,1019.7,2.3000000000000007,0.8571428571428571,-2.2999999999999545
2016-01-05,21.3,20.2,46.7,95.0,81.0,1015.9,1.1000000000000014,0.8571428571428571,-3.800000000000068
2016-01-07,21.4,17.0,0.0,79.0,56.0,1021.8,4.399999999999999,0.7142857142857143,5.899999999999977
2016-01-08,21.0,16.5,0.0,78.0,28.0,1020.8,4.5,0.7142857142857143,-1.0
2016-01-09,18.9,17.1,0.0,78.0,79.0,1020.6,1.7999999999999972,0.5714285714285714,-0.1999999999999318
2016-01-10,18.5,17.2,6.9,85.0,91.0,1017.5,1.3000000000000007,0.5714285714285714,-3.1000000000000227
2016-01-11,20.4,16.5,30.7,90.0,90.0,1016.5,3.8999999999999986,0.5714285714285714,-1.0
2016-01-12,18.5,16.1,0.0,79.0,86.0,1019.9,2.3999999999999986,0.42857142857142855,3.3999999999999773
2016-01-13,18.7,14.2,0.0,77.0,34.0,1020.8,4.5,0.2857142857142857,0.8999999999999773
2016-01-14,17.5,15.6,1.1,79.0,81.0,1019.3,1.9000000000000004,0.42857142857142855,-1.5
2016-01-15,16.1,14.5,38.8,97.0,97.0,1015.4,1.6000000000000014,0.5714285714285714,-3.8999999999999773
2016-01-16,17.1,15.5,12.3,95.0,93.0,1013.5,1.6000000000000014,0.7142857142857143,-1.8999999999999773
2016-01-17,20.6,14.8,24.6,90.0,79.0,1011.5,5.800000000000001,0.7142857142857143,-2.0
2016-01-18,17.8,11.9,0.0,76.0,49.0,1017.1,5.9,0.5714285714285714,5.600000000000023
2016-01-19,17.6,15.3,0.0,78.0,84.0,1020.1,2.3000000000000007,0.5714285714285714,3.0
2016-01-20,16.8,14.8,3.3,90.0,92.0,1019.6,2.0,0.7142857142857143,-0.5
2016-01-21,17.1,15.1,0.1,95.0,100.0,1017.7,2.0000000000000018,0.7142857142857143,-1.8999999999999773
2016-01-22,16.2,10.3,12.9,92.0,100.0,1018.9,5.899999999999999,0.7142857142857143,1.1999999999999318
2016-01-23,10.4,7.0,0.5,70.0,95.0,1027.1,3.4000000000000004,0.7142857142857143,8.199999999999932
2016-01-24,7.1,3.1,4.0,61.0,96.0,1034.6,3.9999999999999996,0.7142857142857143,7.5
2016-01-25,10.8,4.3,0.0,46.0,25.0,1032.6,6.500000000000001,0.7142857142857143,-2.0
2016-01-27,15.3,9.8,3.5,92.0,95.0,1022.7,5.5,0.8571428571428571,-9.899999999999864
2016-01-28,17.4,14.8,42.5,98.0,100.0,1018.2,2.599999999999998,0.8571428571428571,-4.5
2016-01-29,17.4,15.9,32.8,96.0,91.0,1017.9,1.4999999999999982,0.8571428571428571,-0.3000000000000682
2016-01-30,19.9,16.2,0.0,88.0,80.0,1020.0,3.6999999999999993,0.7142857142857143,2.1000000000000227
2016-01-31,16.2,15.3,0.3,86.0,93.0,1019.9,0.8999999999999986,0.7142857142857143,-0.10000000000002274
2016-02-01,15.6,10.7,11.3,93.0,96.0,1022.2,4.9,0.7142857142857143,2.300000000000068
2016-02-04,18.8,13.3,0.0,76.0,45.0,1021.8,5.5,0.7142857142857143,-0.40000000000009095
2016-02-05,18.6,12.3,0.0,66.0,18.0,1021.2,6.300000000000001,0.5714285714285714,-0.599999999999909
2016-02-06,17.4,11.2,0.0,39.0,13.0,1024.9,6.199999999999999,0.42857142857142855,3.7000000000000455
2016-02-07,18.1,9.9,0.0,36.0,2.0,1026.1,8.200000000000001,0.2857142857142857,1.199999999999818
2016-02-08,19.6,11.6,0.0,52.0,0.0,1023.9,8.000000000000002,0.2857142857142857,-2.199999999999932
2016-02-09,21.2,12.7,0.0,54.0,29.0,1020.8,8.5,0.14285714285714285,-3.1000000000000227
2016-02-10,17.3,15.3,0.2,64.0,77.0,1017.5,2.0,0.14285714285714285,-3.2999999999999545
2016-02-12,21.6,17.6,0.1,95.0,86.0,1013.4,4.0,0.2857142857142857,-4.100000000000023
2016-02-13,25.9,21.3,0.0,89.0,76.0,1012.5,4.599999999999998,0.2857142857142857,-0.8999999999999773
2016-02-15,17.5,11.4,0.3,64.0,88.0,1024.3,6.1,0.42857142857142855,11.799999999999955
2016-02-16,15.1,10.9,0.0,63.0,89.0,1025.4,4.199999999999999,0.42857142857142855,1.1000000000001364
2016-02-17,14.4,11.6,1.7,77.0,91.0,1024.1,2.8000000000000007,0.5714285714285714,-1.300000000000182
2016-02-18,15.0,11.7,3.4,89.0,95.0,1021.9,3.3000000000000007,0.7142857142857143,-2.199999999999932
2016-02-19,16.3,14.6,4.4,88.0,94.0,1020.3,1.700000000000001,0.7142857142857143,-1.6000000000000227
2016-02-20,20.1,12.5,2.4,67.0,55.0,1023.2,7.600000000000001,0.7142857142857143,2.900000000000091
2016-02-22,17.6,14.6,0.5,91.0,88.0,1020.6,3.0000000000000018,0.8571428571428571,-2.6000000000000227
2016-02-23,16.7,13.7,0.5,92.0,88.0,1022.3,3.0,0.8571428571428571,1.6999999999999318
2016-02-25,16.8,13.5,0.0,76.0,87.0,1028.9,3.3000000000000007,0.8571428571428571,6.600000000000136
2016-02-28,20.9,13.3,0.0,72.0,49.0,1023.8,7.599999999999998,0.7142857142857143,-5.100000000000136
2016-02-29,24.8,14.4,0.0,61.0,19.0,1024.4,10.4,0.5714285714285714,0.6000000000001364
2016-03-01,19.7,14.6,0.0,73.0,43.0,1024.7,5.1,0.42857142857142855,0.2999999999999545
2016-03-02,20.6,14.4,0.0,72.0,32.0,1023.8,6.200000000000001,0.2857142857142857,-0.900000000000091
2016-03-03,23.8,15.4,0.0,75.0,46.0,1020.9,8.4,0.14285714285714285,-2.8999999999999773
2016-03-04,23.2,18.1,0.0,82.0,71.0,1018.1,5.099999999999998,0.0,-2.7999999999999545
2016-03-06,25.9,19.2,0.0,79.0,72.0,1015.8,6.699999999999999,0.0,-2.300000000000068
2016-03-07,21.3,18.9,0.2,91.0,76.0,1014.9,2.400000000000002,0.14285714285714285,-0.8999999999999773
2016-03-08,21.5,18.9,0.0,93.0,88.0,1012.5,2.6000000000000014,0.14285714285714285,-2.3999999999999773
2016-03-09,22.9,17.1,15.5,95.0,88.0,1012.5,5.799999999999997,0.2857142857142857,0.0
2016-03-10,17.2,10.0,16.8,93.0,93.0,1019.5,7.199999999999999,0.42857142857142855,7.0
2016-03-11,14.3,10.0,0.1,77.0,93.0,1022.6,4.300000000000001,0.5714285714285714,3.1000000000000227
2016-03-12,14.5,12.7,0.1,87.0,100.0,1017.7,1.8000000000000007,0.7142857142857143,-4.899999999999977
2016-03-13,17.0,14.4,6.8,96.0,99.0,1014.5,2.5999999999999996,0.8571428571428571,-3.2000000000000455
2016-03-14,16.5,14.2,0.8,83.0,89.0,1018.0,2.3000000000000007,0.8571428571428571,3.5
2016-03-16,16.3,14.1,1.1,90.0,100.0,1015.0,2.200000000000001,1.0,-3.0
2016-03-17,17.4,15.6,2.2,97.0,97.0,1014.3,1.799999999999999,1.0,-0.7000000000000455
2016-03-20,23.1,17.6,0.3,91.0,96.0,1014.7,5.5,1.0,0.40000000000009095
2016-03-21,18.2,16.4,59.6,95.0,95.0,1014.8,1.8000000000000007,1.0,0.09999999999990905
2016-03-22,17.3,15.9,1.7,96.0,100.0,1013.4,1.4000000000000004,1.0,-1.3999999999999773
2016-03-23,20.6,17.1,8.7,97.0,95.0,1012.8,3.5,1.0,-0.6000000000000227
2016-03-24,17.7,12.7,33.4,98.0,99.0,1020.2,5.0,1.0,7.400000000000091
2016-03-25,15.7,11.6,1.4,75.0,88.0,1023.9,4.1,1.0,3.699999999999932
2016-03-26,20.2,12.6,0.0,68.0,22.0,1023.6,7.6,0.8571428571428571,-0.2999999999999545
2016-03-27,22.4,14.6,0.0,58.0,19.0,1024.1,7.799999999999999,0.7142857142857143,0.4999999999998863
2016-03-28,19.9,15.2,0.0,65.0,58.0,1024.1,4.699999999999999,0.5714285714285714,0.0
2016-03-31,25.5,19.1,0.0,86.0,83.0,1015.3,6.399999999999999,0.42857142857142855,-8.799999999999955
2016-04-01,25.3,19.9,0.0,86.0,83.0,1014.5,5.400000000000002,0.2857142857142857,-0.7999999999999545
2016-04-03,26.5,21.0,0.0,87.0,88.0,1014.6,5.5,0.14285714285714285,0.10000000000002274
2016-04-04,28.1,20.7,4.3,88.0,84.0,1012.5,7.400000000000002,0.14285714285714285,-2.1000000000000227
2016-04-06,26.5,21.5,0.0,91.0,83.0,1013.3,5.0,0.14285714285714285,0.7999999999999545
2016-04-07,26.9,22.4,0.0,91.0,84.0,1013.2,4.5,0.14285714285714285,-0.09999999999990905
2016-04-10,26.3,21.3,22.1,92.0,93.0,1009.2,5.0,0.2857142857142857,-4.0
2016-04-11,22.8,20.1,0.4,91.0,89.0,1010.1,2.6999999999999993,0.42857142857142855,0.8999999999999773
2016-04-12,21.3,19.9,11.4,94.0,88.0,1009.1,1.4000000000000021,0.5714285714285714,-1.0
2016-04-13,25.1,20.9,76.4,98.0,93.0,1005.5,4.200000000000003,0.7142857142857143,-3.6000000000000227
2016-04-14,25.2,21.6,0.7,98.0,88.0,1008.5,3.599999999999998,0.7142857142857143,3.0
2016-04-15,23.5,20.6,3.4,97.0,88.0,1011.4,2.8999999999999986,0.8571428571428571,2.8999999999999773
2016-04-18,26.7,20.1,23.7,87.0,81.0,1014.4,6.599999999999998,1.0,3.0
2016-04-22,26.1,21.0,8.3,90.0,81.0,1010.7,5.100000000000001,1.0,-3.699999999999932
2016-04-23,27.7,22.6,2.8,88.0,81.0,1008.2,5.099999999999998,1.0,-2.5
2016-04-24,26.1,23.2,41.4,93.0,84.0,1008.7,2.900000000000002,1.0,0.5
2016-04-25,28.4,23.9,12.4,90.0,83.0,1009.8,4.5,1.0,1.099999999999909
2016-04-27,29.1,25.4,0.9,85.0,83.0,1008.2,3.700000000000003,1.0,-1.599999999999909
2016-04-28,28.2,24.7,1.7,84.0,78.0,1010.4,3.5,1.0,2.199999999999932
2016-04-30,23.4,20.8,1.5,80.0,89.0,1012.2,2.599999999999998,1.0,1.8000000000000682
2016-05-01,23.4,20.4,3.1,92.0,90.0,1011.5,3.0,1.0,-0.7000000000000455
2016-05-02,29.8,22.8,0.3,89.0,82.0,1011.0,7.0,1.0,-0.5
2016-05-03,30.8,22.8,30.7,86.0,84.0,1011.4,8.0,1.0,0.39999999999997726
2016-05-05,30.9,26.2,0.0,84.0,85.0,1010.5,4.699999999999999,0.8571428571428571,-0.8999999999999773
2016-05-06,30.5,27.2,0.0,83.0,84.0,1009.9,3.3000000000000007,0.7142857142857143,-0.6000000000000227
2016-05-07,31.0,27.1,0.0,81.0,69.0,1010.6,3.8999999999999986,0.5714285714285714,0.7000000000000455
2016-05-08,31.2,27.3,0.0,82.0,80.0,1011.4,3.8999999999999986,0.42857142857142855,0.7999999999999545
2016-05-09,30.6,26.9,0.0,81.0,69.0,1010.1,3.700000000000003,0.2857142857142857,-1.2999999999999545
2016-05-10,28.4,23.7,60.3,87.0,84.0,1008.1,4.699999999999999,0.2857142857142857,-2.0
2016-05-11,28.8,23.4,0.0,75.0,62.0,1008.6,5.400000000000002,0.14285714285714285,0.5
2016-05-14,27.7,24.0,4.7,89.0,86.0,1014.2,3.6999999999999993,0.2857142857142857,5.600000000000023
2016-05-15,29.8,24.4,1.0,85.0,75.0,1012.1,5.400000000000002,0.42857142857142855,-2.1000000000000227
2016-05-16,27.1,22.5,0.3,73.0,69.0,1011.2,4.600000000000001,0.5714285714285714,-0.8999999999999773
2016-05-17,24.6,23.2,1.2,80.0,86.0,1012.3,1.4000000000000021,0.7142857142857143,1.099999999999909
2016-05-18,26.3,23.4,0.0,76.0,79.0,1012.0,2.900000000000002,0.7142857142857143,-0.2999999999999545
2016-05-20,26.2,24.3,16.1,94.0,88.0,1006.9,1.8999999999999986,0.7142857142857143,-5.100000000000023
2016-05-21,28.3,24.7,37.6,88.0,77.0,1005.9,3.6000000000000014,0.8571428571428571,-1.0
2016-05-22,30.8,25.3,0.0,77.0,63.0,1007.8,5.5,0.7142857142857143,1.8999999999999773
2016-05-26,29.5,26.7,0.1,85.0,84.0,1007.6,2.8000000000000007,0.7142857142857143,-0.1999999999999318
2016-05-27,29.1,26.0,14.4,89.0,88.0,1006.4,3.1000000000000014,0.7142857142857143,-1.2000000000000455
2016-05-28,30.3,24.5,62.9,89.0,89.0,1007.6,5.800000000000001,0.7142857142857143,1.2000000000000455
2016-05-29,31.0,27.2,0.8,84.0,77.0,1007.9,3.8000000000000007,0.8571428571428571,0.2999999999999545
2016-05-30,32.1,28.0,0.1,80.0,73.0,1008.8,4.100000000000001,0.8571428571428571,0.8999999999999773
2016-05-31,31.8,28.7,0.0,79.0,72.0,1009.5,3.1000000000000014,0.7142857142857143,0.7000000000000455
2016-06-01,32.8,28.6,0.0,80.0,73.0,1007.8,4.199999999999996,0.7142857142857143,-1.7000000000000455
2016-06-02,33.0,28.7,0.0,79.0,58.0,1006.0,4.300000000000001,0.5714285714285714,-1.7999999999999545
2016-06-04,33.8,24.7,12.4,83.0,75.0,1007.9,9.099999999999998,0.5714285714285714,1.8999999999999773
2016-06-05,30.4,25.0,7.6,86.0,87.0,1008.8,5.399999999999999,0.5714285714285714,0.8999999999999773
2016-06-06,29.1,24.8,77.6,91.0,80.0,1008.8,4.300000000000001,0.5714285714285714,0.0
2016-06-07,30.7,26.3,0.4,86.0,75.0,1008.1,4.399999999999999,0.5714285714285714,-0.6999999999999318
2016-06-08,30.0,24.1,46.5,89.0,85.0,1006.3,5.899999999999999,0.7142857142857143,-1.8000000000000682
2016-06-10,31.1,26.6,9.1,89.0,80.0,1005.7,4.5,0.8571428571428571,-0.599999999999909
2016-06-11,27.8,25.4,85.5,93.0,85.0,1005.9,2.400000000000002,1.0,0.1999999999999318
2016-06-12,29.2,25.4,28.2,93.0,96.0,1005.7,3.8000000000000007,1.0,-0.1999999999999318
2016-06-13,31.5,28.5,0.1,84.0,90.0,1005.0,3.0,1.0,-0.7000000000000455
2016-06-15,32.0,29.3,0.6,79.0,86.0,1005.3,2.6999999999999993,1.0,0.2999999999999545
2016-06-16,31.4,28.2,2.8,82.0,88.0,1006.7,3.1999999999999993,1.0,1.400000000000091
2016-06-17,32.1,26.7,2.5,82.0,85.0,1008.2,5.400000000000002,1.0,1.5
2016-06-18,30.8,27.7,13.1,83.0,81.0,1010.5,3.1000000000000014,1.0,2.2999999999999545
2016-06-19,34.2,27.8,0.0,80.0,41.0,1010.3,6.400000000000002,0.8571428571428571,-0.20000000000004547
2016-06-21,33.7,28.7,0.0,75.0,51.0,1009.3,5.0000000000000036,0.7142857142857143,-1.0
2016-06-22,33.7,28.5,0.0,75.0,32.0,1009.5,5.200000000000003,0.5714285714285714,0.20000000000004547
2016-06-23,34.1,28.4,0.0,72.0,20.0,1008.4,5.700000000000003,0.42857142857142855,-1.1000000000000227
2016-06-24,35.2,28.8,0.0,72.0,38.0,1008.1,6.400000000000002,0.2857142857142857,-0.2999999999999545
2016-06-25,35.5,28.9,0.0,74.0,39.0,1008.9,6.600000000000001,0.14285714285714285,0.7999999999999545
2016-06-27,35.1,28.6,1.7,78.0,61.0,1007.5,6.5,0.14285714285714285,-1.3999999999999773
2016-06-28,32.3,26.3,37.1,85.0,83.0,1007.5,5.9999999999999964,0.2857142857142857,0.0
2016-06-29,33.3,27.5,20.4,87.0,79.0,1010.0,5.799999999999997,0.42857142857142855,2.5
2016-06-30,33.1,27.8,1.8,80.0,83.0,1010.3,5.300000000000001,0.5714285714285714,0.2999999999999545
2016-07-01,33.0,27.7,3.4,79.0,78.0,1008.9,5.300000000000001,0.7142857142857143,-1.3999999999999773
2016-07-02,32.0,26.9,20.8,82.0,86.0,1009.1,5.100000000000001,0.8571428571428571,0.20000000000004547
2016-07-03,31.5,27.3,2.7,82.0,84.0,1008.7,4.199999999999999,1.0,-0.39999999999997726
2016-07-04,33.0,28.0,3.8,78.0,83.0,1006.6,5.0,1.0,-2.1000000000000227
2016-07-05,32.6,25.8,9.8,87.0,88.0,1007.5,6.800000000000001,1.0,0.8999999999999773
2016-07-06,28.8,24.7,33.6,93.0,88.0,1008.4,4.100000000000001,1.0,0.8999999999999773
2016-07-08,34.2,28.1,0.0,75.0,46.0,1001.0,6.100000000000001,0.8571428571428571,-7.399999999999977
2016-07-09,35.6,26.4,10.3,75.0,57.0,999.0,9.200000000000003,0.8571428571428571,-2.0
2016-07-10,31.3,26.2,1.7,81.0,88.0,1000.3,5.100000000000001,0.8571428571428571,1.2999999999999545
2016-07-11,31.1,26.1,11.7,85.0,89.0,1002.2,5.0,0.8571428571428571,1.900000000000091
2016-07-12,29.0,27.0,0.1,84.0,88.0,1003.8,2.0,0.8571428571428571,1.599999999999909
2016-07-13,31.7,25.6,35.2,87.0,82.0,1005.0,6.099999999999998,0.8571428571428571,1.2000000000000455
2016-07-14,30.3,26.4,10.2,86.0,83.0,1006.8,3.900000000000002,0.8571428571428571,1.7999999999999545
2016-07-15,33.0,28.6,1.0,81.0,78.0,1007.0,4.399999999999999,1.0,0.20000000000004547
2016-07-16,33.2,29.0,0.3,79.0,69.0,1008.1,4.200000000000003,1.0,1.1000000000000227
2016-07-17,33.2,29.0,0.0,78.0,69.0,1008.5,4.200000000000003,0.8571428571428571,0.39999999999997726
2016-07-18,32.4,28.7,0.6,74.0,72.0,1007.5,3.6999999999999993,0.8571428571428571,-1.0
2016-07-19,32.3,26.7,4.4,79.0,78.0,1007.9,5.599999999999998,0.8571428571428571,0.39999999999997726
2016-07-20,31.9,25.6,16.8,82.0,70.0,1009.8,6.299999999999997,0.8571428571428571,1.8999999999999773
2016-07-21,33.3,27.5,0.3,76.0,49.0,1010.9,5.799999999999997,0.8571428571428571,1.1000000000000227
2016-07-22,32.9,28.1,0.0,76.0,29.0,1010.3,4.799999999999997,0.7142857142857143,-0.6000000000000227
2016-07-23,32.8,28.0,0.0,77.0,32.0,1008.9,4.799999999999997,0.5714285714285714,-1.3999999999999773
2016-07-24,34.0,28.0,0.0,72.0,21.0,1008.4,6.0,0.5714285714285714,-0.5
2016-07-25,35.0,28.3,0.0,74.0,28.0,1008.6,6.699999999999999,0.42857142857142855,0.20000000000004547
2016-07-26,32.0,27.0,8.0,84.0,57.0,1008.3,5.0,0.42857142857142855,-0.3000000000000682
2016-07-28,32.9,28.1,0.0,74.0,29.0,1009.7,4.799999999999997,0.2857142857142857,1.400000000000091
2016-07-29,33.7,27.6,0.0,74.0,32.0,1008.5,6.100000000000001,0.14285714285714285,-1.2000000000000455
2016-07-31,33.9,27.0,1.2,74.0,47.0,1005.1,6.899999999999999,0.2857142857142857,-3.3999999999999773
2016-08-01,31.6,26.8,4.6,76.0,85.0,998.8,4.800000000000001,0.42857142857142855,-6.300000000000068
2016-08-02,29.5,25.1,121.0,88.0,93.0,995.9,4.399999999999999,0.5714285714285714,-2.8999999999999773
2016-08-03,27.8,26.1,17.3,93.0,86.0,1006.3,1.6999999999999993,0.7142857142857143,10.399999999999977
2016-08-04,28.6,26.1,20.9,94.0,82.0,1008.7,2.5,0.7142857142857143,2.400000000000091
2016-08-06,33.2,27.4,0.0,77.0,36.0,1005.0,5.800000000000004,0.7142857142857143,-3.7000000000000455
2016-08-07,33.4,28.2,0.0,80.0,61.0,1002.8,5.199999999999999,0.7142857142857143,-2.2000000000000455
2016-08-08,33.4,28.6,0.0,79.0,83.0,1003.0,4.799999999999997,0.5714285714285714,0.20000000000004547
2016-08-09,32.7,26.1,33.5,83.0,83.0,1001.8,6.600000000000001,0.5714285714285714,-1.2000000000000455
2016-08-10,29.3,24.7,39.8,91.0,89.0,1002.6,4.600000000000001,0.5714285714285714,0.8000000000000682
2016-08-11,29.9,25.2,42.1,87.0,85.0,1003.2,4.699999999999999,0.5714285714285714,0.6000000000000227
2016-08-12,29.4,26.9,0.4,86.0,86.0,1001.3,2.5,0.5714285714285714,-1.900000000000091
2016-08-14,29.4,25.8,25.7,90.0,89.0,998.3,3.599999999999998,0.7142857142857143,-3.0
2016-08-15,28.4,25.6,19.1,93.0,88.0,997.4,2.799999999999997,0.8571428571428571,-0.8999999999999773
2016-08-16,26.9,25.5,49.9,96.0,88.0,996.0,1.3999999999999986,1.0,-1.3999999999999773
2016-08-17,28.0,25.3,40.9,96.0,89.0,993.7,2.6999999999999993,1.0,-2.2999999999999545
2016-08-18,28.7,25.9,50.9,94.0,88.0,996.3,2.8000000000000007,1.0,2.599999999999909
2016-08-19,31.3,26.5,10.5,90.0,84.0,1003.0,4.800000000000001,1.0,6.7000000000000455
2016-08-20,32.4,27.4,3.8,88.0,74.0,1004.7,5.0,1.0,1.7000000000000455
2016-08-21,31.2,24.5,39.9,87.0,58.0,1003.2,6.699999999999999,1.0,-1.5
2016-08-22,33.0,27.3,0.0,82.0,27.0,1004.7,5.699999999999999,0.8571428571428571,1.5
2016-08-23,33.4,27.2,0.0,74.0,19.0,1004.8,6.199999999999999,0.7142857142857143,0.09999999999990905
2016-08-24,33.5,27.9,0.0,75.0,42.0,1003.8,5.600000000000001,0.5714285714285714,-1.0
2016-08-25,34.4,28.1,0.0,77.0,34.0,1004.2,6.299999999999997,0.42857142857142855,0.40000000000009095
2016-08-26,33.6,28.1,0.0,72.0,34.0,1004.6,5.5,0.2857142857142857,0.39999999999997726
2016-08-27,33.2,27.0,3.5,79.0,74.0,1006.4,6.200000000000003,0.2857142857142857,1.7999999999999545
2016-08-28,31.0,25.4,8.7,82.0,82.0,1006.4,5.600000000000001,0.2857142857142857,0.0
2016-08-30,31.2,26.1,0.0,69.0,77.0,1007.6,5.099999999999998,0.2857142857142857,1.2000000000000455
2016-08-31,31.5,26.6,0.2,78.0,84.0,1006.3,4.899999999999999,0.42857142857142855,-1.3000000000000682
2016-09-01,30.0,25.2,68.9,88.0,86.0,1003.3,4.800000000000001,0.5714285714285714,-3.0
2016-09-02,31.0,27.5,6.1,86.0,88.0,1002.0,3.5,0.7142857142857143,-1.2999999999999545
2016-09-03,31.2,25.7,7.0,87.0,88.0,1002.7,5.5,0.8571428571428571,0.7000000000000455
2016-09-05,29.2,25.8,75.3,89.0,86.0,1006.1,3.3999999999999986,0.8571428571428571,3.3999999999999773
2016-09-06,27.7,25.7,10.8,90.0,86.0,1006.7,2.0,0.8571428571428571,0.6000000000000227
2016-09-07,28.0,25.4,20.4,90.0,91.0,1007.5,2.6000000000000014,1.0,0.7999999999999545
2016-09-08,28.4,25.5,2.8,90.0,84.0,1008.0,2.8999999999999986,1.0,0.5
2016-09-09,29.4,25.5,16.3,88.0,87.0,1008.4,3.8999999999999986,1.0,0.39999999999997726
2016-09-10,27.7,24.5,53.2,93.0,87.0,1007.8,3.1999999999999993,1.0,-0.6000000000000227
2016-09-11,31.6,25.9,6.6,87.0,72.0,1008.4,5.700000000000003,1.0,0.6000000000000227
2016-09-12,32.7,26.0,0.0,83.0,49.0,1010.2,6.700000000000003,0.8571428571428571,1.8000000000000682
2016-09-13,30.9,26.0,8.5,84.0,61.0,1010.2,4.899999999999999,0.8571428571428571,0.0
2016-09-14,32.6,26.9,0.0,69.0,59.0,1004.5,5.700000000000003,0.7142857142857143,-5.7000000000000455
2016-09-15,31.9,28.0,0.7,68.0,63.0,1002.9,3.8999999999999986,0.7142857142857143,-1.6000000000000227
2016-09-16,31.3,27.3,0.0,70.0,44.0,1004.9,4.0,0.5714285714285714,2.0
2016-09-17,31.6,27.3,0.0,66.0,50.0,1005.7,4.300000000000001,0.42857142857142855,0.8000000000000682
2016-09-19,32.6,25.5,3.8,73.0,51.0,1008.0,7.100000000000001,0.42857142857142855,2.2999999999999545
2016-09-20,29.5,22.8,39.6,87.0,85.0,1012.1,6.699999999999999,0.5714285714285714,4.100000000000023
2016-09-21,30.6,24.7,2.4,77.0,52.0,1014.4,5.900000000000002,0.5714285714285714,2.2999999999999545
2016-09-22,28.9,26.1,0.0,76.0,87.0,1013.6,2.799999999999997,0.5714285714285714,-0.7999999999999545
2016-09-25,30.5,26.9,0.0,80.0,52.0,1009.8,3.6000000000000014,0.42857142857142855,-3.800000000000068
2016-09-27,34.9,27.7,0.0,68.0,36.0,1002.6,7.199999999999999,0.42857142857142855,-7.199999999999932
2016-09-28,32.2,28.9,0.0,58.0,79.0,999.5,3.3000000000000043,0.42857142857142855,-3.1000000000000227
2016-09-29,28.9,24.9,0.7,70.0,88.0,1003.9,4.0,0.42857142857142855,4.399999999999977
2016-09-30,26.4,24.1,0.0,78.0,86.0,1007.7,2.299999999999997,0.2857142857142857,3.800000000000068
2016-10-01,29.4,24.0,95.5,89.0,75.0,1009.9,5.399999999999999,0.2857142857142857,2.199999999999932
2016-10-03,28.3,26.6,0.2,82.0,84.0,1007.8,1.6999999999999993,0.42857142857142855,-2.1000000000000227
2016-10-04,29.5,26.5,0.0,83.0,60.0,1008.1,3.0,0.42857142857142855,0.3000000000000682
2016-10-06,32.4,25.9,16.7,75.0,57.0,1009.1,6.5,0.5714285714285714,1.0
2016-10-07,29.3,25.5,17.3,79.0,86.0,1007.1,3.8000000000000007,0.7142857142857143,-2.0
2016-10-09,28.8,24.9,0.0,69.0,86.0,1008.9,3.900000000000002,0.5714285714285714,1.7999999999999545
2016-10-10,28.1,23.5,0.0,70.0,74.0,1010.2,4.600000000000001,0.5714285714285714,1.3000000000000682
2016-10-11,26.8,22.0,0.1,79.0,88.0,1010.7,4.800000000000001,0.5714285714285714,0.5
2016-10-12,25.8,23.0,0.9,84.0,88.0,1012.5,2.8000000000000007,0.5714285714285714,1.7999999999999545
2016-10-15,30.3,24.6,0.0,72.0,63.0,1012.6,5.699999999999999,0.5714285714285714,0.10000000000002274
2016-10-16,30.8,25.9,0.0,71.0,62.0,1010.9,4.900000000000002,0.42857142857142855,-1.7000000000000455
2016-10-17,28.8,24.1,16.7,81.0,89.0,1009.1,4.699999999999999,0.42857142857142855,-1.7999999999999545
2016-10-18,25.5,23.9,178.7,96.0,91.0,1008.1,1.6000000000000014,0.5714285714285714,-1.0
2016-10-19,25.9,24.4,223.4,96.0,94.0,1008.7,1.5,0.7142857142857143,0.6000000000000227
2016-10-20,29.5,24.7,0.0,82.0,82.0,1004.6,4.800000000000001,0.5714285714285714,-4.100000000000023
2016-10-21,28.0,24.4,72.5,86.0,96.0,997.1,3.6000000000000014,0.5714285714285714,-7.5
2016-10-22,29.4,26.1,1.9,84.0,77.0,1007.8,3.299999999999997,0.7142857142857143,10.699999999999932
2016-10-23,29.1,25.8,0.0,88.0,68.0,1010.0,3.3000000000000007,0.7142857142857143,2.2000000000000455
2016-10-26,30.0,25.7,0.0,84.0,47.0,1015.6,4.300000000000001,0.5714285714285714,5.600000000000023
2016-10-27,30.9,25.4,0.0,79.0,41.0,1016.0,5.5,0.42857142857142855,0.39999999999997726
2016-10-28,31.5,26.3,0.0,75.0,54.0,1014.9,5.199999999999999,0.2857142857142857,-1.1000000000000227
2016-10-29,29.0,24.3,0.5,79.0,70.0,1017.2,4.699999999999999,0.42857142857142855,2.300000000000068
2016-10-30,26.6,22.9,0.0,74.0,85.0,1019.8,3.700000000000003,0.2857142857142857,2.599999999999909
2016-10-31,28.7,23.1,0.0,70.0,66.0,1019.1,5.599999999999998,0.14285714285714285,-0.6999999999999318
2016-11-01,25.3,22.5,0.0,69.0,76.0,1019.7,2.8000000000000007,0.14285714285714285,0.6000000000000227
2016-11-02,24.8,21.0,0.0,68.0,63.0,1020.3,3.8000000000000007,0.14285714285714285,0.599999999999909
2016-11-03,24.8,20.1,0.0,66.0,54.0,1019.3,4.699999999999999,0.14285714285714285,-1.0
2016-11-04,25.3,19.6,0.0,68.0,22.0,1015.2,5.699999999999999,0.14285714285714285,-4.099999999999909
2016-11-05,26.9,21.7,0.0,77.0,56.0,1013.0,5.199999999999999,0.0,-2.2000000000000455
2016-11-06,26.9,22.4,0.0,79.0,44.0,1015.1,4.5,0.0,2.1000000000000227
2016-11-07,28.4,23.4,0.0,81.0,52.0,1016.6,5.0,0.0,1.5
2016-11-08,28.1,22.1,4.8,80.0,61.0,1017.4,6.0,0.14285714285714285,0.7999999999999545
2016-11-09,22.1,19.0,1.3,81.0,88.0,1019.5,3.1000000000000014,0.2857142857142857,2.1000000000000227
2016-11-10,19.0,17.0,1.9,82.0,88.0,1020.1,2.0,0.42857142857142855,0.6000000000000227
2016-11-12,25.1,21.6,0.2,84.0,78.0,1017.9,3.5,0.5714285714285714,-2.2000000000000455
2016-11-13,26.9,23.8,0.0,85.0,65.0,1016.9,3.099999999999998,0.5714285714285714,-1.0
2016-11-14,28.1,23.3,0.0,83.0,38.0,1015.4,4.800000000000001,0.5714285714285714,-1.5
2016-11-19,28.0,24.0,1.4,78.0,80.0,1013.1,4.0,0.7142857142857143,-2.2999999999999545
2016-11-21,25.3,24.0,0.3,85.0,87.0,1012.9,1.3000000000000007,0.7142857142857143,-0.20000000000004547
2016-11-22,24.5,21.6,36.5,95.0,95.0,1013.3,2.8999999999999986,0.7142857142857143,0.39999999999997726
2016-11-23,21.6,16.7,25.9,93.0,92.0,1016.2,4.900000000000002,0.7142857142857143,2.900000000000091
2016-11-25,22.3,17.4,0.1,78.0,88.0,1016.4,4.900000000000002,0.7142857142857143,0.1999999999999318
2016-11-26,21.1,13.3,50.3,89.0,88.0,1015.9,7.800000000000001,0.8571428571428571,-0.5
2016-11-27,19.9,12.8,8.6,83.0,75.0,1016.9,7.099999999999998,1.0,1.0
2016-11-28,20.1,16.1,0.0,68.0,44.0,1020.9,4.0,0.8571428571428571,4.0
2016-11-29,20.5,17.5,0.0,66.0,82.0,1022.3,3.0,0.7142857142857143,1.3999999999999773
2016-11-30,22.0,17.4,0.0,64.0,31.0,1022.3,4.600000000000001,0.5714285714285714,0.0
2016-12-01,22.4,17.2,0.0,67.0,19.0,1022.1,5.199999999999999,0.42857142857142855,-0.1999999999999318
2016-12-02,22.4,18.4,0.0,74.0,77.0,1022.6,4.0,0.2857142857142857,0.5
2016-12-03,22.8,19.9,0.0,77.0,87.0,1020.9,2.900000000000002,0.14285714285714285,-1.7000000000000455
2016-12-05,25.9,21.8,0.0,79.0,84.0,1017.7,4.099999999999998,0.0,-3.199999999999932
2016-12-08,21.7,17.1,0.0,61.0,27.0,1016.5,4.599999999999998,0.0,-1.2000000000000455
2016-12-09,21.9,16.5,0.0,65.0,16.0,1015.4,5.399999999999999,0.0,-1.1000000000000227
2016-12-10,23.1,18.3,0.0,72.0,51.0,1016.4,4.800000000000001,0.0,1.0
2016-12-15,20.4,15.6,0.0,62.0,67.0,1022.6,4.799999999999999,0.0,6.2000000000000455
2016-12-16,17.1,13.2,0.0,61.0,17.0,1025.5,3.900000000000002,0.0,2.8999999999999773
2016-12-17,18.6,13.7,0.0,68.0,56.0,1023.2,4.900000000000002,0.0,-2.2999999999999545
2016-12-18,21.3,17.2,0.0,76.0,46.0,1021.6,4.100000000000001,0.0,-1.6000000000000227
2016-12-19,22.5,18.5,0.0,73.0,29.0,1018.5,4.0,0.0,-3.1000000000000227
2016-12-20,22.9,20.0,0.0,80.0,80.0,1017.3,2.8999999999999986,0.0,-1.2000000000000455
2016-12-21,22.6,21.0,2.8,90.0,85.0,1016.8,1.6000000000000014,0.14285714285714285,-0.5
2016-12-22,24.8,19.7,0.1,75.0,59.0,1016.8,5.100000000000001,0.2857142857142857,0.0
2016-12-24,19.5,16.9,3.7,76.0,88.0,1019.2,2.6000000000000014,0.42857142857142855,2.400000000000091
2016-12-26,23.7,19.5,0.0,80.0,53.0,1017.0,4.199999999999999,0.42857142857142855,-2.2000000000000455
2016-12-27,21.8,12.8,0.0,61.0,45.0,1020.4,9.0,0.42857142857142855,3.3999999999999773
2016-12-28,15.7,11.5,0.0,60.0,81.0,1023.0,4.199999999999999,0.42857142857142855,2.6000000000000227
2016-12-29,17.9,13.9,0.0,54.0,80.0,1024.1,3.9999999999999982,0.42857142857142855,1.099999999999909
2016-12-30,18.6,14.8,0.0,60.0,83.0,1024.2,3.8000000000000007,0.2857142857142857,0.10000000000013642
2016-12-31,20.7,15.6,0.0,74.0,64.0,1022.8,5.1,0.14285714285714285,-1.400000000000091
2017-01-01,20.8,18.4,0.0,80.0,72.0,1021.7,2.400000000000002,0.0,-1.099999999999909
2017-01-02,23.3,18.4,0.0,81.0,28.0,1020.2,4.900000000000002,0.0,-1.5
2017-01-03,21.3,18.9,0.0,83.0,56.0,1019.8,2.400000000000002,0.0,-0.40000000000009095
2017-01-04,21.7,18.7,0.0,80.0,51.0,1018.7,3.0,0.0,-1.099999999999909
2017-01-05,23.4,18.9,0.0,80.0,61.0,1016.9,4.5,0.0,-1.8000000000000682
2017-01-06,25.0,19.7,0.0,80.0,43.0,1015.1,5.300000000000001,0.0,-1.7999999999999545
2017-01-07,22.8,19.7,0.0,79.0,68.0,1013.9,3.1000000000000014,0.0,-1.2000000000000455
2017-01-08,25.5,20.5,0.0,76.0,50.0,1013.4,5.0,0.0,-0.5
2017-01-09,21.8,19.7,0.0,78.0,66.0,1016.3,2.1000000000000014,0.0,2.8999999999999773
2017-01-10,20.5,18.8,0.0,79.0,72.0,1018.1,1.6999999999999993,0.0,1.8000000000000682
2017-01-11,19.7,18.2,0.0,80.0,86.0,1018.1,1.5,0.0,0.0
2017-01-13,17.1,15.1,0.5,84.0,88.0,1015.7,2.0000000000000018,0.14285714285714285,-2.3999999999999773
2017-01-14,16.5,14.5,1.0,87.0,92.0,1017.9,2.0,0.2857142857142857,2.199999999999932
2017-01-15,16.8,14.3,1.5,85.0,100.0,1020.5,2.5,0.42857142857142855,2.6000000000000227
2017-01-16,17.4,14.7,0.4,80.0,93.0,1020.4,2.6999999999999993,0.5714285714285714,-0.10000000000002274
2017-01-17,19.2,16.7,0.0,76.0,88.0,1021.1,2.5,0.5714285714285714,0.7000000000000455
2017-01-19,24.1,18.7,0.0,85.0,76.0,1020.1,5.400000000000002,0.5714285714285714,-1.0
2017-01-21,19.0,14.6,0.0,67.0,35.0,1025.3,4.4,0.5714285714285714,5.199999999999932
2017-01-22,19.8,13.6,0.0,58.0,9.0,1026.1,6.200000000000001,0.42857142857142855,0.7999999999999545
2017-01-23,19.4,15.2,0.0,71.0,61.0,1025.7,4.199999999999999,0.2857142857142857,-0.3999999999998636
2017-01-24,18.9,15.7,0.0,72.0,79.0,1025.4,3.1999999999999993,0.14285714285714285,-0.2999999999999545
2017-01-25,20.9,15.9,0.0,76.0,42.0,1025.5,4.999999999999998,0.0,0.09999999999990905
2017-01-26,19.8,16.2,0.0,75.0,45.0,1024.3,3.6000000000000014,0.0,-1.2000000000000455
2017-01-27,21.3,14.4,0.0,69.0,13.0,1022.6,6.9,0.0,-1.6999999999999318
2017-01-28,18.8,16.4,0.3,79.0,78.0,1018.6,2.400000000000002,0.14285714285714285,-4.0
2017-01-29,21.5,18.1,2.4,88.0,88.0,1016.6,3.3999999999999986,0.2857142857142857,-2.0
2017-01-30,23.4,17.4,1.2,90.0,88.0,1018.2,6.0,0.42857142857142855,1.6000000000000227
2017-01-31,17.6,15.9,0.5,87.0,88.0,1020.2,1.700000000000001,0.5714285714285714,2.0
2017-02-03,19.6,15.4,0.0,76.0,87.0,1020.3,4.200000000000001,0.5714285714285714,0.09999999999990905
2017-02-04,20.9,16.3,1.6,79.0,72.0,1016.0,4.599999999999998,0.7142857142857143,-4.2999999999999545
2017-02-05,22.0,16.7,3.3,83.0,67.0,1013.9,5.300000000000001,0.8571428571428571,-2.1000000000000227
2017-02-07,18.7,15.9,0.0,74.0,83.0,1016.9,2.799999999999999,0.7142857142857143,3.0
2017-02-10,15.6,10.8,0.0,56.0,88.0,1023.3,4.799999999999999,0.5714285714285714,6.399999999999977
2017-02-11,17.9,11.5,0.0,57.0,32.0,1026.3,6.399999999999999,0.42857142857142855,3.0
2017-02-12,19.1,12.5,0.0,66.0,6.0,1026.7,6.600000000000001,0.2857142857142857,0.40000000000009095
2017-02-13,20.1,13.1,0.0,65.0,9.0,1027.1,7.000000000000002,0.2857142857142857,0.3999999999998636
2017-02-14,21.1,15.6,0.0,62.0,34.0,1028.2,5.500000000000002,0.14285714285714285,1.1000000000001364
2017-02-15,20.9,15.3,0.0,62.0,20.0,1026.1,5.599999999999998,0.0,-2.1000000000001364
2017-02-16,24.0,15.4,0.0,69.0,11.0,1021.6,8.6,0.0,-4.499999999999886
2017-02-17,25.4,17.1,0.0,74.0,39.0,1020.6,8.299999999999997,0.0,-1.0
2017-02-18,24.1,18.0,0.0,76.0,33.0,1021.2,6.100000000000001,0.0,0.6000000000000227
2017-02-19,19.1,16.4,0.3,82.0,88.0,1018.0,2.700000000000003,0.14285714285714285,-3.2000000000000455
2017-02-21,21.1,16.6,4.6,90.0,90.0,1017.1,4.5,0.2857142857142857,-0.8999999999999773
2017-02-22,21.3,16.4,8.0,91.0,89.0,1015.3,4.900000000000002,0.42857142857142855,-1.8000000000000682
2017-02-25,13.8,10.7,0.7,85.0,89.0,1020.9,3.1000000000000014,0.5714285714285714,5.600000000000023
2017-02-26,17.0,10.6,1.4,79.0,88.0,1021.2,6.4,0.7142857142857143,0.3000000000000682
2017-02-27,19.8,15.4,0.0,66.0,77.0,1022.5,4.4,0.7142857142857143,1.2999999999999545
2017-02-28,20.8,15.1,0.0,64.0,51.0,1020.6,5.700000000000001,0.7142857142857143,-1.8999999999999773
2017-03-01,22.9,15.9,0.0,67.0,72.0,1019.5,6.999999999999998,0.5714285714285714,-1.1000000000000227
2017-03-02,23.9,17.2,0.0,45.0,12.0,1019.2,6.699999999999999,0.42857142857142855,-0.2999999999999545
2017-03-03,20.1,15.7,0.0,67.0,43.0,1017.0,4.400000000000002,0.2857142857142857,-2.2000000000000455
2017-03-04,21.8,16.8,0.0,73.0,76.0,1014.1,5.0,0.14285714285714285,-2.8999999999999773
2017-03-05,24.0,18.7,0.0,83.0,80.0,1012.4,5.300000000000001,0.0,-1.7000000000000455
2017-03-08,17.3,15.0,2.8,86.0,89.0,1017.5,2.3000000000000007,0.14285714285714285,5.100000000000023
2017-03-12,19.5,17.0,1.0,90.0,92.0,1014.3,2.5,0.2857142857142857,-3.2000000000000455
2017-03-13,24.4,19.4,0.0,92.0,86.0,1011.8,5.0,0.2857142857142857,-2.5
2017-03-14,22.0,16.8,8.5,94.0,93.0,1015.8,5.199999999999999,0.42857142857142855,4.0
2017-03-18,20.1,17.4,0.3,90.0,91.0,1017.8,2.700000000000003,0.5714285714285714,2.0
2017-03-19,20.6,18.9,10.7,94.0,99.0,1017.3,1.7000000000000028,0.7142857142857143,-0.5
2017-03-21,27.6,19.1,0.6,85.0,69.0,1015.0,8.5,0.8571428571428571,-2.2999999999999545
2017-03-22,19.7,17.6,0.9,88.0,88.0,1014.1,2.099999999999998,0.8571428571428571,-0.8999999999999773
2017-03-23,24.6,19.0,0.0,84.0,83.0,1015.0,5.600000000000001,0.7142857142857143,0.8999999999999773
2017-03-26,16.9,13.8,1.0,76.0,86.0,1022.0,3.099999999999998,0.8571428571428571,7.0
2017-03-27,21.5,16.3,0.0,55.0,73.0,1022.7,5.199999999999999,0.7142857142857143,0.7000000000000455
2017-03-28,24.9,18.1,0.0,70.0,60.0,1019.2,6.799999999999997,0.5714285714285714,-3.5
2017-03-29,23.7,20.4,0.3,84.0,88.0,1018.3,3.3000000000000007,0.5714285714285714,-0.900000000000091
2017-03-31,23.7,15.5,21.9,92.0,85.0,1015.3,8.2,0.5714285714285714,-3.0
2017-04-01,23.9,15.5,0.2,70.0,35.0,1019.9,8.399999999999999,0.5714285714285714,4.600000000000023
2017-04-02,24.2,17.0,0.0,64.0,17.0,1021.5,7.199999999999999,0.5714285714285714,1.6000000000000227
2017-04-03,24.5,17.5,0.0,68.0,22.0,1020.8,7.0,0.42857142857142855,-0.7000000000000455
2017-04-04,26.0,19.3,0.0,77.0,51.0,1018.4,6.699999999999999,0.42857142857142855,-2.3999999999999773
2017-04-05,27.9,20.9,0.0,81.0,80.0,1014.8,7.0,0.42857142857142855,-3.6000000000000227
2017-04-06,25.0,22.5,0.3,87.0,86.0,1012.5,2.5,0.42857142857142855,-2.2999999999999545
2017-04-07,27.9,22.6,0.0,84.0,63.0,1012.4,5.299999999999997,0.2857142857142857,-0.10000000000002274
2017-04-08,27.5,23.0,0.0,85.0,62.0,1012.2,4.5,0.14285714285714285,-0.1999999999999318
2017-04-09,27.9,23.5,0.0,84.0,77.0,1009.4,4.399999999999999,0.14285714285714285,-2.800000000000068
2017-04-11,27.8,22.2,0.6,90.0,89.0,1007.7,5.600000000000001,0.2857142857142857,-1.6999999999999318
2017-04-12,22.8,18.2,21.5,89.0,88.0,1013.2,4.600000000000001,0.42857142857142855,5.5
2017-04-14,24.7,19.9,0.0,78.0,81.0,1015.2,4.800000000000001,0.42857142857142855,2.0
2017-04-15,26.9,21.6,0.0,86.0,84.0,1013.5,5.299999999999997,0.2857142857142857,-1.7000000000000455
2017-04-18,30.7,23.9,0.0,79.0,48.0,1008.9,6.800000000000001,0.2857142857142857,-4.600000000000023
2017-04-19,29.4,24.7,0.0,78.0,49.0,1009.1,4.699999999999999,0.2857142857142857,0.20000000000004547
2017-04-20,27.5,25.1,3.1,86.0,84.0,1009.8,2.3999999999999986,0.42857142857142855,0.6999999999999318
2017-04-21,29.4,22.8,7.8,88.0,90.0,1008.1,6.599999999999998,0.42857142857142855,-1.6999999999999318
2017-04-22,24.5,18.5,6.6,79.0,90.0,1012.9,6.0,0.42857142857142855,4.7999999999999545
2017-04-23,21.8,19.9,1.4,83.0,88.0,1014.8,1.9000000000000021,0.5714285714285714,1.8999999999999773
2017-04-25,22.9,20.7,10.9,92.0,89.0,1012.4,2.1999999999999993,0.7142857142857143,-2.3999999999999773
2017-04-26,26.8,22.4,2.9,95.0,89.0,1010.9,4.400000000000002,0.8571428571428571,-1.5
2017-04-27,24.0,20.6,3.5,88.0,89.0,1012.5,3.3999999999999986,1.0,1.6000000000000227
2017-04-28,24.8,20.2,0.0,74.0,67.0,1015.2,4.600000000000001,0.8571428571428571,2.7000000000000455
2017-04-29,27.3,19.9,0.0,75.0,35.0,1014.4,7.400000000000002,0.7142857142857143,-0.8000000000000682
2017-04-30,28.2,21.4,0.0,75.0,25.0,1013.3,6.800000000000001,0.5714285714285714,-1.1000000000000227
2017-05-01,29.5,22.6,0.0,81.0,58.0,1012.6,6.899999999999999,0.42857142857142855,-0.6999999999999318
2017-05-02,28.1,24.3,0.0,85.0,83.0,1011.9,3.8000000000000007,0.2857142857142857,-0.7000000000000455
2017-05-04,27.6,22.9,42.5,90.0,84.0,1011.9,4.700000000000003,0.2857142857142857,0.0
2017-05-05,29.8,23.4,0.0,81.0,59.0,1013.7,6.400000000000002,0.14285714285714285,1.8000000000000682
2017-05-07,27.7,24.8,1.8,86.0,82.0,1014.6,2.8999999999999986,0.2857142857142857,0.8999999999999773
2017-05-08,28.6,23.1,9.2,83.0,87.0,1012.0,5.5,0.42857142857142855,-2.6000000000000227
2017-05-09,29.3,22.6,10.8,81.0,77.0,1012.4,6.699999999999999,0.5714285714285714,0.39999999999997726
2017-05-10,29.6,25.3,0.0,81.0,84.0,1013.8,4.300000000000001,0.5714285714285714,1.3999999999999773
2017-05-11,31.6,25.7,0.0,81.0,77.0,1013.8,5.900000000000002,0.5714285714285714,0.0
2017-05-13,26.6,24.5,4.7,80.0,85.0,1010.2,2.1000000000000014,0.5714285714285714,-3.599999999999909
2017-05-15,27.0,24.6,38.5,94.0,86.0,1008.7,2.3999999999999986,0.7142857142857143,-1.5
2017-05-16,26.6,23.6,3.0,85.0,84.0,1007.6,3.0,0.7142857142857143,-1.1000000000000227
2017-05-17,29.9,23.8,0.0,77.0,76.0,1009.7,6.099999999999998,0.5714285714285714,2.1000000000000227
2017-05-18,27.4,24.3,0.1,74.0,86.0,1012.0,3.099999999999998,0.5714285714285714,2.2999999999999545
2017-05-19,26.0,23.7,0.7,80.0,88.0,1011.0,2.3000000000000007,0.7142857142857143,-1.0
2017-05-20,24.8,22.7,0.3,88.0,88.0,1008.7,2.1000000000000014,0.8571428571428571,-2.2999999999999545
2017-05-21,24.9,23.0,4.4,90.0,88.0,1007.7,1.8999999999999986,0.8571428571428571,-1.0
2017-05-22,25.2,23.8,5.6,93.0,88.0,1008.1,1.3999999999999986,0.8571428571428571,0.39999999999997726
2017-05-23,28.5,24.6,4.1,93.0,86.0,1007.8,3.8999999999999986,0.8571428571428571,-0.3000000000000682
2017-05-24,26.2,24.2,273.6,95.0,92.0,1006.8,2.0,1.0,-1.0
2017-05-25,28.5,23.9,0.0,79.0,84.0,1008.7,4.600000000000001,0.8571428571428571,1.900000000000091
2017-05-26,26.8,23.9,0.0,76.0,72.0,1010.2,2.900000000000002,0.7142857142857143,1.5
2017-05-28,30.5,24.8,0.0,68.0,43.0,1009.6,5.699999999999999,0.5714285714285714,-0.6000000000000227
2017-05-29,30.3,24.9,0.0,74.0,48.0,1009.9,5.400000000000002,0.42857142857142855,0.2999999999999545
2017-05-31,31.3,25.6,0.0,79.0,69.0,1006.6,5.699999999999999,0.2857142857142857,-3.2999999999999545
2017-06-03,32.5,28.5,0.0,83.0,84.0,1002.7,4.0,0.14285714285714285,-3.8999999999999773
2017-06-07,34.0,27.2,4.3,80.0,50.0,1010.0,6.800000000000001,0.14285714285714285,7.2999999999999545
2017-06-08,32.5,28.3,0.0,80.0,63.0,1009.9,4.199999999999999,0.14285714285714285,-0.10000000000002274
2017-06-09,31.9,28.1,1.1,81.0,81.0,1009.2,3.799999999999997,0.2857142857142857,-0.6999999999999318
2017-06-12,30.0,25.3,37.7,87.0,80.0,1001.9,4.699999999999999,0.42857142857142855,-7.300000000000068
2017-06-13,28.9,24.3,219.4,93.0,91.0,1006.2,4.599999999999998,0.5714285714285714,4.300000000000068
2017-06-14,29.5,25.5,15.6,85.0,88.0,1008.6,4.0,0.7142857142857143,2.3999999999999773
2017-06-15,31.1,26.8,14.5,81.0,88.0,1007.6,4.300000000000001,0.8571428571428571,-1.0
2017-06-16,29.6,27.8,13.5,85.0,88.0,1005.1,1.8000000000000007,0.8571428571428571,-2.5
2017-06-17,28.4,24.4,138.0,96.0,93.0,1003.7,4.0,1.0,-1.3999999999999773
2017-06-18,27.3,24.7,24.2,91.0,91.0,1004.7,2.6000000000000014,1.0,1.0
2017-06-19,28.3,25.3,32.6,92.0,86.0,1005.3,3.0,1.0,0.599999999999909
2017-06-20,28.2,25.2,24.8,91.0,88.0,1005.1,3.0,1.0,-0.1999999999999318
2017-06-21,29.2,25.2,95.9,90.0,89.0,1005.3,4.0,1.0,0.1999999999999318
2017-06-23,31.6,27.5,10.5,84.0,80.0,1007.7,4.100000000000001,1.0,2.400000000000091
2017-06-24,30.8,26.4,18.3,85.0,79.0,1006.3,4.400000000000002,1.0,-1.400000000000091
2017-06-25,31.5,26.8,4.2,79.0,81.0,1006.9,4.699999999999999,1.0,0.6000000000000227
2017-06-26,32.0,28.6,0.1,78.0,85.0,1008.4,3.3999999999999986,1.0,1.5
2017-06-27,31.5,28.6,1.3,79.0,83.0,1009.5,2.8999999999999986,1.0,1.1000000000000227
2017-06-28,32.3,28.2,0.0,77.0,58.0,1010.2,4.099999999999998,0.8571428571428571,0.7000000000000455
2017-06-29,32.8,27.9,0.0,78.0,62.0,1009.7,4.899999999999999,0.7142857142857143,-0.5
2017-06-30,33.7,27.6,0.0,75.0,64.0,1007.8,6.100000000000001,0.5714285714285714,-1.900000000000091
2017-07-01,31.7,26.7,7.4,79.0,82.0,1006.3,5.0,0.5714285714285714,-1.5
2017-07-02,30.3,26.2,8.8,84.0,88.0,1005.8,4.100000000000001,0.5714285714285714,-0.5
2017-07-03,30.7,26.7,8.4,83.0,87.0,1006.1,4.0,0.5714285714285714,0.3000000000000682
2017-07-04,28.6,25.3,32.3,92.0,84.0,1008.4,3.3000000000000007,0.5714285714285714,2.2999999999999545
2017-07-05,31.0,26.5,27.5,89.0,85.0,1009.3,4.5,0.7142857142857143,0.8999999999999773
2017-07-06,28.7,25.8,16.3,93.0,88.0,1008.1,2.8999999999999986,0.8571428571428571,-1.1999999999999318
2017-07-07,29.8,26.0,35.8,87.0,88.0,1008.5,3.8000000000000007,1.0,0.39999999999997726
2017-07-08,28.9,26.3,12.8,91.0,88.0,1009.9,2.599999999999998,1.0,1.3999999999999773
2017-07-09,32.3,27.1,1.2,81.0,77.0,1009.7,5.199999999999996,1.0,-0.1999999999999318
2017-07-10,32.1,27.5,0.6,77.0,83.0,1008.5,4.600000000000001,1.0,-1.2000000000000455
2017-07-11,32.7,27.6,0.0,78.0,68.0,1010.1,5.100000000000001,0.8571428571428571,1.6000000000000227
2017-07-14,32.8,27.4,2.3,82.0,72.0,1007.6,5.399999999999999,0.8571428571428571,-2.5
2017-07-15,32.1,27.0,8.8,84.0,82.0,1007.4,5.100000000000001,0.8571428571428571,-0.20000000000004547
2017-07-16,28.5,26.1,21.0,90.0,88.0,1007.8,2.3999999999999986,0.8571428571428571,0.39999999999997726
2017-07-17,28.8,24.4,184.6,95.0,88.0,1008.9,4.400000000000002,0.8571428571428571,1.1000000000000227
2017-07-18,27.8,24.6,134.3,96.0,91.0,1011.2,3.1999999999999993,0.8571428571428571,2.300000000000068
2017-07-19,30.8,24.5,12.6,89.0,84.0,1009.3,6.300000000000001,0.8571428571428571,-1.900000000000091
2017-07-20,30.8,27.2,2.0,85.0,88.0,1008.6,3.6000000000000014,1.0,-0.6999999999999318
2017-07-21,32.2,27.6,0.2,81.0,79.0,1009.4,4.600000000000001,1.0,0.7999999999999545
2017-07-22,33.1,26.5,3.3,81.0,75.0,1008.8,6.600000000000001,1.0,-0.6000000000000227
2017-07-23,28.8,25.6,46.5,87.0,86.0,1005.7,3.1999999999999993,1.0,-3.099999999999909
2017-07-24,31.2,25.8,3.3,89.0,74.0,1005.5,5.399999999999999,1.0,-0.20000000000004547
2017-07-26,34.4,27.1,0.0,77.0,60.0,1004.1,7.299999999999997,0.8571428571428571,-1.3999999999999773
2017-07-28,34.4,28.1,0.0,73.0,57.0,1003.6,6.299999999999997,0.7142857142857143,-0.5
2017-07-29,33.8,28.8,0.0,72.0,69.0,999.9,4.9999999999999964,0.5714285714285714,-3.7000000000000455
2017-07-30,34.8,29.6,0.0,74.0,69.0,996.0,5.199999999999996,0.42857142857142855,-3.8999999999999773
2017-07-31,32.4,29.8,0.0,79.0,83.0,997.9,2.599999999999998,0.2857142857142857,1.8999999999999773
2017-08-01,33.2,28.3,5.9,80.0,88.0,1001.4,4.900000000000002,0.2857142857142857,3.5
2017-08-02,31.0,27.3,14.8,83.0,88.0,1002.2,3.6999999999999993,0.2857142857142857,0.8000000000000682
2017-08-03,29.8,25.3,66.7,88.0,90.0,1001.8,4.5,0.42857142857142855,-0.40000000000009095
2017-08-04,29.3,25.9,19.3,89.0,79.0,1003.0,3.400000000000002,0.5714285714285714,1.2000000000000455
2017-08-05,34.0,27.1,0.9,80.0,46.0,1005.5,6.899999999999999,0.7142857142857143,2.5
2017-08-06,32.9,28.5,0.0,78.0,61.0,1006.4,4.399999999999999,0.7142857142857143,0.8999999999999773
2017-08-07,33.0,27.3,6.9,77.0,66.0,1006.3,5.699999999999999,0.8571428571428571,-0.10000000000002274
2017-08-08,32.8,28.4,1.9,78.0,74.0,1006.6,4.399999999999999,0.8571428571428571,0.3000000000000682
2017-08-09,31.0,26.3,14.3,81.0,85.0,1006.1,4.699999999999999,0.8571428571428571,-0.5
2017-08-10,31.4,27.6,11.1,81.0,88.0,1006.1,3.799999999999997,0.8571428571428571,0.0
2017-08-11,31.6,28.9,3.5,79.0,82.0,1007.6,2.700000000000003,0.8571428571428571,1.5
2017-08-12,32.5,29.0,0.0,76.0,72.0,1008.7,3.5,0.7142857142857143,1.1000000000000227
2017-08-13,32.4,28.6,0.0,76.0,59.0,1009.1,3.799999999999997,0.7142857142857143,0.39999999999997726
2017-08-15,32.9,28.1,0.2,74.0,66.0,1008.4,4.799999999999997,0.7142857142857143,-0.7000000000000455
2017-08-17,33.0,27.9,0.0,73.0,71.0,1009.1,5.100000000000001,0.5714285714285714,0.7000000000000455
2017-08-18,34.3,28.1,0.0,76.0,60.0,1010.3,6.199999999999996,0.42857142857142855,1.1999999999999318
2017-08-19,34.0,28.4,0.0,71.0,61.0,1009.8,5.600000000000001,0.2857142857142857,-0.5
2017-08-20,33.4,28.5,0.0,75.0,29.0,1007.1,4.899999999999999,0.14285714285714285,-2.699999999999932
2017-08-21,34.5,28.6,0.0,72.0,42.0,1003.2,5.899999999999999,0.14285714285714285,-3.8999999999999773
2017-08-22,36.6,28.0,2.0,76.0,74.0,999.7,8.600000000000001,0.2857142857142857,-3.5
2017-08-23,29.5,25.4,67.1,89.0,93.0,996.9,4.100000000000001,0.2857142857142857,-2.800000000000068
2017-08-25,32.7,27.8,0.1,81.0,81.0,1008.3,4.900000000000002,0.42857142857142855,11.399999999999977
2017-08-26,34.3,26.2,6.3,73.0,65.0,1006.4,8.099999999999998,0.5714285714285714,-1.8999999999999773
2017-08-27,26.9,24.0,165.3,95.0,89.0,1004.3,2.8999999999999986,0.7142857142857143,-2.1000000000000227
2017-08-28,26.3,24.5,98.3,96.0,90.0,1010.2,1.8000000000000007,0.8571428571428571,5.900000000000091
2017-08-29,31.4,24.6,0.0,79.0,34.0,1010.1,6.799999999999997,0.8571428571428571,-0.10000000000002274
2017-08-30,31.6,27.0,0.4,79.0,49.0,1008.3,4.600000000000001,0.8571428571428571,-1.8000000000000682
2017-08-31,32.8,26.2,4.1,77.0,80.0,1007.3,6.599999999999998,0.8571428571428571,-1.0
2017-09-01,31.7,26.1,6.5,83.0,85.0,1005.6,5.599999999999998,0.8571428571428571,-1.6999999999999318
2017-09-02,30.4,26.4,1.0,83.0,88.0,1004.5,4.0,0.8571428571428571,-1.1000000000000227
2017-09-03,29.9,25.6,23.8,88.0,88.0,1005.4,4.299999999999997,0.8571428571428571,0.8999999999999773
2017-09-04,27.6,25.3,32.8,89.0,90.0,1006.7,2.3000000000000007,0.8571428571428571,1.3000000000000682
2017-09-05,30.7,25.9,6.4,87.0,83.0,1008.5,4.800000000000001,1.0,1.7999999999999545
2017-09-07,30.7,27.5,1.8,84.0,86.0,1008.2,3.1999999999999993,1.0,-0.2999999999999545
2017-09-08,30.9,26.9,1.1,83.0,64.0,1009.3,4.0,1.0,1.099999999999909
2017-09-09,32.0,26.0,25.8,86.0,77.0,1009.0,6.0,1.0,-0.2999999999999545
2017-09-11,32.4,27.6,0.0,75.0,30.0,1009.7,4.799999999999997,0.8571428571428571,0.7000000000000455
2017-09-12,32.8,27.9,0.6,77.0,51.0,1009.3,4.899999999999999,0.8571428571428571,-0.40000000000009095
2017-09-13,34.0,28.3,0.0,73.0,71.0,1009.5,5.699999999999999,0.7142857142857143,0.20000000000004547
2017-09-14,31.5,27.6,0.0,64.0,76.0,1008.5,3.8999999999999986,0.5714285714285714,-1.0
2017-09-16,32.6,27.7,0.0,73.0,52.0,1009.9,4.900000000000002,0.42857142857142855,1.3999999999999773
2017-09-17,32.6,28.5,0.0,72.0,36.0,1009.4,4.100000000000001,0.2857142857142857,-0.5
2017-09-18,32.9,27.8,0.0,75.0,30.0,1009.8,5.099999999999998,0.14285714285714285,0.39999999999997726
2017-09-19,32.2,27.6,0.0,75.0,39.0,1010.2,4.600000000000001,0.14285714285714285,0.40000000000009095
2017-09-20,32.0,27.6,0.2,78.0,73.0,1009.3,4.399999999999999,0.14285714285714285,-0.900000000000091
2017-09-22,32.0,26.1,17.9,83.0,72.0,1009.9,5.899999999999999,0.2857142857142857,0.6000000000000227
2017-09-23,31.4,26.7,33.4,85.0,75.0,1010.8,4.699999999999999,0.42857142857142855,0.8999999999999773
2017-09-24,30.5,27.1,5.6,84.0,81.0,1008.8,3.3999999999999986,0.5714285714285714,-2.0
2017-09-25,31.9,27.7,0.5,81.0,81.0,1010.1,4.199999999999999,0.7142857142857143,1.3000000000000682
2017-09-26,32.9,27.8,0.0,78.0,41.0,1011.0,5.099999999999998,0.7142857142857143,0.8999999999999773
2017-09-27,33.0,27.7,0.0,78.0,34.0,1009.6,5.300000000000001,0.7142857142857143,-1.3999999999999773
2017-09-28,34.1,28.2,0.0,72.0,25.0,1009.2,5.900000000000002,0.5714285714285714,-0.39999999999997726
2017-09-30,30.3,25.9,35.0,86.0,72.0,1013.7,4.400000000000002,0.5714285714285714,4.5
2017-10-01,30.1,27.6,6.6,86.0,80.0,1011.7,2.5,0.5714285714285714,-2.0
2017-10-02,32.7,26.4,3.6,83.0,66.0,1011.1,6.300000000000004,0.5714285714285714,-0.6000000000000227
2017-10-03,33.5,28.3,0.0,78.0,52.0,1012.3,5.199999999999999,0.42857142857142855,1.1999999999999318
2017-10-04,31.0,27.5,9.5,82.0,76.0,1014.0,3.5,0.5714285714285714,1.7000000000000455
2017-10-06,31.1,27.4,0.2,75.0,83.0,1013.1,3.700000000000003,0.7142857142857143,-0.8999999999999773
2017-10-07,31.7,27.9,0.0,74.0,76.0,1013.0,3.8000000000000007,0.7142857142857143,-0.10000000000002274
2017-10-08,31.5,27.3,0.0,75.0,82.0,1011.8,4.199999999999999,0.5714285714285714,-1.2000000000000455
2017-10-11,32.5,28.3,0.2,73.0,43.0,1011.2,4.199999999999999,0.5714285714285714,-0.599999999999909
2017-10-12,32.7,27.6,0.0,69.0,69.0,1009.9,5.100000000000001,0.42857142857142855,-1.3000000000000682
2017-10-13,30.6,24.5,0.0,64.0,59.0,1007.9,6.100000000000001,0.42857142857142855,-2.0
2017-10-14,25.6,21.9,0.4,68.0,88.0,1004.5,3.700000000000003,0.42857142857142855,-3.3999999999999773
2017-10-15,26.9,20.4,20.7,89.0,89.0,1000.3,6.5,0.42857142857142855,-4.2000000000000455
2017-10-16,27.5,25.6,17.1,91.0,88.0,1008.1,1.8999999999999986,0.5714285714285714,7.800000000000068
2017-10-17,27.6,24.7,41.3,87.0,89.0,1012.2,2.900000000000002,0.7142857142857143,4.100000000000023
2017-10-19,27.9,23.4,0.0,71.0,70.0,1011.9,4.5,0.5714285714285714,-0.3000000000000682
2017-10-20,27.8,22.3,0.0,69.0,72.0,1012.1,5.5,0.5714285714285714,0.20000000000004547
2017-10-21,27.2,21.6,0.0,64.0,33.0,1012.1,5.599999999999998,0.5714285714285714,0.0
2017-10-22,26.3,20.2,0.0,60.0,9.0,1012.4,6.100000000000001,0.42857142857142855,0.2999999999999545
2017-10-23,27.7,20.8,0.0,62.0,6.0,1015.6,6.899999999999999,0.2857142857142857,3.2000000000000455
2017-10-24,27.3,22.5,0.0,65.0,14.0,1018.5,4.800000000000001,0.14285714285714285,2.8999999999999773
2017-10-26,28.1,22.1,0.0,71.0,18.0,1016.3,6.0,0.0,-2.2000000000000455
2017-10-27,28.6,22.1,0.0,60.0,40.0,1013.9,6.5,0.0,-2.3999999999999773
2017-10-28,28.0,22.5,0.0,54.0,21.0,1014.8,5.5,0.0,0.8999999999999773
2017-10-29,27.0,21.7,0.0,53.0,31.0,1018.0,5.300000000000001,0.0,3.2000000000000455
2017-11-01,26.4,20.5,0.0,66.0,29.0,1017.2,5.899999999999999,0.0,-0.7999999999999545
2017-11-02,27.8,20.9,0.0,67.0,22.0,1014.3,6.900000000000002,0.0,-2.900000000000091
2017-11-03,27.6,22.0,0.0,63.0,64.0,1015.5,5.600000000000001,0.0,1.2000000000000455
2017-11-04,25.8,20.7,0.3,58.0,86.0,1018.9,5.100000000000001,0.14285714285714285,3.3999999999999773
2017-11-07,26.0,21.8,0.3,75.0,88.0,1016.0,4.199999999999999,0.2857142857142857,-2.8999999999999773
2017-11-10,28.4,22.9,0.0,74.0,56.0,1014.9,5.5,0.2857142857142857,-1.1000000000000227
2017-11-11,26.5,23.4,0.0,78.0,89.0,1014.1,3.1000000000000014,0.2857142857142857,-0.7999999999999545
2017-11-12,23.5,21.1,14.7,87.0,93.0,1013.6,2.3999999999999986,0.42857142857142855,-0.5
2017-11-13,22.7,21.5,12.5,91.0,95.0,1013.2,1.1999999999999993,0.5714285714285714,-0.39999999999997726
2017-11-14,24.0,22.0,0.2,88.0,88.0,1014.6,2.0,0.7142857142857143,1.3999999999999773
2017-11-15,23.9,22.6,0.0,84.0,84.0,1016.0,1.2999999999999972,0.5714285714285714,1.3999999999999773
2017-11-16,26.2,22.2,0.0,81.0,68.0,1015.1,4.0,0.42857142857142855,-0.8999999999999773
2017-11-17,26.2,22.9,0.0,84.0,42.0,1011.6,3.3000000000000007,0.42857142857142855,-3.5
2017-11-18,26.5,20.1,1.9,83.0,60.0,1012.2,6.399999999999999,0.5714285714285714,0.6000000000000227
2017-11-19,20.2,19.4,1.0,84.0,88.0,1017.7,0.8000000000000007,0.5714285714285714,5.5
2017-11-20,20.3,17.9,0.0,78.0,91.0,1018.8,2.400000000000002,0.42857142857142855,1.099999999999909
2017-11-21,21.4,17.5,0.0,77.0,88.0,1018.0,3.8999999999999986,0.2857142857142857,-0.7999999999999545
2017-11-22,22.9,17.3,0.0,70.0,60.0,1016.5,5.599999999999998,0.2857142857142857,-1.5
2017-11-23,20.3,15.5,0.0,64.0,47.0,1019.9,4.800000000000001,0.2857142857142857,3.3999999999999773
2017-11-24,20.8,16.5,0.0,65.0,86.0,1022.1,4.300000000000001,0.2857142857142857,2.2000000000000455
2017-11-25,19.1,16.9,0.0,73.0,88.0,1021.5,2.200000000000003,0.14285714285714285,-0.6000000000000227
2017-11-26,22.4,18.1,0.0,73.0,73.0,1020.2,4.299999999999997,0.0,-1.2999999999999545
2017-11-29,26.4,21.6,0.0,82.0,74.0,1016.9,4.799999999999997,0.0,-3.300000000000068
2017-11-30,23.2,21.8,0.3,90.0,86.0,1016.9,1.3999999999999986,0.14285714285714285,0.0
2017-12-02,22.9,17.5,0.0,73.0,65.0,1019.1,5.399999999999999,0.14285714285714285,2.2000000000000455
2017-12-03,22.9,18.9,0.0,76.0,52.0,1017.7,4.0,0.14285714285714285,-1.3999999999999773
2017-12-04,22.3,18.0,0.0,71.0,36.0,1018.3,4.300000000000001,0.14285714285714285,0.599999999999909
2017-12-05,20.4,17.7,0.0,71.0,78.0,1020.0,2.6999999999999993,0.14285714285714285,1.7000000000000455
2017-12-06,21.1,17.5,0.0,73.0,41.0,1018.5,3.6000000000000014,0.14285714285714285,-1.5
2017-12-07,21.8,17.8,0.0,69.0,57.0,1018.2,4.0,0.14285714285714285,-0.2999999999999545
2017-12-08,19.4,15.3,0.0,49.0,9.0,1021.2,4.099999999999998,0.0,3.0
2017-12-09,18.0,13.3,0.0,56.0,15.0,1019.7,4.699999999999999,0.0,-1.5
2017-12-10,20.4,14.9,0.0,60.0,37.0,1018.2,5.499999999999998,0.0,-1.5
2017-12-11,21.1,17.0,0.0,58.0,57.0,1018.3,4.100000000000001,0.0,0.09999999999990905
2017-12-15,21.3,18.5,0.0,81.0,79.0,1019.2,2.8000000000000007,0.0,0.900000000000091
2017-12-16,19.5,12.2,0.0,67.0,69.0,1023.4,7.300000000000001,0.0,4.199999999999932
2017-12-17,14.0,10.8,0.0,64.0,81.0,1026.6,3.1999999999999993,0.0,3.199999999999932
2017-12-18,15.8,9.8,0.0,57.0,23.0,1025.5,6.0,0.0,-1.099999999999909
2017-12-19,16.5,10.7,0.0,46.0,40.0,1025.6,5.800000000000001,0.0,0.09999999999990905
2017-12-20,17.8,12.4,0.0,40.0,29.0,1027.3,5.4,0.0,1.7000000000000455
2017-12-21,17.0,12.4,0.0,53.0,23.0,1025.7,4.6,0.0,-1.599999999999909
2017-12-22,19.1,14.5,0.0,65.0,52.0,1021.2,4.600000000000001,0.0,-4.5
2017-12-23,21.1,17.1,0.0,73.0,91.0,1017.5,4.0,0.0,-3.7000000000000455
2017-12-24,23.1,18.1,0.0,60.0,28.0,1018.1,5.0,0.0,0.6000000000000227
2017-12-25,19.7,16.3,0.0,53.0,64.0,1019.8,3.3999999999999986,0.0,1.6999999999999318
2017-12-26,19.7,16.3,0.0,73.0,69.0,1021.0,3.3999999999999986,0.0,1.2000000000000455
2017-12-27,19.4,16.2,0.0,75.0,51.0,1021.2,3.1999999999999993,0.0,0.20000000000004547
2017-12-29,21.5,17.7,0.0,77.0,46.0,1021.3,3.8000000000000007,0.0,0.09999999999990905
2017-12-30,22.6,17.6,0.0,71.0,44.0,1021.6,5.0,0.0,0.3000000000000682
2018-01-01,19.0,16.3,0.0,78.0,75.0,1020.5,2.6999999999999993,0.0,-1.1000000000000227
2018-01-02,19.2,16.0,0.0,78.0,77.0,1019.3,3.1999999999999993,0.0,-1.2000000000000455
2018-01-03,22.0,18.2,0.0,76.0,79.0,1018.5,3.8000000000000007,0.0,-0.7999999999999545
2018-01-04,20.5,18.1,0.2,82.0,86.0,1016.7,2.3999999999999986,0.14285714285714285,-1.7999999999999545
2018-01-05,22.8,17.2,0.2,87.0,88.0,1015.3,5.600000000000001,0.2857142857142857,-1.400000000000091
2018-01-06,17.3,15.9,3.7,92.0,94.0,1014.6,1.4000000000000004,0.42857142857142855,-0.6999999999999318
2018-01-07,17.6,15.7,16.2,93.0,95.0,1014.3,1.9000000000000021,0.5714285714285714,-0.3000000000000682
2018-01-08,18.7,9.5,11.6,95.0,91.0,1015.2,9.2,0.7142857142857143,0.900000000000091
2018-01-09,10.7,7.9,9.9,82.0,97.0,1023.1,2.799999999999999,0.8571428571428571,7.899999999999977
2018-01-12,15.3,10.5,0.0,46.0,11.0,1027.1,4.800000000000001,0.8571428571428571,3.9999999999998863
2018-01-13,14.6,11.3,0.0,67.0,18.0,1026.0,3.299999999999999,0.7142857142857143,-1.099999999999909
2018-01-14,17.2,12.0,0.0,70.0,11.0,1022.9,5.199999999999999,0.5714285714285714,-3.1000000000000227
2018-01-15,18.2,13.0,0.0,79.0,16.0,1018.9,5.199999999999999,0.42857142857142855,-4.0
2018-01-16,22.6,14.8,0.0,75.0,23.0,1015.4,7.800000000000001,0.2857142857142857,-3.5
2018-01-17,25.5,15.9,0.0,60.0,9.0,1014.4,9.6,0.14285714285714285,-1.0
2018-01-18,24.0,15.9,0.0,76.0,39.0,1016.6,8.1,0.0,2.2000000000000455
2018-01-19,19.3,17.9,0.8,89.0,92.0,1017.8,1.4000000000000021,0.14285714285714285,1.1999999999999318
2018-01-21,21.5,16.8,0.0,81.0,78.0,1015.6,4.699999999999999,0.14285714285714285,-2.199999999999932
2018-01-22,24.8,17.1,0.0,80.0,62.0,1013.9,7.699999999999999,0.14285714285714285,-1.7000000000000455
2018-01-23,22.8,17.2,0.0,78.0,79.0,1015.3,5.600000000000001,0.14285714285714285,1.3999999999999773
2018-01-24,18.6,16.6,0.0,78.0,80.0,1015.5,2.0,0.14285714285714285,0.20000000000004547
2018-01-25,18.8,16.1,0.0,79.0,82.0,1015.7,2.6999999999999993,0.14285714285714285,0.20000000000004547
2018-01-28,18.4,12.6,0.0,81.0,88.0,1014.7,5.799999999999999,0.14285714285714285,-1.0
2018-01-29,12.9,8.9,0.1,76.0,94.0,1020.1,4.0,0.14285714285714285,5.399999999999977
2018-01-30,11.0,8.9,0.2,82.0,100.0,1020.4,2.0999999999999996,0.2857142857142857,0.2999999999999545
2018-01-31,10.6,7.8,19.3,87.0,86.0,1021.0,2.8,0.42857142857142855,0.6000000000000227
2018-02-01,12.3,6.8,0.0,64.0,76.0,1022.2,5.500000000000001,0.42857142857142855,1.2000000000000455
2018-02-03,11.8,8.8,0.0,55.0,88.0,1025.9,3.0,0.42857142857142855,3.7000000000000455
2018-02-04,11.7,9.1,0.0,51.0,88.0,1026.1,2.5999999999999996,0.42857142857142855,0.1999999999998181
2018-02-05,11.8,8.1,0.0,48.0,79.0,1026.6,3.700000000000001,0.42857142857142855,0.5
2018-02-06,14.2,7.9,0.0,50.0,48.0,1023.7,6.299999999999999,0.2857142857142857,-2.8999999999998636
2018-02-07,15.3,10.5,0.0,56.0,79.0,1021.0,4.800000000000001,0.14285714285714285,-2.7000000000000455
2018-02-08,16.7,11.3,0.0,61.0,73.0,1018.8,5.399999999999999,0.0,-2.2000000000000455
2018-02-09,17.1,13.7,0.0,76.0,90.0,1016.5,3.400000000000002,0.0,-2.2999999999999545
2018-02-10,22.1,15.9,0.0,78.0,71.0,1017.4,6.200000000000001,0.0,0.8999999999999773
2018-02-11,19.7,14.5,0.0,63.0,78.0,1022.7,5.199999999999999,0.0,5.300000000000068
2018-02-12,19.0,11.9,0.0,59.0,26.0,1026.4,7.1,0.0,3.7000000000000455
2018-02-13,18.4,12.8,0.0,64.0,32.0,1023.8,5.599999999999998,0.0,-2.6000000000001364
2018-02-14,18.6,14.6,0.0,58.0,74.0,1019.1,4.000000000000002,0.0,-4.699999999999932
2018-02-15,24.0,17.2,0.0,76.0,57.0,1016.0,6.800000000000001,0.0,-3.1000000000000227
2018-02-16,24.8,17.5,0.0,78.0,10.0,1015.0,7.300000000000001,0.0,-1.0
2018-02-18,20.2,16.5,0.0,79.0,87.0,1017.6,3.6999999999999993,0.0,2.6000000000000227
2018-02-22,16.8,13.0,2.3,89.0,100.0,1018.2,3.8000000000000007,0.14285714285714285,0.6000000000000227
2018-02-23,16.5,12.8,2.0,85.0,87.0,1019.9,3.6999999999999993,0.2857142857142857,1.6999999999999318
2018-02-24,20.8,15.5,0.2,72.0,86.0,1019.0,5.300000000000001,0.42857142857142855,-0.8999999999999773
2018-02-27,23.2,15.8,0.0,71.0,83.0,1017.3,7.399999999999999,0.42857142857142855,-1.7000000000000455
2018-03-01,24.8,19.4,0.0,86.0,47.0,1012.5,5.400000000000002,0.42857142857142855,-4.7999999999999545
2018-03-03,23.6,21.0,0.0,91.0,86.0,1011.2,2.6000000000000014,0.42857142857142855,-1.2999999999999545
2018-03-05,27.8,23.4,0.0,84.0,71.0,1012.4,4.400000000000002,0.42857142857142855,1.1999999999999318
2018-03-08,20.5,12.5,20.3,82.0,90.0,1019.4,8.0,0.42857142857142855,7.0
2018-03-09,19.8,11.1,0.0,61.0,12.0,1022.8,8.700000000000001,0.2857142857142857,3.3999999999999773
2018-03-10,20.3,13.7,0.0,66.0,12.0,1022.1,6.600000000000001,0.14285714285714285,-0.6999999999999318
2018-03-11,22.5,15.3,0.0,69.0,20.0,1021.5,7.199999999999999,0.14285714285714285,-0.6000000000000227
2018-03-12,23.3,16.9,0.0,71.0,10.0,1019.0,6.400000000000002,0.14285714285714285,-2.5
2018-03-13,24.5,18.1,0.0,75.0,48.0,1016.7,6.399999999999999,0.14285714285714285,-2.2999999999999545
2018-03-14,20.8,19.4,2.4,83.0,88.0,1014.8,1.4000000000000021,0.2857142857142857,-1.900000000000091
2018-03-16,26.3,20.3,0.0,81.0,39.0,1014.8,6.0,0.14285714285714285,0.0
2018-03-21,24.1,14.5,0.0,51.0,5.0,1016.7,9.600000000000001,0.14285714285714285,1.900000000000091
2018-03-22,24.1,16.2,0.0,57.0,9.0,1016.9,7.900000000000002,0.14285714285714285,0.1999999999999318
2018-03-23,24.7,17.2,0.0,68.0,11.0,1018.4,7.5,0.14285714285714285,1.5
2018-03-26,26.5,20.4,0.0,71.0,69.0,1018.3,6.100000000000001,0.14285714285714285,-0.10000000000002274
2018-03-27,26.0,20.8,0.0,73.0,50.0,1016.2,5.199999999999999,0.14285714285714285,-2.099999999999909
2018-03-28,26.7,21.0,0.0,77.0,41.0,1014.7,5.699999999999999,0.0,-1.5
2018-03-29,27.0,21.1,0.0,78.0,69.0,1014.3,5.899999999999999,0.0,-0.40000000000009095
2018-03-30,27.9,21.2,0.0,76.0,46.0,1015.4,6.699999999999999,0.0,1.1000000000000227
2018-03-31,27.5,21.4,0.0,65.0,31.0,1015.5,6.100000000000001,0.0,0.10000000000002274
2018-04-01,27.9,21.3,0.0,73.0,51.0,1014.5,6.599999999999998,0.0,-1.0
2018-04-02,28.7,21.5,0.0,71.0,22.0,1013.6,7.199999999999999,0.0,-0.8999999999999773
2018-04-03,29.4,21.9,0.0,74.0,38.0,1013.6,7.5,0.0,0.0
2018-04-04,28.5,22.6,0.0,78.0,33.0,1012.7,5.899999999999999,0.0,-0.8999999999999773
2018-04-05,27.8,22.7,0.0,78.0,57.0,1011.6,5.100000000000001,0.0,-1.1000000000000227
2018-04-08,24.9,16.3,0.0,53.0,22.0,1020.7,8.599999999999998,0.0,9.100000000000023
2018-04-09,26.5,19.0,0.0,75.0,43.0,1017.6,7.5,0.0,-3.1000000000000227
2018-04-10,28.5,21.1,0.0,78.0,48.0,1014.7,7.399999999999999,0.0,-2.8999999999999773
2018-04-11,27.6,22.5,0.0,83.0,75.0,1012.3,5.100000000000001,0.0,-2.400000000000091
2018-04-12,28.1,23.9,0.0,82.0,84.0,1011.1,4.200000000000003,0.0,-1.1999999999999318
2018-04-15,25.7,18.6,17.2,85.0,89.0,1014.2,7.099999999999998,0.14285714285714285,3.1000000000000227
2018-04-16,19.4,17.5,2.0,88.0,93.0,1016.5,1.8999999999999986,0.2857142857142857,2.2999999999999545
2018-04-17,22.9,17.4,0.2,82.0,90.0,1017.1,5.5,0.42857142857142855,0.6000000000000227
2018-04-18,25.6,21.1,0.1,78.0,89.0,1015.8,4.5,0.5714285714285714,-1.3000000000000682
2018-04-19,26.3,21.4,0.0,76.0,78.0,1014.6,4.900000000000002,0.5714285714285714,-1.1999999999999318
2018-04-24,26.7,23.9,8.2,85.0,85.0,1009.9,2.8000000000000007,0.7142857142857143,-4.7000000000000455
2018-04-26,24.6,22.7,0.3,84.0,92.0,1013.6,1.9000000000000021,0.8571428571428571,3.7000000000000455
2018-04-28,26.4,23.1,0.1,84.0,89.0,1015.0,3.299999999999997,0.8571428571428571,1.3999999999999773
2018-05-02,31.8,25.6,0.0,75.0,64.0,1012.4,6.199999999999999,0.7142857142857143,-2.6000000000000227
2018-05-03,33.5,22.9,1.9,80.0,82.0,1014.1,10.600000000000001,0.7142857142857143,1.7000000000000455
2018-05-04,25.1,22.1,0.8,82.0,89.0,1016.1,3.0,0.7142857142857143,2.0
2018-05-06,31.0,25.4,1.0,80.0,80.0,1011.3,5.600000000000001,0.8571428571428571,-4.800000000000068
2018-05-07,29.6,24.4,6.7,82.0,88.0,1007.2,5.200000000000003,0.8571428571428571,-4.099999999999909
2018-05-08,27.1,23.7,28.4,91.0,88.0,1008.3,3.400000000000002,0.8571428571428571,1.099999999999909
2018-05-09,25.7,22.8,5.4,88.0,88.0,1012.9,2.8999999999999986,0.8571428571428571,4.600000000000023
2018-05-10,23.9,22.2,8.0,89.0,90.0,1015.0,1.6999999999999993,1.0,2.1000000000000227
2018-05-11,25.3,22.3,1.0,86.0,88.0,1014.2,3.0,1.0,-0.7999999999999545
2018-05-12,30.6,24.2,0.0,82.0,71.0,1012.3,6.400000000000002,0.8571428571428571,-1.900000000000091
2018-05-13,31.5,25.3,0.0,79.0,41.0,1011.0,6.199999999999999,0.7142857142857143,-1.2999999999999545
2018-05-14,31.9,26.6,0.0,77.0,43.0,1010.0,5.299999999999997,0.5714285714285714,-1.0
2018-05-15,32.3,27.1,0.0,76.0,54.0,1009.3,5.199999999999996,0.42857142857142855,-0.7000000000000455
2018-05-16,32.2,26.1,0.0,74.0,46.0,1008.8,6.100000000000001,0.2857142857142857,-0.5
2018-05-17,33.1,27.4,0.0,75.0,64.0,1008.2,5.700000000000003,0.14285714285714285,-0.599999999999909
2018-05-18,33.4,27.7,0.0,74.0,73.0,1007.7,5.699999999999999,0.0,-0.5
2018-05-19,33.4,27.8,0.0,74.0,72.0,1007.7,5.599999999999998,0.0,0.0
2018-05-20,34.5,27.8,0.0,72.0,41.0,1008.4,6.699999999999999,0.0,0.6999999999999318
2018-05-21,34.7,28.1,0.0,71.0,54.0,1009.5,6.600000000000001,0.0,1.1000000000000227
2018-05-22,34.8,27.9,0.0,69.0,28.0,1010.5,6.899999999999999,0.0,1.0
2018-05-23,35.1,27.6,0.0,69.0,18.0,1009.6,7.5,0.0,-0.8999999999999773
2018-05-24,33.5,28.4,0.0,73.0,46.0,1009.3,5.100000000000001,0.0,-0.3000000000000682
2018-05-26,34.7,28.8,0.9,72.0,49.0,1008.3,5.900000000000002,0.14285714285714285,-1.0
2018-05-27,33.4,26.9,3.4,76.0,63.0,1008.9,6.5,0.2857142857142857,0.6000000000000227
2018-05-28,34.5,27.8,0.0,72.0,47.0,1009.0,6.699999999999999,0.2857142857142857,0.10000000000002274
2018-05-29,35.3,28.3,0.0,69.0,24.0,1009.6,6.9999999999999964,0.2857142857142857,0.6000000000000227
2018-05-30,35.4,29.0,0.0,69.0,60.0,1009.7,6.399999999999999,0.2857142857142857,0.10000000000002274
2018-05-31,34.8,28.9,0.0,70.0,57.0,1009.7,5.899999999999999,0.2857142857142857,0.0
2018-06-01,35.1,27.8,0.0,75.0,74.0,1009.9,7.300000000000001,0.2857142857142857,0.1999999999999318
2018-06-04,31.2,26.5,12.4,85.0,85.0,1007.4,4.699999999999999,0.2857142857142857,-2.5
2018-06-05,29.5,25.9,28.2,92.0,88.0,1006.8,3.6000000000000014,0.2857142857142857,-0.6000000000000227
2018-06-06,28.4,26.0,58.3,93.0,96.0,1005.0,2.3999999999999986,0.42857142857142855,-1.7999999999999545
2018-06-07,28.6,26.0,47.4,92.0,92.0,1004.3,2.6000000000000014,0.5714285714285714,-0.7000000000000455
2018-06-08,30.2,25.3,70.2,88.0,93.0,1001.0,4.899999999999999,0.7142857142857143,-3.2999999999999545
2018-06-09,30.4,26.5,4.8,79.0,86.0,999.1,3.8999999999999986,0.8571428571428571,-1.8999999999999773
2018-06-10,33.4,27.4,0.0,69.0,69.0,1000.4,6.0,0.8571428571428571,1.2999999999999545
2018-06-11,34.3,28.0,0.0,59.0,54.0,1002.4,6.299999999999997,0.7142857142857143,2.0
2018-06-12,30.1,25.2,39.6,88.0,89.0,1002.4,4.900000000000002,0.7142857142857143,0.0
2018-06-13,28.5,25.6,109.3,94.0,94.0,998.2,2.8999999999999986,0.7142857142857143,-4.199999999999932
2018-06-14,28.6,25.4,1.3,82.0,89.0,998.3,3.200000000000003,0.7142857142857143,0.09999999999990905
2018-06-15,29.1,25.7,0.2,76.0,86.0,1001.8,3.400000000000002,0.7142857142857143,3.5
2018-06-16,31.5,26.9,0.0,70.0,66.0,1003.6,4.600000000000001,0.5714285714285714,1.8000000000000682
2018-06-21,31.6,28.7,2.6,81.0,85.0,1005.9,2.900000000000002,0.7142857142857143,2.2999999999999545
2018-06-22,30.4,25.4,32.9,87.0,87.0,1006.2,5.0,0.8571428571428571,0.3000000000000682
2018-06-23,29.7,24.4,25.6,90.0,89.0,1006.7,5.300000000000001,0.8571428571428571,0.5
2018-06-24,32.5,26.4,18.1,84.0,84.0,1008.2,6.100000000000001,0.8571428571428571,1.5
2018-06-25,31.3,26.0,6.2,85.0,83.0,1008.9,5.300000000000001,0.8571428571428571,0.6999999999999318
2018-06-26,33.4,25.9,1.7,80.0,61.0,1010.6,7.5,0.8571428571428571,1.7000000000000455
2018-06-28,32.6,27.7,0.0,75.0,38.0,1007.0,4.900000000000002,0.8571428571428571,-3.6000000000000227
2018-07-01,32.9,28.0,4.1,77.0,81.0,1004.1,4.899999999999999,0.8571428571428571,-2.8999999999999773
2018-07-02,30.6,25.6,2.1,81.0,88.0,1003.4,5.0,0.8571428571428571,-0.7000000000000455
2018-07-03,30.5,27.0,15.4,81.0,88.0,1002.5,3.5,0.8571428571428571,-0.8999999999999773
2018-07-04,32.6,28.4,3.4,78.0,88.0,1002.2,4.200000000000003,0.8571428571428571,-0.2999999999999545
2018-07-05,31.6,28.4,1.5,78.0,88.0,1002.3,3.200000000000003,0.8571428571428571,0.09999999999990905
2018-07-06,32.1,27.6,5.0,80.0,88.0,1002.6,4.5,0.8571428571428571,0.3000000000000682
2018-07-07,30.0,26.4,5.2,84.0,87.0,1003.3,3.6000000000000014,1.0,0.6999999999999318
2018-07-08,30.6,26.7,14.4,88.0,87.0,1004.4,3.900000000000002,1.0,1.1000000000000227
2018-07-09,31.8,25.9,11.3,85.0,83.0,1005.7,5.900000000000002,1.0,1.3000000000000682
2018-07-10,32.6,26.8,1.3,80.0,57.0,1005.1,5.800000000000001,1.0,-0.6000000000000227
2018-07-11,32.8,27.2,0.0,74.0,56.0,1001.8,5.599999999999998,0.8571428571428571,-3.300000000000068
2018-07-13,28.7,25.9,50.4,93.0,92.0,1003.9,2.8000000000000007,0.8571428571428571,2.1000000000000227
2018-07-14,29.5,25.3,52.7,91.0,90.0,1004.0,4.199999999999999,0.8571428571428571,0.10000000000002274
2018-07-15,28.3,25.0,67.4,89.0,92.0,1004.0,3.3000000000000007,0.8571428571428571,0.0
2018-07-16,31.4,25.7,5.8,81.0,80.0,1003.8,5.699999999999999,0.8571428571428571,-0.20000000000004547
2018-07-17,34.3,26.9,6.5,78.0,83.0,1002.4,7.399999999999999,0.8571428571428571,-1.3999999999999773
2018-07-18,29.5,26.4,29.6,88.0,89.0,1003.9,3.1000000000000014,0.8571428571428571,1.5
2018-07-19,29.7,26.6,17.3,87.0,85.0,1004.6,3.099999999999998,1.0,0.7000000000000455
2018-07-20,31.6,26.0,7.1,87.0,71.0,1003.8,5.600000000000001,1.0,-0.8000000000000682
2018-07-21,33.1,27.4,0.0,75.0,54.0,1002.6,5.700000000000003,0.8571428571428571,-1.1999999999999318
2018-07-23,31.2,26.3,30.8,87.0,81.0,1001.8,4.899999999999999,0.8571428571428571,-0.8000000000000682
2018-07-24,32.0,28.0,0.1,80.0,84.0,1003.6,4.0,0.8571428571428571,1.8000000000000682
2018-07-25,31.7,27.0,2.7,83.0,70.0,1005.8,4.699999999999999,0.8571428571428571,2.199999999999932
2018-07-26,32.3,27.3,3.4,82.0,82.0,1006.5,4.9999999999999964,0.8571428571428571,0.7000000000000455
2018-07-27,33.0,27.7,0.3,78.0,77.0,1006.7,5.300000000000001,0.8571428571428571,0.20000000000004547
2018-07-28,33.7,28.2,0.0,75.0,55.0,1006.7,5.5000000000000036,0.7142857142857143,0.0
2018-07-29,34.3,27.9,0.0,73.0,41.0,1005.8,6.399999999999999,0.7142857142857143,-0.900000000000091
2018-07-30,33.7,28.1,0.0,74.0,53.0,1005.6,5.600000000000001,0.5714285714285714,-0.1999999999999318
2018-07-31,33.2,27.1,3.3,76.0,65.0,1005.5,6.100000000000001,0.5714285714285714,-0.10000000000002274
2018-08-01,32.4,27.9,2.7,78.0,76.0,1004.6,4.5,0.5714285714285714,-0.8999999999999773
2018-08-02,32.9,26.6,6.1,78.0,79.0,1003.8,6.299999999999997,0.5714285714285714,-0.8000000000000682
2018-08-04,32.5,27.3,5.0,79.0,80.0,1004.7,5.199999999999999,0.5714285714285714,0.900000000000091
2018-08-05,33.1,28.9,0.5,77.0,84.0,1005.9,4.200000000000003,0.7142857142857143,1.1999999999999318
2018-08-06,33.8,28.8,0.0,76.0,84.0,1005.4,4.9999999999999964,0.7142857142857143,-0.5
2018-08-07,34.2,28.4,0.0,78.0,78.0,1004.4,5.800000000000004,0.7142857142857143,-1.0
2018-08-08,33.9,27.1,0.5,75.0,72.0,1004.2,6.799999999999997,0.7142857142857143,-0.1999999999999318
2018-08-10,29.5,26.0,47.9,92.0,91.0,1001.7,3.5,0.7142857142857143,-2.5
2018-08-11,28.2,25.8,51.9,93.0,90.0,998.7,2.3999999999999986,0.7142857142857143,-3.0
2018-08-12,28.1,25.8,18.9,93.0,90.0,996.5,2.3000000000000007,0.7142857142857143,-2.2000000000000455
2018-08-13,32.6,27.3,0.1,84.0,80.0,996.3,5.300000000000001,0.7142857142857143,-0.20000000000004547
2018-08-14,29.9,26.4,32.9,90.0,89.0,996.2,3.5,0.8571428571428571,-0.09999999999990905
2018-08-15,30.9,26.4,2.2,86.0,88.0,999.2,4.5,1.0,3.0
2018-08-16,29.0,26.7,3.2,89.0,88.0,1000.1,2.3000000000000007,1.0,0.8999999999999773
2018-08-17,28.3,25.5,36.1,91.0,89.0,1000.2,2.8000000000000007,1.0,0.10000000000002274
2018-08-18,30.9,25.9,21.8,84.0,88.0,1001.4,5.0,1.0,1.1999999999999318
2018-08-19,30.4,26.4,31.2,84.0,89.0,1002.5,4.0,1.0,1.1000000000000227
2018-08-20,30.5,26.1,61.1,88.0,91.0,1002.3,4.399999999999999,1.0,-0.20000000000004547
2018-08-21,30.2,26.7,25.7,86.0,83.0,1000.2,3.5,1.0,-2.099999999999909
2018-08-22,31.8,24.7,26.4,83.0,71.0,1000.1,7.100000000000001,1.0,-0.10000000000002274
2018-08-23,30.9,24.6,24.9,86.0,86.0,1001.7,6.299999999999997,1.0,1.6000000000000227
2018-08-24,31.9,25.6,0.1,82.0,83.0,1001.6,6.299999999999997,1.0,-0.10000000000002274
2018-08-25,32.9,27.8,0.0,73.0,66.0,999.8,5.099999999999998,0.8571428571428571,-1.8000000000000682
2018-08-26,31.4,25.5,80.2,77.0,86.0,999.5,5.899999999999999,0.8571428571428571,-0.2999999999999545
2018-08-27,29.9,25.2,27.3,87.0,89.0,1001.3,4.699999999999999,0.8571428571428571,1.7999999999999545
2018-08-28,29.2,25.2,71.6,93.0,93.0,1002.2,4.0,0.8571428571428571,0.900000000000091
2018-08-29,29.3,26.1,23.3,89.0,89.0,1002.5,3.1999999999999993,0.8571428571428571,0.2999999999999545
2018-08-30,28.9,26.9,6.3,87.0,90.0,1005.5,2.0,0.8571428571428571,3.0
2018-08-31,29.0,27.0,7.2,88.0,89.0,1009.3,2.0,0.8571428571428571,3.7999999999999545
2018-09-01,27.9,25.0,32.0,93.0,89.0,1009.9,2.8999999999999986,1.0,0.6000000000000227
2018-09-02,29.9,24.6,9.8,88.0,76.0,1007.9,5.299999999999997,1.0,-2.0
2018-09-03,30.5,25.6,0.3,82.0,70.0,1006.9,4.899999999999999,1.0,-1.0
2018-09-04,32.0,27.0,0.0,80.0,40.0,1005.7,5.0,0.8571428571428571,-1.1999999999999318
2018-09-05,33.1,27.9,0.1,79.0,54.0,1004.9,5.200000000000003,0.8571428571428571,-0.8000000000000682
2018-09-06,31.8,28.2,0.0,82.0,77.0,1005.4,3.6000000000000014,0.7142857142857143,0.5
2018-09-08,29.6,25.6,24.6,81.0,86.0,1008.6,4.0,0.7142857142857143,3.2000000000000455
2018-09-09,30.5,24.6,16.7,76.0,86.0,1011.5,5.899999999999999,0.7142857142857143,2.8999999999999773
2018-09-10,28.3,24.3,0.2,80.0,83.0,1012.5,4.0,0.7142857142857143,1.0
2018-09-11,32.7,25.2,0.0,65.0,46.0,1009.3,7.5000000000000036,0.5714285714285714,-3.2000000000000455
2018-09-13,30.3,26.3,2.5,84.0,69.0,1009.4,4.0,0.7142857142857143,0.10000000000002274
2018-09-14,31.7,26.7,0.0,78.0,72.0,1009.2,5.0,0.5714285714285714,-0.1999999999999318
2018-09-16,31.8,23.6,167.5,86.0,97.0,990.9,8.2,0.7142857142857143,-18.300000000000068
2018-09-17,30.4,25.8,12.0,89.0,93.0,1008.6,4.599999999999998,0.7142857142857143,17.700000000000045
2018-09-18,31.8,26.5,1.2,85.0,65.0,1013.7,5.300000000000001,0.7142857142857143,5.100000000000023
2018-09-19,31.4,26.2,0.0,77.0,43.0,1012.7,5.199999999999999,0.5714285714285714,-1.0
2018-09-20,31.9,27.0,0.0,77.0,63.0,1011.0,4.899999999999999,0.5714285714285714,-1.7000000000000455
2018-09-21,31.9,27.4,0.0,71.0,33.0,1011.6,4.5,0.42857142857142855,0.6000000000000227
2018-09-22,33.2,27.0,0.0,76.0,51.0,1013.3,6.200000000000003,0.42857142857142855,1.6999999999999318
2018-09-24,29.6,24.8,72.2,88.0,80.0,1011.1,4.800000000000001,0.42857142857142855,-2.199999999999932
2018-09-25,30.2,24.8,34.5,80.0,82.0,1009.9,5.399999999999999,0.42857142857142855,-1.2000000000000455
2018-09-26,28.6,25.1,9.7,81.0,77.0,1009.6,3.5,0.42857142857142855,-0.2999999999999545
2018-09-28,31.3,25.8,0.0,70.0,74.0,1009.9,5.5,0.42857142857142855,0.2999999999999545
2018-09-29,31.3,24.3,0.0,60.0,26.0,1008.9,7.0,0.42857142857142855,-1.0
2018-09-30,30.6,25.0,0.0,60.0,29.0,1010.5,5.600000000000001,0.42857142857142855,1.6000000000000227
2018-10-01,29.6,23.2,2.9,70.0,70.0,1013.9,6.400000000000002,0.5714285714285714,3.3999999999999773
2018-10-02,30.4,25.3,0.0,67.0,33.0,1014.9,5.099999999999998,0.42857142857142855,1.0
2018-10-03,30.5,25.0,0.0,68.0,30.0,1015.3,5.5,0.2857142857142857,0.39999999999997726
2018-10-04,30.5,24.2,0.0,54.0,8.0,1013.8,6.300000000000001,0.14285714285714285,-1.5
2018-10-05,31.4,23.6,0.0,40.0,16.0,1012.1,7.799999999999997,0.14285714285714285,-1.6999999999999318
2018-10-06,30.9,23.5,0.0,48.0,18.0,1013.4,7.399999999999999,0.14285714285714285,1.2999999999999545
2018-10-07,30.5,25.1,0.0,69.0,43.0,1014.7,5.399999999999999,0.14285714285714285,1.3000000000000682
2018-10-08,29.8,24.3,2.0,75.0,60.0,1014.2,5.5,0.14285714285714285,-0.5
2018-10-09,29.3,25.1,0.6,78.0,72.0,1013.7,4.199999999999999,0.2857142857142857,-0.5
2018-10-10,29.2,22.5,42.8,83.0,82.0,1014.7,6.699999999999999,0.42857142857142855,1.0
2018-10-11,24.7,22.3,0.0,72.0,88.0,1017.6,2.3999999999999986,0.42857142857142855,2.8999999999999773
2018-10-12,27.1,22.0,0.3,73.0,85.0,1018.9,5.100000000000001,0.5714285714285714,1.2999999999999545
2018-10-13,26.8,22.7,0.4,72.0,86.0,1017.5,4.100000000000001,0.7142857142857143,-1.3999999999999773
2018-10-14,27.3,23.6,0.6,79.0,82.0,1015.5,3.6999999999999993,0.8571428571428571,-2.0
2018-10-15,27.9,24.3,31.4,84.0,83.0,1014.6,3.599999999999998,0.8571428571428571,-0.8999999999999773
2018-10-16,25.8,23.2,8.9,92.0,91.0,1013.2,2.6000000000000014,0.8571428571428571,-1.3999999999999773
2018-10-17,25.2,21.9,1.5,84.0,90.0,1012.5,3.3000000000000007,0.8571428571428571,-0.7000000000000455
2018-10-18,23.9,20.9,12.6,87.0,91.0,1014.7,3.0,1.0,2.2000000000000455
2018-10-19,26.0,23.0,0.2,77.0,87.0,1017.2,3.0,1.0,2.5
2018-10-23,27.4,24.1,0.1,79.0,78.0,1016.5,3.299999999999997,1.0,-0.7000000000000455
2018-10-25,27.7,24.4,0.0,79.0,54.0,1017.0,3.3000000000000007,0.8571428571428571,0.5
2018-10-26,28.6,23.9,0.0,76.0,41.0,1016.5,4.700000000000003,0.7142857142857143,-0.5
2018-10-27,27.9,23.7,0.0,61.0,53.0,1018.1,4.199999999999999,0.5714285714285714,1.6000000000000227
2018-10-28,27.5,21.7,0.0,54.0,13.0,1017.4,5.800000000000001,0.42857142857142855,-0.7000000000000455
2018-10-29,28.9,22.2,0.0,35.0,4.0,1015.1,6.699999999999999,0.2857142857142857,-2.2999999999999545
2018-10-30,28.5,23.4,0.0,33.0,24.0,1014.8,5.100000000000001,0.14285714285714285,-0.3000000000000682
2018-10-31,27.2,22.9,0.0,37.0,83.0,1014.2,4.300000000000001,0.0,-0.599999999999909
2018-11-01,27.4,22.6,0.0,45.0,84.0,1012.5,4.799999999999997,0.0,-1.7000000000000455
2018-11-02,24.8,20.1,0.1,70.0,91.0,1015.5,4.699999999999999,0.14285714285714285,3.0
2018-11-03,23.4,19.4,8.3,86.0,99.0,1016.7,4.0,0.2857142857142857,1.2000000000000455
2018-11-06,27.1,23.3,0.0,78.0,41.0,1017.5,3.8000000000000007,0.2857142857142857,0.7999999999999545
2018-11-07,27.1,23.6,0.0,77.0,73.0,1017.6,3.5,0.2857142857142857,0.10000000000002274
2018-11-09,27.1,22.9,0.0,74.0,82.0,1016.8,4.200000000000003,0.2857142857142857,-0.8000000000000682
2018-11-11,25.7,22.5,0.0,79.0,68.0,1017.0,3.1999999999999993,0.2857142857142857,0.20000000000004547
2018-11-16,24.9,22.9,1.1,85.0,87.0,1015.2,2.0,0.42857142857142855,-1.7999999999999545
2018-11-17,23.8,23.1,0.5,87.0,96.0,1015.8,0.6999999999999993,0.42857142857142855,0.599999999999909
2018-11-18,25.8,22.7,0.0,84.0,85.0,1016.2,3.1000000000000014,0.2857142857142857,0.40000000000009095
2018-11-19,25.8,22.0,0.0,75.0,78.0,1017.5,3.8000000000000007,0.2857142857142857,1.2999999999999545
2018-11-20,24.0,22.0,0.1,80.0,84.0,1017.4,2.0,0.42857142857142855,-0.10000000000002274
2018-11-21,27.2,21.2,2.4,81.0,82.0,1016.4,6.0,0.5714285714285714,-1.0
2018-11-22,21.9,18.8,0.2,65.0,88.0,1019.9,3.099999999999998,0.7142857142857143,3.5
2018-11-25,21.6,17.4,21.0,84.0,95.0,1018.8,4.200000000000003,0.7142857142857143,-1.1000000000000227
2018-11-26,20.9,17.0,15.7,89.0,93.0,1018.9,3.8999999999999986,0.7142857142857143,0.10000000000002274
2018-11-27,22.5,19.0,16.3,83.0,89.0,1019.0,3.5,0.8571428571428571,0.10000000000002274
2018-11-28,21.4,19.2,7.7,89.0,88.0,1019.3,2.1999999999999993,1.0,0.2999999999999545
2018-11-30,23.2,20.1,0.0,72.0,46.0,1020.4,3.099999999999998,0.8571428571428571,1.1000000000000227
2018-12-01,24.2,21.1,0.0,78.0,56.0,1018.3,3.099999999999998,0.7142857142857143,-2.1000000000000227
2018-12-02,24.3,21.2,0.0,83.0,51.0,1016.4,3.1000000000000014,0.5714285714285714,-1.8999999999999773
2018-12-03,26.0,22.0,0.0,79.0,58.0,1016.5,4.0,0.42857142857142855,0.10000000000002274
2018-12-04,27.1,22.7,0.0,78.0,58.0,1016.0,4.400000000000002,0.2857142857142857,-0.5
2018-12-06,25.1,21.6,0.1,84.0,83.0,1015.5,3.5,0.2857142857142857,-0.5
2018-12-07,23.3,18.5,1.0,88.0,90.0,1018.5,4.800000000000001,0.2857142857142857,3.0
2018-12-08,19.7,16.7,0.0,76.0,88.0,1021.6,3.0,0.2857142857142857,3.1000000000000227
2018-12-10,18.3,15.1,0.2,75.0,88.0,1019.7,3.200000000000001,0.42857142857142855,-1.8999999999999773
2018-12-12,16.5,13.7,0.0,67.0,84.0,1024.2,2.8000000000000007,0.42857142857142855,4.5
2018-12-13,18.1,13.5,0.0,68.0,86.0,1025.1,4.600000000000001,0.42857142857142855,0.8999999999998636
2018-12-14,18.2,15.5,0.0,72.0,88.0,1025.3,2.6999999999999993,0.42857142857142855,0.20000000000004547
2018-12-15,21.2,17.2,0.0,75.0,64.0,1023.5,4.0,0.2857142857142857,-1.7999999999999545
2018-12-17,21.0,15.6,0.0,56.0,38.0,1022.2,5.4,0.14285714285714285,-1.2999999999999545
2018-12-18,20.2,16.2,0.0,60.0,38.0,1022.2,4.0,0.14285714285714285,0.0
2018-12-19,21.5,18.5,0.0,78.0,78.0,1019.5,3.0,0.0,-2.7000000000000455
2018-12-20,23.2,20.1,0.0,84.0,80.0,1016.5,3.099999999999998,0.0,-3.0
2018-12-21,25.0,21.4,0.0,86.0,68.0,1016.1,3.6000000000000014,0.0,-0.39999999999997726
2018-12-22,25.2,20.0,0.0,77.0,66.0,1017.0,5.199999999999999,0.0,0.8999999999999773
2018-12-23,22.5,17.5,10.5,89.0,96.0,1017.6,5.0,0.14285714285714285,0.6000000000000227
2018-12-24,19.0,16.8,0.1,86.0,99.0,1017.5,2.1999999999999993,0.2857142857142857,-0.10000000000002274
2018-12-25,21.1,18.5,0.0,81.0,90.0,1015.5,2.6000000000000014,0.2857142857142857,-2.0
2018-12-26,23.6,18.7,0.0,84.0,27.0,1014.3,4.900000000000002,0.2857142857142857,-1.2000000000000455
2018-12-31,15.6,11.8,0.0,68.0,77.0,1027.0,3.799999999999999,0.2857142857142857,12.700000000000045
2019-01-03,17.3,14.9,0.1,84.0,91.0,1024.3,2.4000000000000004,0.42857142857142855,-2.7000000000000455
2019-01-04,20.9,16.8,0.1,83.0,87.0,1022.8,4.099999999999998,0.5714285714285714,-1.5
2019-01-05,22.7,18.9,0.0,87.0,88.0,1020.5,3.8000000000000007,0.42857142857142855,-2.2999999999999545
2019-01-07,20.0,17.4,0.0,83.0,89.0,1021.4,2.6000000000000014,0.2857142857142857,0.8999999999999773
2019-01-08,20.7,17.2,0.2,84.0,94.0,1021.3,3.5,0.42857142857142855,-0.10000000000002274
2019-01-09,18.7,17.2,0.0,84.0,89.0,1022.3,1.5,0.42857142857142855,1.0
2019-01-10,20.8,17.4,0.0,82.0,88.0,1020.2,3.400000000000002,0.42857142857142855,-2.099999999999909
2019-01-11,23.3,18.2,0.0,84.0,55.0,1018.6,5.100000000000001,0.2857142857142857,-1.6000000000000227
2019-01-15,21.1,17.0,4.0,88.0,88.0,1018.8,4.100000000000001,0.2857142857142857,0.1999999999999318
2019-01-16,19.9,15.9,0.0,72.0,87.0,1020.5,3.9999999999999982,0.2857142857142857,1.7000000000000455
2019-01-17,19.5,14.6,0.0,70.0,55.0,1022.2,4.9,0.2857142857142857,1.7000000000000455
2019-01-18,18.5,15.8,0.0,75.0,79.0,1022.1,2.6999999999999993,0.14285714285714285,-0.10000000000002274
2019-01-19,21.9,17.1,0.2,75.0,85.0,1019.6,4.799999999999997,0.2857142857142857,-2.5
2019-01-20,23.4,18.1,0.1,73.0,76.0,1018.9,5.299999999999997,0.42857142857142855,-0.7000000000000455
2019-01-21,20.0,15.8,0.0,64.0,66.0,1021.8,4.199999999999999,0.42857142857142855,2.8999999999999773
2019-01-22,19.1,13.1,0.0,53.0,21.0,1022.3,6.000000000000002,0.2857142857142857,0.5
2019-01-23,19.2,13.7,0.0,62.0,3.0,1021.0,5.5,0.2857142857142857,-1.2999999999999545
2019-01-24,19.6,15.0,0.0,71.0,10.0,1020.6,4.600000000000001,0.2857142857142857,-0.39999999999997726
2019-01-25,22.2,16.1,0.0,67.0,13.0,1021.2,6.099999999999998,0.2857142857142857,0.6000000000000227
2019-01-26,21.2,16.7,0.0,73.0,17.0,1023.1,4.5,0.14285714285714285,1.8999999999999773
2019-01-27,19.4,15.6,0.0,71.0,80.0,1023.6,3.799999999999999,0.0,0.5
2019-01-28,20.3,15.7,0.0,68.0,63.0,1021.6,4.600000000000001,0.0,-2.0
2019-01-29,20.5,16.9,0.0,74.0,39.0,1021.4,3.6000000000000014,0.0,-0.20000000000004547
2019-01-30,21.6,17.2,0.0,73.0,69.0,1020.8,4.400000000000002,0.0,-0.6000000000000227
2019-01-31,24.5,18.9,0.0,76.0,67.0,1018.9,5.600000000000001,0.0,-1.8999999999999773
2019-02-01,22.0,17.6,0.0,70.0,84.0,1021.6,4.399999999999999,0.0,2.7000000000000455
2019-02-04,25.5,19.5,0.0,83.0,61.0,1018.1,6.0,0.0,-3.5
2019-02-05,22.3,18.2,0.0,84.0,84.0,1017.4,4.100000000000001,0.0,-0.7000000000000455
2019-02-06,24.9,20.5,0.0,85.0,83.0,1014.5,4.399999999999999,0.0,-2.8999999999999773
2019-02-09,20.1,18.4,0.8,90.0,99.0,1017.9,1.7000000000000028,0.14285714285714285,3.3999999999999773
2019-02-10,18.8,17.4,0.8,90.0,89.0,1021.7,1.4000000000000021,0.2857142857142857,3.800000000000068
2019-02-12,21.9,16.9,0.2,82.0,69.0,1024.2,5.0,0.42857142857142855,2.5
2019-02-13,25.1,19.0,0.0,80.0,68.0,1021.8,6.100000000000001,0.42857142857142855,-2.400000000000091
2019-02-15,22.4,18.8,0.2,84.0,84.0,1019.9,3.599999999999998,0.5714285714285714,-1.8999999999999773
2019-02-16,26.0,20.1,0.0,81.0,72.0,1017.9,5.899999999999999,0.5714285714285714,-2.0
2019-02-17,20.2,18.0,0.1,86.0,91.0,1017.8,2.1999999999999993,0.7142857142857143,-0.10000000000002274
2019-02-18,19.3,16.8,18.1,90.0,91.0,1015.4,2.5,0.7142857142857143,-2.3999999999999773
2019-02-19,23.8,18.5,31.0,91.0,79.0,1016.8,5.300000000000001,0.7142857142857143,1.3999999999999773
2019-02-20,25.6,20.8,0.2,92.0,84.0,1018.5,4.800000000000001,0.7142857142857143,1.7000000000000455
2019-02-22,24.3,18.4,1.6,82.0,79.0,1017.2,5.900000000000002,0.8571428571428571,-1.2999999999999545
2019-02-23,20.5,15.6,12.3,87.0,95.0,1015.8,4.9,0.8571428571428571,-1.400000000000091
2019-02-24,19.5,14.1,3.4,83.0,88.0,1016.9,5.4,1.0,1.1000000000000227
2019-02-28,26.7,20.6,0.0,85.0,67.0,1014.7,6.099999999999998,0.8571428571428571,-2.199999999999932
2019-03-01,22.4,19.6,0.4,89.0,91.0,1016.1,2.799999999999997,0.8571428571428571,1.3999999999999773
2019-03-03,23.5,20.0,6.3,87.0,85.0,1011.3,3.5,0.8571428571428571,-4.800000000000068
2019-03-04,22.6,19.3,10.2,82.0,83.0,1013.7,3.3000000000000007,0.8571428571428571,2.400000000000091
2019-03-05,26.7,17.7,30.3,88.0,89.0,1012.1,9.0,0.8571428571428571,-1.6000000000000227
2019-03-06,22.0,19.6,45.5,92.0,91.0,1013.2,2.3999999999999986,0.8571428571428571,1.1000000000000227
2019-03-07,20.5,15.5,29.6,93.0,89.0,1015.8,5.0,0.8571428571428571,2.599999999999909
2019-03-08,17.4,15.1,11.5,92.0,95.0,1016.0,2.299999999999999,1.0,0.20000000000004547
2019-03-09,18.7,17.0,14.5,95.0,95.0,1012.2,1.6999999999999993,1.0,-3.7999999999999545
2019-03-10,18.5,17.0,4.6,87.0,86.0,1013.6,1.5,1.0,1.3999999999999773
2019-03-11,22.6,15.5,7.6,81.0,58.0,1014.9,7.100000000000001,1.0,1.2999999999999545
2019-03-12,24.2,17.4,0.0,77.0,15.0,1016.4,6.800000000000001,0.8571428571428571,1.5
2019-03-13,22.9,19.1,0.0,71.0,66.0,1017.8,3.799999999999997,0.7142857142857143,1.3999999999999773
2019-03-14,21.5,19.8,6.4,83.0,95.0,1018.3,1.6999999999999993,0.7142857142857143,0.5
2019-03-15,20.0,17.3,0.4,81.0,89.0,1020.6,2.6999999999999993,0.7142857142857143,2.300000000000068
2019-03-16,22.8,18.8,0.0,65.0,85.0,1020.0,4.0,0.5714285714285714,-0.6000000000000227
2019-03-17,22.7,19.7,0.0,77.0,85.0,1018.9,3.0,0.42857142857142855,-1.1000000000000227
2019-03-18,24.7,19.7,0.0,82.0,70.0,1016.8,5.0,0.2857142857142857,-2.1000000000000227
2019-03-19,27.4,20.7,0.0,84.0,42.0,1014.8,6.699999999999999,0.2857142857142857,-2.0
2019-03-20,25.0,22.1,0.0,88.0,86.0,1013.0,2.8999999999999986,0.2857142857142857,-1.7999999999999545
2019-03-21,27.2,23.4,0.0,81.0,79.0,1011.4,3.8000000000000007,0.14285714285714285,-1.6000000000000227
2019-03-23,25.0,17.4,3.3,89.0,99.0,1017.1,7.600000000000001,0.14285714285714285,5.7000000000000455
2019-03-24,18.2,16.6,0.3,88.0,100.0,1018.0,1.5999999999999979,0.2857142857142857,0.8999999999999773
2019-03-25,23.3,17.9,1.0,85.0,92.0,1016.8,5.400000000000002,0.42857142857142855,-1.2000000000000455
2019-03-26,24.6,20.8,0.0,85.0,86.0,1018.5,3.8000000000000007,0.42857142857142855,1.7000000000000455
2019-03-28,27.8,22.2,0.0,84.0,57.0,1012.6,5.600000000000001,0.42857142857142855,-5.899999999999977
2019-03-29,26.5,23.1,6.9,86.0,81.0,1010.5,3.3999999999999986,0.5714285714285714,-2.1000000000000227
2019-03-31,22.9,20.2,7.7,85.0,93.0,1016.8,2.6999999999999993,0.7142857142857143,6.2999999999999545
2019-04-05,27.4,20.9,0.0,76.0,37.0,1014.5,6.5,0.5714285714285714,-2.2999999999999545
2019-04-06,28.1,22.4,0.0,79.0,27.0,1013.0,5.700000000000003,0.42857142857142855,-1.5
2019-04-07,28.0,23.7,0.0,80.0,48.0,1012.5,4.300000000000001,0.2857142857142857,-0.5
2019-04-08,29.9,25.1,0.0,80.0,80.0,1011.6,4.799999999999997,0.2857142857142857,-0.8999999999999773
2019-04-09,28.9,25.5,0.0,81.0,79.0,1011.1,3.3999999999999986,0.2857142857142857,-0.5
2019-04-10,30.1,25.3,0.0,80.0,79.0,1010.9,4.800000000000001,0.14285714285714285,-0.20000000000004547
2019-04-11,29.9,25.3,0.7,81.0,84.0,1010.0,4.599999999999998,0.14285714285714285,-0.8999999999999773
2019-04-12,25.2,21.0,6.1,89.0,91.0,1013.3,4.199999999999999,0.2857142857142857,3.2999999999999545
2019-04-13,22.3,20.3,3.8,92.0,98.0,1014.3,2.0,0.42857142857142855,1.0
2019-04-14,24.4,21.9,10.4,90.0,92.0,1013.8,2.5,0.5714285714285714,-0.5
2019-04-15,23.1,20.9,1.1,85.0,91.0,1014.4,2.200000000000003,0.7142857142857143,0.6000000000000227
2019-04-16,23.6,19.5,9.2,91.0,87.0,1012.6,4.100000000000001,0.8571428571428571,-1.7999999999999545
2019-04-17,26.1,21.5,0.0,85.0,77.0,1012.2,4.600000000000001,0.8571428571428571,-0.39999999999997726
2019-04-18,25.0,23.0,6.7,90.0,91.0,1010.0,2.0,0.8571428571428571,-2.2000000000000455
2019-04-19,28.6,21.3,75.8,93.0,90.0,1007.7,7.300000000000001,0.8571428571428571,-2.2999999999999545
2019-04-20,26.2,21.9,43.6,95.0,93.0,1007.2,4.300000000000001,0.8571428571428571,-0.5
2019-04-21,30.1,23.2,0.3,88.0,81.0,1008.0,6.900000000000002,0.8571428571428571,0.7999999999999545
2019-04-22,30.1,25.6,0.0,84.0,72.0,1009.3,4.5,0.7142857142857143,1.2999999999999545
2019-04-23,31.0,26.0,0.0,81.0,58.0,1010.4,5.0,0.5714285714285714,1.1000000000000227
2019-04-24,31.2,26.2,0.0,78.0,57.0,1009.9,5.0,0.5714285714285714,-0.5
2019-04-25,31.1,26.4,0.0,77.0,39.0,1009.3,4.700000000000003,0.42857142857142855,-0.6000000000000227
2019-04-26,31.5,26.2,0.9,81.0,58.0,1010.4,5.300000000000001,0.42857142857142855,1.1000000000000227
2019-04-27,26.4,22.3,16.6,86.0,91.0,1012.8,4.099999999999998,0.42857142857142855,2.3999999999999773
2019-04-28,26.9,22.7,3.1,89.0,85.0,1013.2,4.199999999999999,0.42857142857142855,0.40000000000009095
2019-04-29,29.2,24.7,0.0,86.0,71.0,1010.9,4.5,0.42857142857142855,-2.300000000000068
2019-04-30,28.8,25.3,7.5,82.0,83.0,1008.0,3.5,0.5714285714285714,-2.8999999999999773
2019-05-01,27.1,23.8,0.2,78.0,85.0,1009.1,3.3000000000000007,0.7142857142857143,1.1000000000000227
2019-05-02,24.4,21.7,0.5,80.0,89.0,1012.1,2.6999999999999993,0.8571428571428571,3.0
2019-05-03,24.0,19.3,5.3,81.0,91.0,1014.5,4.699999999999999,0.8571428571428571,2.3999999999999773
2019-05-04,23.6,21.0,8.4,76.0,88.0,1013.2,2.6000000000000014,0.8571428571428571,-1.2999999999999545
2019-05-05,22.3,20.9,8.3,93.0,94.0,1009.4,1.4000000000000021,0.8571428571428571,-3.800000000000068
2019-05-06,22.8,20.0,11.3,90.0,95.0,1008.7,2.8000000000000007,1.0,-0.6999999999999318
2019-05-07,21.4,18.9,17.0,87.0,95.0,1010.2,2.5,1.0,1.5
2019-05-08,21.2,19.8,25.1,88.0,93.0,1009.3,1.3999999999999986,1.0,-0.900000000000091
2019-05-09,26.3,20.2,10.0,90.0,92.0,1008.1,6.100000000000001,1.0,-1.1999999999999318
2019-05-10,26.7,22.7,0.0,87.0,63.0,1010.0,4.0,0.8571428571428571,1.8999999999999773
2019-05-11,28.9,22.8,0.0,76.0,14.0,1011.5,6.099999999999998,0.7142857142857143,1.5
2019-05-12,28.9,23.5,0.0,80.0,57.0,1011.2,5.399999999999999,0.5714285714285714,-0.2999999999999545
2019-05-14,31.1,25.2,0.0,84.0,64.0,1009.2,5.900000000000002,0.42857142857142855,-2.0
2019-05-16,31.5,27.8,0.8,83.0,82.0,1007.4,3.6999999999999993,0.42857142857142855,-1.8000000000000682
2019-05-17,31.6,28.4,0.1,80.0,82.0,1005.5,3.200000000000003,0.42857142857142855,-1.8999999999999773
2019-05-19,32.3,29.2,0.0,80.0,79.0,1006.9,3.099999999999998,0.2857142857142857,1.3999999999999773
2019-05-20,32.0,25.0,9.0,83.0,85.0,1008.0,7.0,0.42857142857142855,1.1000000000000227
2019-05-21,26.5,22.6,3.3,82.0,91.0,1010.8,3.8999999999999986,0.5714285714285714,2.7999999999999545
2019-05-22,28.3,22.6,0.7,83.0,77.0,1010.1,5.699999999999999,0.7142857142857143,-0.6999999999999318
2019-05-23,26.8,24.7,6.5,90.0,89.0,1010.2,2.1000000000000014,0.8571428571428571,0.10000000000002274
2019-05-24,25.8,23.8,21.5,92.0,97.0,1011.0,2.0,0.8571428571428571,0.7999999999999545
2019-05-25,28.9,25.1,2.4,90.0,89.0,1008.8,3.799999999999997,0.8571428571428571,-2.2000000000000455
2019-05-26,28.1,24.7,15.1,92.0,83.0,1007.8,3.400000000000002,1.0,-1.0
2019-05-27,28.0,25.4,27.8,93.0,87.0,1008.1,2.6000000000000014,1.0,0.3000000000000682
2019-05-28,27.7,23.9,43.9,92.0,87.0,1008.7,3.8000000000000007,1.0,0.6000000000000227
2019-05-29,25.7,23.4,3.2,91.0,95.0,1009.9,2.3000000000000007,1.0,1.1999999999999318
2019-05-30,25.9,23.2,3.2,89.0,97.0,1010.1,2.6999999999999993,1.0,0.20000000000004547
2019-05-31,26.7,25.0,11.0,93.0,93.0,1008.7,1.6999999999999993,1.0,-1.3999999999999773
2019-06-01,30.6,24.9,32.6,87.0,85.0,1007.5,5.700000000000003,1.0,-1.2000000000000455
2019-06-02,31.2,25.4,3.0,86.0,81.0,1007.2,5.800000000000001,1.0,-0.2999999999999545
2019-06-03,30.2,25.3,34.1,85.0,83.0,1007.3,4.899999999999999,1.0,0.09999999999990905
2019-06-04,31.1,25.9,38.1,89.0,84.0,1008.6,5.200000000000003,1.0,1.3000000000000682
2019-06-05,32.6,27.4,0.0,82.0,78.0,1009.5,5.200000000000003,0.8571428571428571,0.8999999999999773
2019-06-07,33.2,28.6,0.0,77.0,72.0,1010.4,4.600000000000001,0.7142857142857143,0.8999999999999773
2019-06-08,32.4,28.2,1.1,76.0,76.0,1008.5,4.199999999999999,0.7142857142857143,-1.8999999999999773
2019-06-09,32.3,28.4,4.1,79.0,82.0,1005.4,3.8999999999999986,0.7142857142857143,-3.1000000000000227
2019-06-10,31.7,25.8,3.3,81.0,86.0,1003.5,5.899999999999999,0.7142857142857143,-1.8999999999999773
2019-06-11,29.4,24.6,111.6,91.0,90.0,1004.4,4.799999999999997,0.7142857142857143,0.8999999999999773
2019-06-12,29.6,26.5,1.5,91.0,89.0,1005.3,3.1000000000000014,0.7142857142857143,0.8999999999999773
2019-06-13,30.7,25.5,55.8,88.0,90.0,1003.0,5.199999999999999,0.8571428571428571,-2.2999999999999545
2019-06-14,31.6,25.4,16.5,76.0,58.0,1002.4,6.200000000000003,1.0,-0.6000000000000227
2019-06-16,30.1,26.8,0.0,80.0,77.0,1006.5,3.3000000000000007,0.8571428571428571,4.100000000000023
2019-06-17,28.7,26.8,4.7,88.0,87.0,1007.3,1.8999999999999986,0.8571428571428571,0.7999999999999545
2019-06-18,30.0,27.5,11.1,88.0,82.0,1008.1,2.5,0.8571428571428571,0.8000000000000682
2019-06-19,31.7,26.5,14.0,87.0,84.0,1007.8,5.199999999999999,0.8571428571428571,-0.3000000000000682
2019-06-20,32.5,28.2,0.5,80.0,66.0,1006.9,4.300000000000001,0.8571428571428571,-0.8999999999999773
2019-06-21,32.8,29.5,0.7,77.0,79.0,1005.9,3.299999999999997,0.8571428571428571,-1.0
2019-06-22,33.0,28.7,0.7,78.0,81.0,1004.7,4.300000000000001,0.8571428571428571,-1.1999999999999318
2019-06-23,32.2,29.1,3.2,80.0,84.0,1004.8,3.1000000000000014,1.0,0.09999999999990905
2019-06-24,30.6,24.7,16.8,85.0,88.0,1006.2,5.900000000000002,1.0,1.400000000000091
2019-06-25,29.7,24.8,35.4,89.0,88.0,1006.7,4.899999999999999,1.0,0.5
2019-06-26,31.4,26.1,0.9,86.0,78.0,1004.0,5.299999999999997,1.0,-2.7000000000000455
2019-06-27,32.5,28.3,3.5,83.0,78.0,1001.7,4.199999999999999,1.0,-2.2999999999999545
2019-06-28,32.7,29.3,2.2,82.0,77.0,1001.7,3.400000000000002,1.0,0.0
2019-06-29,33.3,29.5,0.6,79.0,72.0,1001.6,3.799999999999997,1.0,-0.10000000000002274
2019-06-30,33.0,26.9,33.1,85.0,74.0,1001.6,6.100000000000001,1.0,0.0
2019-07-01,33.2,26.8,15.3,82.0,72.0,1001.6,6.400000000000002,1.0,0.0
2019-07-02,31.1,26.3,19.1,85.0,82.0,1001.4,4.800000000000001,1.0,-0.20000000000004547
2019-07-03,28.7,25.5,79.1,95.0,93.0,1004.0,3.1999999999999993,1.0,2.6000000000000227
2019-07-04,32.3,27.0,13.0,84.0,85.0,1006.3,5.299999999999997,1.0,2.2999999999999545
2019-07-05,32.0,26.8,1.3,79.0,83.0,1004.9,5.199999999999999,1.0,-1.3999999999999773
2019-07-06,31.6,27.9,1.5,80.0,85.0,1003.5,3.700000000000003,1.0,-1.3999999999999773
2019-07-07,31.4,28.9,4.3,81.0,88.0,1004.7,2.5,1.0,1.2000000000000455
2019-07-08,32.3,29.1,0.1,79.0,85.0,1005.6,3.1999999999999957,1.0,0.8999999999999773
2019-07-09,31.7,28.7,6.0,80.0,88.0,1003.4,3.0,1.0,-2.2000000000000455
2019-07-10,30.2,26.5,14.3,86.0,88.0,1003.5,3.6999999999999993,1.0,0.10000000000002274
2019-07-11,30.9,27.5,6.0,86.0,87.0,1007.5,3.3999999999999986,1.0,4.0
2019-07-12,32.3,28.1,2.6,80.0,82.0,1007.4,4.199999999999996,1.0,-0.10000000000002274
2019-07-15,33.7,28.7,0.0,77.0,74.0,1004.8,5.0000000000000036,0.8571428571428571,-2.6000000000000227
2019-07-16,33.4,28.4,0.0,76.0,47.0,1004.7,5.0,0.7142857142857143,-0.09999999999990905
2019-07-17,33.1,28.3,0.0,79.0,66.0,1001.4,4.800000000000001,0.5714285714285714,-3.300000000000068
2019-07-19,32.8,26.9,22.6,83.0,73.0,1001.2,5.899999999999999,0.5714285714285714,-0.1999999999999318
2019-07-20,31.9,26.6,6.4,87.0,85.0,1005.2,5.299999999999997,0.5714285714285714,4.0
2019-07-21,31.5,27.3,0.1,83.0,85.0,1006.4,4.199999999999999,0.5714285714285714,1.1999999999999318
2019-07-22,31.5,27.1,0.4,82.0,88.0,1005.5,4.399999999999999,0.5714285714285714,-0.8999999999999773
2019-07-25,32.6,28.3,1.0,79.0,62.0,1008.0,4.300000000000001,0.7142857142857143,2.5
2019-07-27,33.3,29.0,0.0,76.0,78.0,1005.8,4.299999999999997,0.7142857142857143,-2.2000000000000455
2019-07-28,32.3,28.0,0.5,80.0,77.0,1006.6,4.299999999999997,0.8571428571428571,0.8000000000000682
2019-07-29,31.4,27.4,1.0,82.0,79.0,1006.6,4.0,0.8571428571428571,0.0
2019-07-30,31.5,26.7,12.8,82.0,84.0,1004.5,4.800000000000001,0.8571428571428571,-2.1000000000000227
2019-07-31,28.1,24.5,121.1,91.0,91.0,1002.0,3.6000000000000014,0.8571428571428571,-2.5
2019-08-01,27.6,24.9,98.3,94.0,94.0,1000.1,2.700000000000003,0.8571428571428571,-1.8999999999999773
2019-08-02,28.5,25.4,8.2,91.0,88.0,1002.1,3.1000000000000014,0.8571428571428571,2.0
2019-08-03,27.5,25.3,28.4,91.0,88.0,1002.7,2.1999999999999993,1.0,0.6000000000000227
2019-08-05,34.5,26.5,0.0,77.0,34.0,1003.1,8.0,0.8571428571428571,0.39999999999997726
2019-08-07,33.6,28.0,0.0,70.0,43.0,1000.7,5.600000000000001,0.7142857142857143,-2.3999999999999773
2019-08-08,33.5,27.7,0.0,74.0,43.0,998.5,5.800000000000001,0.5714285714285714,-2.2000000000000455
2019-08-09,35.1,28.1,0.0,75.0,36.0,997.2,7.0,0.42857142857142855,-1.2999999999999545
2019-08-10,33.2,29.4,0.0,83.0,83.0,999.0,3.8000000000000043,0.2857142857142857,1.7999999999999545
2019-08-11,32.7,29.2,1.1,82.0,85.0,1000.7,3.5000000000000036,0.2857142857142857,1.7000000000000455
2019-08-12,34.0,29.2,0.4,80.0,78.0,1001.6,4.800000000000001,0.2857142857142857,0.8999999999999773
2019-08-13,33.3,28.8,9.2,79.0,67.0,1001.7,4.4999999999999964,0.42857142857142855,0.10000000000002274
2019-08-14,33.4,25.2,54.4,80.0,70.0,1002.0,8.2,0.5714285714285714,0.2999999999999545
2019-08-15,32.4,26.5,5.6,79.0,69.0,1001.9,5.899999999999999,0.7142857142857143,-0.10000000000002274
2019-08-16,32.0,27.6,1.1,81.0,82.0,1003.4,4.399999999999999,0.8571428571428571,1.5
2019-08-17,30.1,25.9,42.2,87.0,87.0,1005.6,4.200000000000003,1.0,2.2000000000000455
2019-08-18,31.6,25.0,19.0,86.0,84.0,1005.1,6.600000000000001,1.0,-0.5
2019-08-19,31.8,26.8,0.1,83.0,81.0,1003.9,5.0,1.0,-1.2000000000000455
2019-08-21,32.8,27.6,0.0,74.0,74.0,1005.9,5.199999999999996,0.8571428571428571,2.0
2019-08-22,33.0,27.5,0.0,77.0,62.0,1006.6,5.5,0.7142857142857143,0.7000000000000455
2019-08-23,31.4,28.2,0.7,80.0,65.0,1006.7,3.1999999999999993,0.7142857142857143,0.10000000000002274
2019-08-24,33.9,27.7,0.0,75.0,56.0,1002.3,6.199999999999999,0.5714285714285714,-4.400000000000091
2019-08-25,32.6,25.1,88.4,89.0,95.0,1000.8,7.5,0.5714285714285714,-1.5
2019-08-26,28.7,22.9,178.3,95.0,81.0,1006.3,5.800000000000001,0.5714285714285714,5.5
2019-08-27,31.4,26.9,2.9,88.0,57.0,1008.1,4.5,0.5714285714285714,1.8000000000000682
2019-08-28,33.8,27.2,0.0,77.0,72.0,1006.2,6.599999999999998,0.5714285714285714,-1.8999999999999773
2019-08-29,30.7,27.8,5.9,83.0,80.0,1005.6,2.8999999999999986,0.7142857142857143,-0.6000000000000227
2019-08-30,30.1,25.0,8.5,86.0,83.0,1007.6,5.100000000000001,0.7142857142857143,2.0
2019-08-31,30.3,25.0,43.7,91.0,90.0,1007.8,5.300000000000001,0.8571428571428571,0.1999999999999318
2019-09-01,31.0,26.2,8.5,82.0,85.0,1006.5,4.800000000000001,0.8571428571428571,-1.2999999999999545
2019-09-02,28.1,25.2,38.4,90.0,88.0,1007.0,2.900000000000002,0.8571428571428571,0.5
2019-09-03,30.9,26.2,12.9,80.0,85.0,1005.6,4.699999999999999,0.8571428571428571,-1.3999999999999773
2019-09-04,28.3,25.5,62.2,91.0,89.0,1004.0,2.8000000000000007,1.0,-1.6000000000000227
2019-09-05,29.3,25.4,31.8,88.0,89.0,1003.1,3.900000000000002,1.0,-0.8999999999999773
2019-09-06,32.4,26.8,0.2,79.0,55.0,1002.5,5.599999999999998,1.0,-0.6000000000000227
2019-09-07,33.3,27.5,0.4,79.0,25.0,1003.6,5.799999999999997,1.0,1.1000000000000227
2019-09-08,33.0,28.0,0.4,80.0,31.0,1004.7,5.0,1.0,1.1000000000000227
2019-09-09,33.3,28.3,0.0,78.0,47.0,1005.8,4.9999999999999964,0.8571428571428571,1.099999999999909
2019-09-10,33.3,28.2,0.0,76.0,27.0,1008.9,5.099999999999998,0.7142857142857143,3.1000000000000227
2019-09-12,33.5,28.3,0.0,73.0,44.0,1009.9,5.199999999999999,0.5714285714285714,1.0
2019-09-15,32.2,25.9,11.0,76.0,51.0,1008.2,6.300000000000004,0.5714285714285714,-1.6999999999999318
2019-09-16,32.3,26.3,4.3,76.0,73.0,1007.7,5.9999999999999964,0.5714285714285714,-0.5
2019-09-17,31.8,27.9,2.1,76.0,80.0,1009.0,3.900000000000002,0.5714285714285714,1.2999999999999545
2019-09-18,32.0,25.8,18.0,79.0,79.0,1010.9,6.199999999999999,0.5714285714285714,1.8999999999999773
2019-09-19,32.4,24.9,8.7,74.0,54.0,1011.3,7.5,0.7142857142857143,0.39999999999997726
2019-09-20,32.6,26.2,0.0,52.0,9.0,1008.7,6.400000000000002,0.7142857142857143,-2.599999999999909
2019-09-21,32.5,26.5,0.0,42.0,2.0,1008.0,6.0,0.7142857142857143,-0.7000000000000455
2019-09-22,31.3,25.9,0.0,40.0,7.0,1012.2,5.400000000000002,0.5714285714285714,4.2000000000000455
2019-09-23,30.7,25.4,0.0,57.0,41.0,1016.2,5.300000000000001,0.42857142857142855,4.0
2019-09-24,30.3,26.3,0.0,70.0,59.0,1017.5,4.0,0.2857142857142857,1.2999999999999545
2019-09-26,30.8,25.5,0.0,71.0,43.0,1017.2,5.300000000000001,0.14285714285714285,-0.2999999999999545
2019-09-28,32.2,25.9,0.0,71.0,33.0,1015.0,6.300000000000004,0.0,-2.2000000000000455
2019-09-29,31.7,26.6,0.0,75.0,33.0,1012.8,5.099999999999998,0.0,-2.2000000000000455
2019-09-30,33.4,27.2,0.0,64.0,21.0,1008.8,6.199999999999999,0.0,-4.0
2019-10-01,33.2,28.4,0.0,59.0,11.0,1009.4,4.800000000000004,0.0,0.6000000000000227
2019-10-02,32.1,27.9,0.0,71.0,20.0,1011.2,4.200000000000003,0.0,1.8000000000000682
2019-10-03,31.8,27.4,0.0,67.0,22.0,1012.1,4.400000000000002,0.0,0.8999999999999773
2019-10-04,31.3,26.9,0.0,70.0,22.0,1012.2,4.400000000000002,0.0,0.10000000000002274
2019-10-05,32.3,26.8,0.0,69.0,18.0,1012.9,5.4999999999999964,0.0,0.6999999999999318
2019-10-06,29.1,23.1,46.8,81.0,87.0,1014.7,6.0,0.14285714285714285,1.8000000000000682
2019-10-07,28.3,23.2,17.9,86.0,83.0,1015.4,5.100000000000001,0.2857142857142857,0.6999999999999318
2019-10-08,30.4,25.3,4.9,79.0,66.0,1015.6,5.099999999999998,0.42857142857142855,0.20000000000004547
2019-10-10,30.3,26.6,0.0,76.0,35.0,1013.5,3.6999999999999993,0.42857142857142855,-2.1000000000000227
2019-10-11,31.1,26.3,0.0,75.0,24.0,1011.8,4.800000000000001,0.42857142857142855,-1.7000000000000455
2019-10-12,31.5,27.4,0.3,78.0,51.0,1011.8,4.100000000000001,0.5714285714285714,0.0
2019-10-13,30.8,24.5,13.6,84.0,81.0,1014.6,6.300000000000001,0.7142857142857143,2.800000000000068
2019-10-14,28.9,24.2,52.1,86.0,80.0,1017.6,4.699999999999999,0.7142857142857143,3.0
2019-10-15,29.7,23.1,10.4,74.0,56.0,1019.0,6.599999999999998,0.7142857142857143,1.3999999999999773
2019-10-16,28.9,23.2,0.0,67.0,37.0,1018.3,5.699999999999999,0.5714285714285714,-0.7000000000000455
2019-10-17,29.7,23.9,0.0,70.0,31.0,1017.2,5.800000000000001,0.5714285714285714,-1.099999999999909
2019-10-19,29.6,24.2,0.0,72.0,34.0,1017.2,5.400000000000002,0.5714285714285714,0.0
2019-10-20,28.3,23.4,3.5,76.0,42.0,1016.5,4.900000000000002,0.5714285714285714,-0.7000000000000455
2019-10-21,28.8,23.5,0.0,72.0,35.0,1014.0,5.300000000000001,0.42857142857142855,-2.5
2019-10-22,28.0,23.4,0.0,68.0,21.0,1012.2,4.600000000000001,0.2857142857142857,-1.7999999999999545
2019-10-23,28.7,23.5,0.0,71.0,28.0,1012.2,5.199999999999999,0.14285714285714285,0.0
2019-10-24,29.5,24.5,0.0,71.0,51.0,1014.9,5.0,0.14285714285714285,2.699999999999932
2019-10-25,28.3,24.3,0.0,75.0,33.0,1016.7,4.0,0.14285714285714285,1.8000000000000682
2019-10-29,24.7,20.3,0.0,65.0,54.0,1015.7,4.399999999999999,0.14285714285714285,-1.0
2019-10-30,26.4,21.5,0.0,60.0,81.0,1016.7,4.899999999999999,0.0,1.0
2019-10-31,27.2,23.2,0.0,68.0,78.0,1016.2,4.0,0.0,-0.5
2019-11-01,29.3,24.0,0.0,73.0,49.0,1015.7,5.300000000000001,0.0,-0.5
2019-11-02,28.2,23.9,0.0,74.0,31.0,1014.6,4.300000000000001,0.0,-1.1000000000000227
2019-11-03,28.8,23.8,0.0,74.0,48.0,1013.9,5.0,0.0,-0.7000000000000455
2019-11-04,28.6,22.8,0.0,56.0,28.0,1014.5,5.800000000000001,0.0,0.6000000000000227
2019-11-05,27.4,21.6,0.0,56.0,11.0,1013.4,5.799999999999997,0.0,-1.1000000000000227
2019-11-06,26.5,22.3,0.0,69.0,47.0,1012.0,4.199999999999999,0.0,-1.3999999999999773
2019-11-07,26.9,21.4,0.0,56.0,32.0,1013.7,5.5,0.0,1.7000000000000455
2019-11-08,26.8,20.8,0.0,51.0,21.0,1017.0,6.0,0.0,3.2999999999999545
2019-11-09,26.0,20.4,0.0,62.0,33.0,1017.6,5.600000000000001,0.0,0.6000000000000227
2019-11-10,26.7,20.6,0.0,70.0,16.0,1016.1,6.099999999999998,0.0,-1.5
2019-11-11,26.8,20.9,0.0,72.0,32.0,1014.7,5.900000000000002,0.0,-1.3999999999999773
2019-11-12,25.2,22.3,0.0,78.0,70.0,1016.4,2.8999999999999986,0.0,1.6999999999999318
2019-11-13,26.8,22.3,0.0,75.0,39.0,1018.3,4.5,0.0,1.8999999999999773
2019-11-14,25.9,21.1,0.0,64.0,42.0,1018.9,4.799999999999997,0.0,0.6000000000000227
2019-11-15,25.7,21.5,0.0,70.0,29.0,1016.9,4.199999999999999,0.0,-2.0
2019-11-16,25.6,21.5,0.0,76.0,33.0,1015.7,4.100000000000001,0.0,-1.1999999999999318
2019-11-17,26.5,21.4,0.0,79.0,18.0,1015.0,5.100000000000001,0.0,-0.7000000000000455
2019-11-18,28.4,20.6,0.0,69.0,18.0,1015.7,7.799999999999997,0.0,0.7000000000000455
2019-11-19,22.7,17.9,0.0,63.0,49.0,1018.4,4.800000000000001,0.0,2.699999999999932
2019-11-20,24.0,19.4,0.0,66.0,56.0,1019.5,4.600000000000001,0.0,1.1000000000000227
2019-11-22,26.3,19.6,0.0,66.0,14.0,1017.1,6.699999999999999,0.0,-2.3999999999999773
2019-11-23,26.9,21.4,0.0,78.0,44.0,1016.9,5.5,0.0,-0.20000000000004547
2019-11-24,27.4,21.1,0.0,77.0,24.0,1017.5,6.299999999999997,0.0,0.6000000000000227
2019-11-25,26.6,22.4,0.0,73.0,58.0,1019.6,4.200000000000003,0.0,2.1000000000000227
2019-11-27,24.8,21.1,0.0,78.0,53.0,1020.0,3.6999999999999993,0.0,0.39999999999997726
2019-11-28,23.1,18.0,0.0,61.0,41.0,1021.9,5.100000000000001,0.0,1.8999999999999773
2019-11-29,22.6,17.0,0.0,65.0,48.0,1022.3,5.600000000000001,0.0,0.39999999999997726
2019-11-30,23.8,17.9,0.0,71.0,34.0,1020.4,5.900000000000002,0.0,-1.8999999999999773
2019-12-01,25.5,18.8,0.0,69.0,8.0,1018.3,6.699999999999999,0.0,-2.1000000000000227
2019-12-02,20.3,15.1,0.0,54.0,18.0,1021.6,5.200000000000001,0.0,3.300000000000068
2019-12-03,20.1,13.8,0.0,46.0,32.0,1023.1,6.300000000000001,0.0,1.5
2019-12-04,20.1,13.9,0.0,40.0,55.0,1022.9,6.200000000000001,0.0,-0.20000000000004547
2019-12-05,18.3,13.1,1.4,54.0,88.0,1024.8,5.200000000000001,0.14285714285714285,1.8999999999999773
2019-12-06,19.5,12.7,0.3,39.0,47.0,1024.7,6.800000000000001,0.2857142857142857,-0.09999999999990905
2019-12-07,19.1,13.2,0.0,39.0,1.0,1024.8,5.900000000000002,0.2857142857142857,0.09999999999990905
2019-12-08,19.5,13.0,0.0,47.0,16.0,1024.8,6.5,0.2857142857142857,0.0
2019-12-09,21.7,14.7,0.0,62.0,56.0,1021.8,7.0,0.2857142857142857,-3.0
2019-12-10,21.9,15.7,0.0,69.0,39.0,1018.6,6.199999999999999,0.2857142857142857,-3.199999999999932
2019-12-11,24.0,16.5,0.0,64.0,2.0,1018.4,7.5,0.2857142857142857,-0.20000000000004547
2019-12-12,21.4,17.4,0.0,67.0,43.0,1020.9,4.0,0.14285714285714285,2.5
2019-12-13,22.0,18.0,0.0,75.0,43.0,1022.4,4.0,0.0,1.5
2019-12-14,23.3,17.6,0.0,75.0,17.0,1021.7,5.699999999999999,0.0,-0.6999999999999318
2019-12-15,20.5,18.5,0.0,81.0,85.0,1020.0,2.0,0.0,-1.7000000000000455
2019-12-16,23.7,19.7,0.0,76.0,86.0,1018.1,4.0,0.0,-1.8999999999999773
2019-12-17,26.2,21.2,0.0,71.0,79.0,1017.7,5.0,0.0,-0.39999999999997726
2019-12-18,27.3,20.0,0.0,77.0,70.0,1018.1,7.300000000000001,0.0,0.39999999999997726
2019-12-19,21.4,18.8,0.1,84.0,94.0,1019.8,2.599999999999998,0.14285714285714285,1.6999999999999318
2019-12-20,21.6,17.7,0.7,78.0,83.0,1019.6,3.900000000000002,0.2857142857142857,-0.1999999999999318
2019-12-21,21.9,17.0,1.4,84.0,86.0,1017.8,4.899999999999999,0.42857142857142855,-1.8000000000000682
2019-12-22,22.8,19.2,0.0,84.0,60.0,1015.8,3.6000000000000014,0.42857142857142855,-2.0
2019-12-23,21.4,18.9,0.0,85.0,81.0,1016.7,2.5,0.42857142857142855,0.900000000000091
2019-12-24,23.3,19.0,0.0,80.0,44.0,1017.9,4.300000000000001,0.42857142857142855,1.1999999999999318
2019-12-25,22.9,19.0,0.0,80.0,65.0,1016.4,3.8999999999999986,0.42857142857142855,-1.5
2019-12-26,24.5,17.5,0.0,73.0,29.0,1016.3,7.0,0.2857142857142857,-0.10000000000002274
2019-12-27,21.3,15.6,0.0,65.0,23.0,1020.3,5.700000000000001,0.14285714285714285,4.0
2019-12-29,19.6,17.9,9.3,88.0,92.0,1018.3,1.7000000000000028,0.14285714285714285,-2.0
2019-12-30,22.5,18.8,0.3,91.0,90.0,1020.0,3.6999999999999993,0.2857142857142857,1.7000000000000455
2020-01-02,20.4,17.4,0.0,78.0,54.0,1025.2,3.0,0.2857142857142857,5.2000000000000455
2020-01-03,22.0,17.2,0.0,82.0,47.0,1023.0,4.800000000000001,0.2857142857142857,-2.2000000000000455
2020-01-04,22.0,17.6,0.0,83.0,62.0,1020.9,4.399999999999999,0.2857142857142857,-2.1000000000000227
2020-01-05,22.1,18.7,0.0,79.0,81.0,1020.5,3.400000000000002,0.2857142857142857,-0.39999999999997726
2020-01-06,24.0,19.5,0.0,78.0,75.0,1019.3,4.5,0.2857142857142857,-1.2000000000000455
2020-01-08,26.0,19.7,0.0,72.0,35.0,1018.5,6.300000000000001,0.14285714285714285,-0.7999999999999545
2020-01-09,20.6,18.4,0.0,77.0,76.0,1018.1,2.200000000000003,0.0,-0.39999999999997726
2020-01-10,21.8,18.8,0.0,82.0,67.0,1016.4,3.0,0.0,-1.7000000000000455
2020-01-11,23.9,18.7,0.0,81.0,59.0,1015.3,5.199999999999999,0.0,-1.1000000000000227
2020-01-12,20.3,15.7,0.0,65.0,75.0,1017.1,4.600000000000001,0.0,1.8000000000000682
2020-01-13,19.7,17.2,0.0,76.0,77.0,1017.8,2.5,0.0,0.6999999999999318
2020-01-14,21.9,17.5,0.0,76.0,42.0,1019.0,4.399999999999999,0.0,1.2000000000000455
2020-01-15,21.7,17.9,0.1,80.0,77.0,1018.3,3.8000000000000007,0.14285714285714285,-0.7000000000000455
2020-01-17,20.0,17.2,0.0,69.0,88.0,1019.6,2.8000000000000007,0.14285714285714285,1.3000000000000682
2020-01-18,21.0,17.1,0.0,73.0,63.0,1019.6,3.8999999999999986,0.14285714285714285,0.0
2020-01-19,20.7,16.6,0.0,75.0,83.0,1020.9,4.099999999999998,0.14285714285714285,1.2999999999999545
2020-01-20,20.6,15.7,0.0,75.0,80.0,1021.9,4.900000000000002,0.14285714285714285,1.0
2020-01-21,21.1,17.3,0.0,80.0,85.0,1022.4,3.8000000000000007,0.14285714285714285,0.5
2020-01-23,25.7,20.5,0.0,86.0,63.0,1017.2,5.199999999999999,0.14285714285714285,-5.199999999999932
2020-01-25,22.2,18.8,2.1,89.0,91.0,1016.2,3.3999999999999986,0.14285714285714285,-1.0
2020-01-26,19.2,13.7,12.3,86.0,80.0,1014.9,5.5,0.2857142857142857,-1.3000000000000682
2020-01-27,16.0,11.5,0.2,70.0,71.0,1016.4,4.5,0.42857142857142855,1.5
2020-01-28,16.1,10.8,0.1,66.0,68.0,1018.6,5.300000000000001,0.5714285714285714,2.2000000000000455
2020-01-29,17.1,11.0,0.0,55.0,42.0,1020.6,6.100000000000001,0.5714285714285714,2.0
2020-01-30,18.5,11.6,0.0,44.0,3.0,1021.5,6.9,0.5714285714285714,0.8999999999999773
2020-01-31,18.9,11.8,0.0,52.0,4.0,1022.4,7.099999999999998,0.5714285714285714,0.8999999999999773
2020-02-01,18.8,14.1,0.0,72.0,29.0,1022.4,4.700000000000001,0.42857142857142855,0.0
2020-02-02,19.5,15.9,0.0,77.0,85.0,1022.0,3.5999999999999996,0.2857142857142857,-0.39999999999997726
2020-02-04,19.0,15.4,0.8,84.0,88.0,1020.2,3.5999999999999996,0.2857142857142857,-1.7999999999999545
2020-02-05,18.3,16.6,1.0,83.0,88.0,1020.6,1.6999999999999993,0.2857142857142857,0.39999999999997726
2020-02-07,20.6,17.3,0.0,82.0,85.0,1021.1,3.3000000000000007,0.2857142857142857,0.5
2020-02-08,19.6,16.7,0.0,76.0,88.0,1024.0,2.900000000000002,0.2857142857142857,2.8999999999999773
2020-02-10,18.6,15.5,0.0,76.0,88.0,1023.1,3.1000000000000014,0.2857142857142857,-0.8999999999999773
2020-02-11,19.1,16.8,0.8,86.0,88.0,1020.5,2.3000000000000007,0.42857142857142855,-2.6000000000000227
2020-02-12,24.7,18.4,0.0,89.0,77.0,1017.9,6.300000000000001,0.42857142857142855,-2.6000000000000227
2020-02-13,20.5,18.9,41.6,94.0,80.0,1015.4,1.6000000000000014,0.42857142857142855,-2.5
2020-02-14,22.5,19.5,9.7,94.0,92.0,1013.8,3.0,0.42857142857142855,-1.6000000000000227
2020-02-16,22.4,10.6,25.5,82.0,92.0,1020.1,11.799999999999999,0.5714285714285714,6.300000000000068
2020-02-17,18.0,10.3,0.0,53.0,26.0,1026.2,7.699999999999999,0.5714285714285714,6.100000000000023
2020-02-18,18.4,11.6,0.0,57.0,6.0,1026.4,6.799999999999999,0.5714285714285714,0.20000000000004547
2020-02-19,19.4,14.0,0.0,69.0,37.0,1024.6,5.399999999999999,0.42857142857142855,-1.800000000000182
2020-02-20,21.2,15.4,0.0,70.0,31.0,1024.9,5.799999999999999,0.42857142857142855,0.3000000000001819
2020-02-21,22.6,16.5,0.0,73.0,7.0,1026.7,6.100000000000001,0.2857142857142857,1.7999999999999545
2020-02-22,25.5,17.1,0.0,73.0,11.0,1025.7,8.399999999999999,0.14285714285714285,-1.0
2020-02-23,23.9,17.5,0.0,71.0,67.0,1024.6,6.399999999999999,0.0,-1.1000000000001364
2020-02-24,22.0,17.5,0.0,76.0,81.0,1020.7,4.5,0.0,-3.8999999999998636
2020-02-26,28.1,20.6,0.0,82.0,29.0,1017.9,7.5,0.0,-2.800000000000068
2020-02-27,22.6,19.1,0.4,84.0,78.0,1019.6,3.5,0.14285714285714285,1.7000000000000455
2020-02-28,25.3,18.1,0.0,78.0,84.0,1018.0,7.199999999999999,0.14285714285714285,-1.6000000000000227
2020-02-29,26.6,20.2,0.0,80.0,54.0,1014.7,6.400000000000002,0.14285714285714285,-3.2999999999999545
2020-03-01,26.6,20.4,0.0,82.0,21.0,1014.2,6.200000000000003,0.14285714285714285,-0.5
2020-03-04,21.5,18.2,3.1,84.0,88.0,1018.0,3.3000000000000007,0.2857142857142857,3.7999999999999545
2020-03-05,20.7,16.5,0.4,85.0,88.0,1019.4,4.199999999999999,0.42857142857142855,1.3999999999999773
2020-03-13,25.0,19.3,0.0,91.0,89.0,1015.7,5.699999999999999,0.42857142857142855,-3.699999999999932
2020-03-14,25.9,19.8,0.4,78.0,72.0,1017.6,6.099999999999998,0.42857142857142855,1.8999999999999773
2020-03-15,23.0,18.9,0.0,70.0,76.0,1019.3,4.100000000000001,0.42857142857142855,1.6999999999999318
2020-03-16,22.8,18.5,0.0,75.0,70.0,1019.7,4.300000000000001,0.42857142857142855,0.40000000000009095
2020-03-17,21.7,19.5,0.0,79.0,83.0,1018.7,2.1999999999999993,0.42857142857142855,-1.0
2020-03-18,21.6,19.7,10.7,86.0,79.0,1015.8,1.9000000000000021,0.42857142857142855,-2.900000000000091
2020-03-19,23.0,20.3,0.8,88.0,89.0,1014.7,2.6999999999999993,0.42857142857142855,-1.099999999999909
2020-03-20,23.0,20.5,0.4,87.0,88.0,1015.4,2.5,0.5714285714285714,0.6999999999999318
2020-03-21,23.0,20.2,0.2,94.0,87.0,1015.4,2.8000000000000007,0.5714285714285714,0.0
2020-03-22,28.5,21.6,0.0,84.0,44.0,1014.0,6.899999999999999,0.5714285714285714,-1.3999999999999773
2020-03-23,28.5,22.0,0.0,81.0,37.0,1014.2,6.5,0.5714285714285714,0.20000000000004547
2020-03-26,26.3,22.0,1.0,90.0,77.0,1013.5,4.300000000000001,0.7142857142857143,-0.7000000000000455
2020-03-28,25.9,19.8,9.8,91.0,89.0,1013.3,6.099999999999998,0.7142857142857143,-0.20000000000004547
2020-03-29,21.9,19.1,2.2,91.0,90.0,1013.5,2.799999999999997,0.7142857142857143,0.20000000000004547
2020-03-30,21.4,19.7,6.5,95.0,96.0,1012.2,1.6999999999999993,0.7142857142857143,-1.2999999999999545
2020-03-31,21.3,19.2,5.8,95.0,98.0,1013.1,2.1000000000000014,0.7142857142857143,0.8999999999999773
2020-04-01,21.3,18.9,0.2,91.0,96.0,1015.0,2.400000000000002,0.8571428571428571,1.8999999999999773
2020-04-02,20.7,19.3,0.4,86.0,94.0,1017.0,1.3999999999999986,1.0,2.0
2020-04-03,21.3,19.4,0.6,88.0,88.0,1017.2,1.9000000000000021,1.0,0.20000000000004547
2020-04-04,24.1,19.7,1.1,89.0,89.0,1018.0,4.400000000000002,1.0,0.7999999999999545
2020-04-05,19.9,16.9,4.6,88.0,94.0,1019.0,3.0,1.0,1.0
2020-04-06,17.9,16.1,21.5,92.0,97.0,1016.8,1.7999999999999972,1.0,-2.2000000000000455
2020-04-08,24.0,18.7,0.0,71.0,83.0,1016.5,5.300000000000001,0.8571428571428571,-0.2999999999999545
2020-04-09,25.6,18.8,0.0,69.0,31.0,1017.5,6.800000000000001,0.7142857142857143,1.0
2020-04-10,24.6,19.9,0.0,73.0,39.0,1018.1,4.700000000000003,0.5714285714285714,0.6000000000000227
2020-04-11,24.3,20.5,20.5,88.0,89.0,1015.0,3.8000000000000007,0.5714285714285714,-3.1000000000000227
2020-04-12,25.6,18.1,0.4,59.0,45.0,1017.3,7.5,0.5714285714285714,2.2999999999999545
2020-04-13,25.4,16.4,0.0,44.0,49.0,1019.2,9.0,0.42857142857142855,1.900000000000091
2020-04-14,24.1,19.6,0.0,65.0,80.0,1017.5,4.5,0.2857142857142857,-1.7000000000000455
2020-04-15,25.9,19.0,0.0,66.0,46.0,1015.4,6.899999999999999,0.2857142857142857,-2.1000000000000227
2020-04-16,28.3,20.0,0.0,77.0,41.0,1014.5,8.3,0.2857142857142857,-0.8999999999999773
2020-04-17,28.3,22.0,0.0,79.0,59.0,1014.8,6.300000000000001,0.2857142857142857,0.2999999999999545
2020-04-19,30.0,23.7,0.0,80.0,47.0,1012.6,6.300000000000001,0.14285714285714285,-2.199999999999932
2020-04-20,29.4,24.6,0.0,81.0,53.0,1012.5,4.799999999999997,0.0,-0.10000000000002274
2020-04-21,30.0,24.9,0.0,82.0,69.0,1012.4,5.100000000000001,0.0,-0.10000000000002274
2020-04-22,25.7,19.4,25.8,94.0,93.0,1014.9,6.300000000000001,0.14285714285714285,2.5
2020-04-23,21.7,19.4,1.3,89.0,93.0,1017.2,2.3000000000000007,0.2857142857142857,2.300000000000068
2020-04-24,21.4,18.1,0.6,84.0,94.0,1019.0,3.299999999999997,0.42857142857142855,1.7999999999999545
2020-04-25,22.7,18.4,0.1,83.0,90.0,1018.1,4.300000000000001,0.5714285714285714,-0.8999999999999773
2020-04-26,27.8,19.9,0.7,75.0,79.0,1017.0,7.900000000000002,0.7142857142857143,-1.1000000000000227
2020-04-27,28.5,21.6,0.0,65.0,65.0,1017.1,6.899999999999999,0.7142857142857143,0.10000000000002274
2020-04-28,27.9,22.4,0.0,64.0,56.0,1017.5,5.5,0.7142857142857143,0.39999999999997726
2020-04-29,28.5,21.7,0.0,72.0,39.0,1017.0,6.800000000000001,0.5714285714285714,-0.5
2020-04-30,30.3,22.2,0.0,74.0,52.0,1015.3,8.100000000000001,0.42857142857142855,-1.7000000000000455
2020-05-01,30.2,23.6,0.0,81.0,70.0,1012.5,6.599999999999998,0.2857142857142857,-2.7999999999999545
2020-05-02,30.0,23.9,0.0,77.0,52.0,1010.0,6.100000000000001,0.14285714285714285,-2.5
2020-05-03,31.3,24.9,0.0,78.0,32.0,1009.2,6.400000000000002,0.0,-0.7999999999999545
2020-05-04,31.5,25.9,0.0,79.0,57.0,1009.8,5.600000000000001,0.0,0.599999999999909
2020-05-05,29.9,26.6,0.0,80.0,75.0,1008.8,3.299999999999997,0.0,-1.0
2020-05-06,31.4,27.2,0.0,81.0,83.0,1008.6,4.199999999999999,0.0,-0.1999999999999318
2020-05-07,30.8,27.7,0.0,81.0,83.0,1008.7,3.1000000000000014,0.0,0.10000000000002274
2020-05-08,32.0,28.2,0.1,81.0,86.0,1008.6,3.8000000000000007,0.14285714285714285,-0.10000000000002274
2020-05-09,31.7,27.7,0.1,79.0,81.0,1009.2,4.0,0.2857142857142857,0.6000000000000227
2020-05-10,32.4,26.4,0.8,78.0,60.0,1009.8,6.0,0.42857142857142855,0.599999999999909
2020-05-11,33.5,24.2,14.8,76.0,77.0,1010.3,9.3,0.5714285714285714,0.5
2020-05-12,30.4,24.4,3.6,82.0,78.0,1010.8,6.0,0.7142857142857143,0.5
2020-05-13,28.0,25.8,0.3,84.0,80.0,1012.3,2.1999999999999993,0.8571428571428571,1.5
2020-05-14,29.8,25.1,0.1,83.0,86.0,1011.2,4.699999999999999,1.0,-1.099999999999909
2020-05-15,31.7,26.7,0.0,81.0,72.0,1008.3,5.0,0.8571428571428571,-2.900000000000091
2020-05-16,32.9,26.5,0.0,80.0,57.0,1007.5,6.399999999999999,0.7142857142857143,-0.7999999999999545
2020-05-18,28.6,24.1,46.7,88.0,88.0,1004.6,4.5,0.7142857142857143,-2.8999999999999773
2020-05-19,31.7,25.6,0.0,82.0,72.0,1005.1,6.099999999999998,0.5714285714285714,0.5
2020-05-20,28.5,26.7,4.3,87.0,87.0,1006.1,1.8000000000000007,0.5714285714285714,1.0
2020-05-21,29.5,25.5,84.6,92.0,90.0,1003.8,4.0,0.5714285714285714,-2.300000000000068
2020-05-22,29.4,27.0,17.0,88.0,89.0,1003.2,2.3999999999999986,0.5714285714285714,-0.599999999999909
2020-05-23,27.0,24.9,1.5,88.0,88.0,1006.8,2.1000000000000014,0.7142857142857143,3.599999999999909
2020-05-25,28.1,24.8,32.4,91.0,85.0,1009.6,3.3000000000000007,0.8571428571428571,2.800000000000068
2020-05-26,31.1,26.6,14.4,87.0,86.0,1007.6,4.5,0.8571428571428571,-2.0
2020-05-27,30.5,26.5,0.1,83.0,86.0,1008.6,4.0,1.0,1.0
2020-05-28,29.5,26.7,0.2,86.0,86.0,1010.1,2.8000000000000007,1.0,1.5
2020-05-29,30.8,26.7,0.2,85.0,85.0,1010.0,4.100000000000001,1.0,-0.10000000000002274
2020-05-30,28.5,24.4,131.3,94.0,92.0,1010.9,4.100000000000001,1.0,0.8999999999999773
2020-06-02,30.5,27.4,6.4,82.0,87.0,1009.5,3.1000000000000014,1.0,-1.3999999999999773
2020-06-05,32.3,27.5,2.6,78.0,88.0,1007.3,4.799999999999997,1.0,-2.2000000000000455
2020-06-06,29.9,24.1,183.8,89.0,94.0,1007.2,5.799999999999997,1.0,-0.09999999999990905
2020-06-07,29.4,24.6,107.4,91.0,92.0,1005.6,4.799999999999997,1.0,-1.6000000000000227
2020-06-08,29.3,25.2,40.9,88.0,92.0,1006.2,4.100000000000001,1.0,0.6000000000000227
2020-06-09,31.4,28.1,1.3,83.0,87.0,1008.2,3.299999999999997,1.0,2.0
2020-06-10,31.7,28.3,0.2,78.0,81.0,1008.8,3.3999999999999986,1.0,0.599999999999909
2020-06-12,35.0,27.8,0.0,75.0,32.0,1005.4,7.199999999999999,0.8571428571428571,-3.3999999999999773
2020-06-13,33.7,27.6,11.7,81.0,84.0,1004.0,6.100000000000001,0.8571428571428571,-1.3999999999999773
2020-06-14,31.5,26.0,29.3,84.0,82.0,1008.3,5.5,0.8571428571428571,4.2999999999999545
2020-06-15,32.6,26.3,0.2,79.0,64.0,1011.1,6.300000000000001,0.8571428571428571,2.800000000000068
2020-06-16,31.1,26.8,9.4,81.0,70.0,1009.7,4.300000000000001,0.8571428571428571,-1.3999999999999773
2020-06-17,31.7,27.5,0.9,77.0,54.0,1008.3,4.199999999999999,0.8571428571428571,-1.400000000000091
2020-06-18,31.8,27.7,0.1,77.0,56.0,1008.5,4.100000000000001,0.8571428571428571,0.20000000000004547
2020-06-20,32.7,28.3,0.0,74.0,54.0,1008.5,4.400000000000002,0.8571428571428571,0.0
2020-06-23,32.6,29.1,0.0,77.0,72.0,1007.1,3.5,0.7142857142857143,-1.3999999999999773
2020-06-24,32.9,29.0,0.0,77.0,86.0,1006.5,3.8999999999999986,0.5714285714285714,-0.6000000000000227
2020-06-25,32.4,29.1,0.1,76.0,87.0,1006.4,3.299999999999997,0.5714285714285714,-0.10000000000002274
2020-06-26,32.0,29.4,1.3,77.0,86.0,1007.9,2.6000000000000014,0.5714285714285714,1.5
2020-06-27,32.5,28.5,1.2,77.0,83.0,1008.4,4.0,0.5714285714285714,0.5
2020-06-29,34.2,28.2,0.4,74.0,78.0,1006.1,6.0000000000000036,0.5714285714285714,-2.2999999999999545
2020-07-01,32.7,28.9,1.1,78.0,83.0,1004.0,3.8000000000000043,0.7142857142857143,-2.1000000000000227
2020-07-02,33.3,27.7,9.3,79.0,83.0,1005.1,5.599999999999998,0.8571428571428571,1.1000000000000227
2020-07-03,33.1,27.3,29.5,84.0,82.0,1008.4,5.800000000000001,1.0,3.2999999999999545
2020-07-04,33.3,27.5,8.3,80.0,84.0,1008.9,5.799999999999997,1.0,0.5
2020-07-05,32.9,28.0,1.3,77.0,77.0,1007.3,4.899999999999999,1.0,-1.6000000000000227
2020-07-06,32.3,28.3,4.1,76.0,77.0,1007.4,3.9999999999999964,1.0,0.10000000000002274
2020-07-07,32.7,28.5,0.7,77.0,78.0,1009.2,4.200000000000003,1.0,1.8000000000000682
2020-07-08,32.2,29.0,0.6,79.0,88.0,1007.1,3.200000000000003,1.0,-2.1000000000000227
2020-07-10,32.2,29.3,0.0,75.0,88.0,1005.9,2.900000000000002,0.8571428571428571,-1.2000000000000455
2020-07-11,33.4,29.2,0.0,76.0,83.0,1007.4,4.199999999999999,0.7142857142857143,1.5
2020-07-12,33.5,29.1,0.0,75.0,59.0,1007.7,4.399999999999999,0.5714285714285714,0.3000000000000682
2020-07-13,33.2,28.7,0.0,74.0,38.0,1007.8,4.5000000000000036,0.42857142857142855,0.09999999999990905
2020-07-14,33.6,28.6,0.0,75.0,57.0,1006.5,5.0,0.2857142857142857,-1.2999999999999545
2020-07-15,33.9,28.8,0.0,74.0,80.0,1006.1,5.099999999999998,0.14285714285714285,-0.39999999999997726
2020-07-16,32.7,27.4,2.4,76.0,73.0,1006.9,5.300000000000004,0.14285714285714285,0.7999999999999545
2020-07-17,33.4,27.8,2.5,75.0,76.0,1008.5,5.599999999999998,0.2857142857142857,1.6000000000000227
2020-07-18,33.2,28.9,2.2,75.0,84.0,1008.2,4.300000000000004,0.42857142857142855,-0.2999999999999545
2020-07-19,32.9,28.8,0.0,75.0,84.0,1007.7,4.099999999999998,0.42857142857142855,-0.5
2020-07-20,32.2,27.5,3.1,77.0,82.0,1009.5,4.700000000000003,0.5714285714285714,1.7999999999999545
2020-07-21,34.7,28.1,0.0,76.0,61.0,1010.5,6.600000000000001,0.5714285714285714,1.0
2020-07-22,33.1,27.7,2.5,79.0,50.0,1009.3,5.400000000000002,0.7142857142857143,-1.2000000000000455
2020-07-24,33.9,28.8,0.0,74.0,47.0,1008.3,5.099999999999998,0.5714285714285714,-1.0
2020-07-25,34.0,28.8,0.0,75.0,83.0,1007.3,5.199999999999999,0.42857142857142855,-1.0
2020-07-27,33.5,28.4,2.3,75.0,76.0,1006.4,5.100000000000001,0.42857142857142855,-0.8999999999999773
2020-07-28,35.0,27.9,3.0,73.0,55.0,1007.5,7.100000000000001,0.5714285714285714,1.1000000000000227
2020-07-29,34.9,28.6,2.6,77.0,69.0,1007.2,6.299999999999997,0.5714285714285714,-0.2999999999999545
2020-07-30,34.9,26.0,13.3,75.0,76.0,1006.7,8.899999999999999,0.7142857142857143,-0.5
2020-07-31,29.7,25.9,36.6,84.0,86.0,1004.2,3.8000000000000007,0.7142857142857143,-2.5
2020-08-01,29.4,25.9,28.3,87.0,90.0,1004.1,3.5,0.8571428571428571,-0.10000000000002274
2020-08-02,29.4,26.2,25.6,89.0,88.0,1004.2,3.1999999999999993,1.0,0.10000000000002274
2020-08-03,27.8,25.7,46.9,93.0,88.0,1003.5,2.1000000000000014,1.0,-0.7000000000000455
2020-08-04,30.1,26.1,4.7,87.0,86.0,1004.0,4.0,1.0,0.5
2020-08-05,31.9,24.9,53.3,88.0,89.0,1008.1,7.0,1.0,4.100000000000023
2020-08-06,33.5,25.2,1.7,85.0,83.0,1009.8,8.3,1.0,1.6999999999999318
2020-08-07,33.9,27.6,0.2,80.0,82.0,1008.0,6.299999999999997,1.0,-1.7999999999999545
2020-08-08,34.4,28.4,0.0,76.0,44.0,1005.6,6.0,0.8571428571428571,-2.3999999999999773
2020-08-09,33.4,27.8,0.0,76.0,46.0,1004.1,5.599999999999998,0.7142857142857143,-1.5
2020-08-10,33.0,28.3,0.0,76.0,73.0,1004.3,4.699999999999999,0.5714285714285714,0.1999999999999318
2020-08-11,32.2,29.0,0.6,78.0,83.0,1006.3,3.200000000000003,0.5714285714285714,2.0
2020-08-12,29.5,26.6,29.4,88.0,88.0,1010.4,2.8999999999999986,0.5714285714285714,4.100000000000023
2020-08-13,31.2,26.0,16.5,86.0,83.0,1011.0,5.199999999999999,0.5714285714285714,0.6000000000000227
2020-08-14,33.4,26.2,9.3,80.0,59.0,1009.7,7.199999999999999,0.5714285714285714,-1.2999999999999545
2020-08-15,33.0,27.9,0.0,76.0,61.0,1008.6,5.100000000000001,0.5714285714285714,-1.1000000000000227
2020-08-17,31.4,26.4,16.6,84.0,72.0,1008.5,5.0,0.7142857142857143,-0.10000000000002274
2020-08-18,29.9,25.6,52.7,85.0,74.0,1006.2,4.299999999999997,0.8571428571428571,-2.2999999999999545
2020-08-19,27.9,24.9,119.5,91.0,93.0,1006.0,3.0,0.8571428571428571,-0.20000000000004547
2020-08-21,33.5,27.6,0.0,77.0,71.0,1009.0,5.899999999999999,0.7142857142857143,3.0
2020-08-22,33.3,27.2,0.0,77.0,51.0,1008.2,6.099999999999998,0.5714285714285714,-0.7999999999999545
2020-08-23,33.8,27.5,0.0,77.0,60.0,1006.8,6.299999999999997,0.42857142857142855,-1.400000000000091
2020-08-24,33.4,27.9,0.0,76.0,59.0,1005.1,5.5,0.42857142857142855,-1.6999999999999318
2020-08-25,33.8,28.6,1.1,77.0,63.0,1003.7,5.199999999999996,0.42857142857142855,-1.3999999999999773
2020-08-26,32.7,26.5,12.3,81.0,77.0,1001.9,6.200000000000003,0.42857142857142855,-1.8000000000000682
2020-08-27,31.0,26.4,3.1,83.0,81.0,1000.5,4.600000000000001,0.42857142857142855,-1.3999999999999773
2020-08-28,34.2,25.0,22.6,82.0,79.0,1002.8,9.200000000000003,0.5714285714285714,2.2999999999999545
2020-08-29,33.2,27.8,3.2,77.0,40.0,1004.4,5.400000000000002,0.7142857142857143,1.6000000000000227
2020-08-30,32.4,28.0,0.6,80.0,58.0,1005.4,4.399999999999999,0.8571428571428571,1.0
2020-08-31,34.3,28.2,0.2,76.0,79.0,1006.2,6.099999999999998,1.0,0.8000000000000682
2020-09-01,33.6,28.0,1.1,76.0,55.0,1005.6,5.600000000000001,1.0,-0.6000000000000227
2020-09-02,34.2,28.0,0.4,77.0,52.0,1006.2,6.200000000000003,1.0,0.6000000000000227
2020-09-03,33.6,28.5,0.4,78.0,49.0,1008.3,5.100000000000001,1.0,2.099999999999909
2020-09-04,32.3,28.4,0.1,82.0,68.0,1008.9,3.8999999999999986,1.0,0.6000000000000227
2020-09-05,30.6,25.2,43.9,83.0,74.0,1007.5,5.400000000000002,1.0,-1.3999999999999773
2020-09-06,32.3,27.2,0.0,80.0,62.0,1006.1,5.099999999999998,0.8571428571428571,-1.3999999999999773
2020-09-07,33.3,26.8,4.7,82.0,84.0,1007.4,6.4999999999999964,0.8571428571428571,1.2999999999999545
2020-09-08,29.0,25.3,68.9,91.0,89.0,1010.8,3.6999999999999993,0.8571428571428571,3.3999999999999773
2020-09-09,30.7,26.8,0.2,86.0,84.0,1009.9,3.8999999999999986,0.8571428571428571,-0.8999999999999773
2020-09-10,32.1,26.0,8.2,83.0,86.0,1007.1,6.100000000000001,0.8571428571428571,-2.7999999999999545
2020-09-11,30.4,27.2,2.7,81.0,78.0,1008.4,3.1999999999999993,0.8571428571428571,1.2999999999999545
2020-09-12,32.4,26.2,27.9,85.0,82.0,1011.0,6.199999999999999,0.8571428571428571,2.6000000000000227
2020-09-13,32.5,25.8,5.7,83.0,86.0,1011.4,6.699999999999999,1.0,0.39999999999997726
2020-09-14,31.0,25.6,38.2,85.0,88.0,1010.2,5.399999999999999,1.0,-1.1999999999999318
2020-09-15,28.8,26.4,62.6,92.0,88.0,1008.8,2.400000000000002,1.0,-1.400000000000091
2020-09-16,32.9,27.3,4.4,85.0,78.0,1008.0,5.599999999999998,1.0,-0.7999999999999545
2020-09-17,31.4,26.8,40.6,87.0,88.0,1006.8,4.599999999999998,1.0,-1.2000000000000455
2020-09-18,30.2,26.4,15.9,88.0,87.0,1009.1,3.8000000000000007,1.0,2.300000000000068
2020-09-19,30.3,25.9,50.8,92.0,88.0,1011.9,4.400000000000002,1.0,2.7999999999999545
2020-09-20,32.1,26.4,0.7,83.0,66.0,1011.6,5.700000000000003,1.0,-0.2999999999999545
2020-09-21,29.7,25.5,176.8,91.0,88.0,1010.8,4.199999999999999,1.0,-0.8000000000000682
2020-09-22,31.4,26.6,0.5,82.0,75.0,1010.4,4.799999999999997,1.0,-0.39999999999997726
2020-09-23,31.9,27.4,0.0,77.0,81.0,1010.5,4.5,0.8571428571428571,0.10000000000002274
2020-09-24,31.3,27.1,0.6,80.0,87.0,1010.6,4.199999999999999,0.8571428571428571,0.10000000000002274
2020-09-25,31.4,26.6,0.0,76.0,69.0,1009.7,4.799999999999997,0.7142857142857143,-0.8999999999999773
2020-09-27,29.4,26.2,1.3,81.0,86.0,1010.3,3.1999999999999993,0.7142857142857143,0.599999999999909
2020-09-28,27.4,25.7,26.2,87.0,89.0,1010.5,1.6999999999999993,0.7142857142857143,0.20000000000004547
2020-09-29,28.9,26.0,21.9,89.0,76.0,1008.5,2.8999999999999986,0.7142857142857143,-2.0
2020-09-30,31.1,25.3,104.1,88.0,82.0,1007.4,5.800000000000001,0.7142857142857143,-1.1000000000000227
2020-10-01,28.8,25.3,0.1,77.0,80.0,1009.5,3.5,0.8571428571428571,2.1000000000000227
2020-10-02,30.4,26.2,0.0,75.0,52.0,1010.8,4.199999999999999,0.7142857142857143,1.2999999999999545
2020-10-03,31.9,26.7,0.0,75.0,33.0,1011.3,5.199999999999999,0.7142857142857143,0.5
2020-10-04,31.4,26.8,0.0,78.0,34.0,1009.9,4.599999999999998,0.5714285714285714,-1.3999999999999773
2020-10-05,30.6,25.0,106.1,79.0,73.0,1011.2,5.600000000000001,0.5714285714285714,1.3000000000000682
2020-10-06,27.4,24.9,2.7,78.0,83.0,1013.8,2.5,0.5714285714285714,2.599999999999909
2020-10-07,26.3,24.1,0.0,70.0,85.0,1014.8,2.1999999999999993,0.42857142857142855,1.0
2020-10-08,28.8,23.1,0.0,67.0,71.0,1015.2,5.699999999999999,0.2857142857142857,0.40000000000009095
2020-10-11,30.4,24.7,0.0,73.0,46.0,1010.3,5.699999999999999,0.2857142857142857,-4.900000000000091
2020-10-12,30.9,25.6,0.6,72.0,68.0,1008.7,5.299999999999997,0.42857142857142855,-1.599999999999909
2020-10-13,26.5,23.8,26.0,86.0,88.0,1009.6,2.6999999999999993,0.5714285714285714,0.8999999999999773
2020-10-14,26.4,24.3,1.2,80.0,88.0,1012.5,2.099999999999998,0.5714285714285714,2.8999999999999773
2020-10-15,29.4,24.8,0.0,73.0,75.0,1013.8,4.599999999999998,0.42857142857142855,1.2999999999999545
2020-10-17,28.9,23.8,0.2,72.0,78.0,1014.9,5.099999999999998,0.5714285714285714,1.1000000000000227
2020-10-18,28.5,22.2,0.7,73.0,53.0,1015.7,6.300000000000001,0.7142857142857143,0.8000000000000682
2020-10-19,27.9,22.3,0.0,70.0,83.0,1015.9,5.599999999999998,0.7142857142857143,0.1999999999999318
2020-10-20,29.0,22.1,0.0,68.0,64.0,1015.0,6.899999999999999,0.5714285714285714,-0.8999999999999773
2020-10-21,28.4,21.7,0.0,63.0,69.0,1011.8,6.699999999999999,0.42857142857142855,-3.2000000000000455
2020-10-22,28.3,22.8,0.0,60.0,74.0,1009.4,5.5,0.2857142857142857,-2.3999999999999773
2020-10-23,24.8,21.9,0.0,51.0,85.0,1011.4,2.900000000000002,0.2857142857142857,2.0
2020-10-25,28.1,23.0,0.0,69.0,81.0,1014.8,5.100000000000001,0.14285714285714285,3.3999999999999773
2020-10-26,28.1,22.8,0.0,76.0,38.0,1013.5,5.300000000000001,0.0,-1.2999999999999545
2020-10-27,28.6,22.9,0.0,73.0,45.0,1012.9,5.700000000000003,0.0,-0.6000000000000227
2020-10-28,26.7,22.6,4.7,78.0,82.0,1014.9,4.099999999999998,0.14285714285714285,2.0
2020-10-29,26.7,22.6,0.1,74.0,88.0,1017.3,4.099999999999998,0.2857142857142857,2.3999999999999773
2020-10-31,26.0,22.0,0.0,71.0,55.0,1017.7,4.0,0.2857142857142857,0.40000000000009095
2020-11-01,27.8,21.9,0.0,72.0,31.0,1015.9,5.900000000000002,0.2857142857142857,-1.8000000000000682
2020-11-02,29.5,22.6,0.0,64.0,51.0,1015.2,6.899999999999999,0.2857142857142857,-0.6999999999999318
2020-11-03,26.4,21.5,0.1,69.0,70.0,1017.0,4.899999999999999,0.42857142857142855,1.7999999999999545
2020-11-04,26.1,21.2,0.4,69.0,59.0,1017.5,4.900000000000002,0.5714285714285714,0.5
2020-11-05,25.6,21.2,0.0,69.0,26.0,1017.7,4.400000000000002,0.42857142857142855,0.20000000000004547
2020-11-06,28.6,21.3,0.0,68.0,28.0,1016.0,7.300000000000001,0.2857142857142857,-1.7000000000000455
2020-11-07,30.2,23.6,0.0,56.0,33.0,1015.5,6.599999999999998,0.2857142857142857,-0.5
2020-11-08,27.5,23.9,0.0,59.0,81.0,1017.2,3.6000000000000014,0.2857142857142857,1.7000000000000455
2020-11-10,24.5,21.6,0.0,61.0,87.0,1019.3,2.8999999999999986,0.2857142857142857,2.099999999999909
2020-11-11,25.3,21.2,0.0,68.0,44.0,1020.8,4.100000000000001,0.14285714285714285,1.5
2020-11-12,25.9,19.9,0.0,66.0,17.0,1018.9,6.0,0.0,-1.8999999999999773
2020-11-13,25.7,21.0,0.4,62.0,71.0,1016.8,4.699999999999999,0.14285714285714285,-2.1000000000000227
2020-11-14,25.0,22.5,0.0,65.0,88.0,1017.5,2.5,0.14285714285714285,0.7000000000000455
2020-11-16,27.7,21.9,0.0,75.0,34.0,1017.9,5.800000000000001,0.14285714285714285,0.39999999999997726
2020-11-18,28.5,23.4,1.0,81.0,85.0,1013.1,5.100000000000001,0.2857142857142857,-4.7999999999999545
2020-11-20,29.5,24.2,0.0,84.0,66.0,1012.6,5.300000000000001,0.2857142857142857,-0.5
2020-11-21,25.2,22.7,2.0,88.0,89.0,1014.8,2.5,0.42857142857142855,2.199999999999932
2020-11-22,28.2,22.6,1.1,83.0,48.0,1017.2,5.599999999999998,0.5714285714285714,2.400000000000091
2020-11-24,25.9,22.2,0.0,79.0,78.0,1019.4,3.6999999999999993,0.42857142857142855,2.199999999999932
2020-11-25,26.6,21.7,0.0,77.0,56.0,1018.9,4.900000000000002,0.42857142857142855,-0.5
2020-11-26,28.0,21.9,0.0,77.0,30.0,1019.3,6.100000000000001,0.42857142857142855,0.39999999999997726
2020-11-27,25.8,20.8,0.0,70.0,26.0,1020.6,5.0,0.2857142857142857,1.3000000000000682
2020-11-28,22.7,18.4,0.0,68.0,81.0,1022.1,4.300000000000001,0.2857142857142857,1.5
2020-11-29,23.0,18.0,0.0,64.0,79.0,1021.8,5.0,0.14285714285714285,-0.3000000000000682
2020-11-30,22.3,16.4,0.1,65.0,64.0,1022.5,5.900000000000002,0.14285714285714285,0.7000000000000455
2020-12-01,22.4,17.0,0.0,66.0,54.0,1022.3,5.399999999999999,0.14285714285714285,-0.20000000000004547
2020-12-02,22.7,17.4,0.0,65.0,28.0,1020.5,5.300000000000001,0.14285714285714285,-1.7999999999999545
2020-12-03,20.6,15.4,0.0,64.0,11.0,1021.0,5.200000000000001,0.14285714285714285,0.5
2020-12-04,18.5,13.8,0.0,63.0,14.0,1021.4,4.699999999999999,0.14285714285714285,0.39999999999997726
2020-12-05,19.8,13.9,0.0,63.0,35.0,1021.5,5.9,0.14285714285714285,0.10000000000002274
2020-12-06,21.6,15.4,0.0,69.0,26.0,1020.4,6.200000000000001,0.14285714285714285,-1.1000000000000227
2020-12-07,23.2,18.1,0.0,63.0,75.0,1020.4,5.099999999999998,0.0,0.0
2020-12-08,21.9,17.8,0.0,64.0,83.0,1019.7,4.099999999999998,0.0,-0.6999999999999318
2020-12-10,23.5,18.7,0.3,78.0,88.0,1016.8,4.800000000000001,0.14285714285714285,-2.900000000000091
2020-12-13,22.5,20.2,0.0,78.0,86.0,1014.7,2.3000000000000007,0.14285714285714285,-2.099999999999909
2020-12-16,16.5,13.3,0.0,71.0,88.0,1023.5,3.1999999999999993,0.14285714285714285,8.799999999999955
2020-12-17,16.5,13.6,0.0,71.0,88.0,1022.1,2.9000000000000004,0.14285714285714285,-1.3999999999999773
2020-12-18,19.3,14.7,0.0,68.0,81.0,1021.6,4.600000000000001,0.14285714285714285,-0.5
2020-12-19,17.8,12.5,0.0,63.0,70.0,1023.4,5.300000000000001,0.14285714285714285,1.7999999999999545
2020-12-20,18.5,11.9,0.0,59.0,80.0,1024.1,6.6,0.14285714285714285,0.6999999999999318
2020-12-21,19.6,13.0,0.0,58.0,79.0,1022.1,6.600000000000001,0.0,-1.9999999999998863
2020-12-22,19.6,14.7,0.0,66.0,84.0,1019.6,4.900000000000002,0.0,-2.5
2020-12-23,19.7,16.9,1.2,83.0,88.0,1016.9,2.8000000000000007,0.14285714285714285,-2.7000000000000455
2020-12-24,22.5,18.3,0.0,76.0,67.0,1016.3,4.199999999999999,0.14285714285714285,-0.6000000000000227
2020-12-25,20.9,17.4,0.0,77.0,84.0,1018.7,3.5,0.14285714285714285,2.400000000000091
2020-12-26,21.1,17.0,0.0,79.0,42.0,1018.1,4.100000000000001,0.14285714285714285,-0.6000000000000227
2020-12-27,24.5,17.6,0.0,71.0,24.0,1015.8,6.899999999999999,0.14285714285714285,-2.300000000000068
2020-12-28,23.7,18.7,0.0,69.0,46.0,1014.8,5.0,0.14285714285714285,-1.0
2020-12-29,24.5,18.7,0.0,75.0,30.0,1014.8,5.800000000000001,0.14285714285714285,0.0
2020-12-30,21.6,10.6,0.0,50.0,21.0,1022.8,11.000000000000002,0.0,8.0
2020-12-31,14.2,8.1,0.0,37.0,15.0,1027.0,6.1,0.0,4.2000000000000455
2021-01-01,15.0,8.6,0.0,40.0,14.0,1025.5,6.4,0.0,-1.5
2021-01-02,17.8,10.4,0.0,52.0,12.0,1022.9,7.4,0.0,-2.6000000000000227
2021-01-03,20.6,13.4,0.0,65.0,54.0,1021.9,7.200000000000001,0.0,-1.0
2021-01-04,20.7,16.9,0.0,66.0,87.0,1021.0,3.8000000000000007,0.0,-0.8999999999999773
2021-01-05,21.9,17.3,0.0,65.0,60.0,1020.1,4.599999999999998,0.0,-0.8999999999999773
2021-01-06,19.6,16.0,0.0,72.0,68.0,1020.0,3.6000000000000014,0.0,-0.10000000000002274
2021-01-07,18.3,10.6,0.0,67.0,88.0,1020.8,7.700000000000001,0.0,0.7999999999999545
2021-01-08,10.7,7.7,0.0,52.0,88.0,1025.0,2.999999999999999,0.0,4.2000000000000455
2021-01-09,13.1,8.0,0.0,38.0,84.0,1024.5,5.1,0.0,-0.5
2021-01-10,15.2,11.0,0.0,40.0,88.0,1023.5,4.199999999999999,0.0,-1.0
2021-01-11,12.4,9.2,0.0,44.0,88.0,1025.8,3.200000000000001,0.0,2.2999999999999545
2021-01-12,15.7,8.6,0.0,33.0,8.0,1023.6,7.1,0.0,-2.199999999999932
2021-01-13,17.8,10.4,0.0,48.0,11.0,1019.8,7.4,0.0,-3.800000000000068
2021-01-14,19.5,11.8,0.0,55.0,18.0,1017.8,7.699999999999999,0.0,-2.0
2021-01-15,20.9,14.6,0.0,59.0,26.0,1016.1,6.299999999999999,0.0,-1.6999999999999318
2021-01-16,20.3,15.8,0.0,68.0,69.0,1017.4,4.5,0.0,1.2999999999999545
2021-01-17,19.6,14.1,0.0,58.0,39.0,1023.5,5.500000000000002,0.0,6.100000000000023
2021-01-18,17.3,11.7,0.0,53.0,5.0,1023.3,5.600000000000001,0.0,-0.20000000000004547
2021-01-19,17.4,12.6,0.0,64.0,50.0,1020.3,4.799999999999999,0.0,-3.0
2021-01-20,21.4,16.1,0.0,69.0,85.0,1018.1,5.299999999999997,0.0,-2.199999999999932
2021-01-21,22.8,17.6,0.0,73.0,69.0,1015.6,5.199999999999999,0.0,-2.5
2021-01-22,24.5,18.2,0.0,80.0,61.0,1013.4,6.300000000000001,0.0,-2.2000000000000455
2021-01-23,24.4,17.7,0.0,78.0,24.0,1014.0,6.699999999999999,0.0,0.6000000000000227
2021-01-25,22.9,16.9,0.0,74.0,28.0,1017.6,6.0,0.0,3.6000000000000227
2021-01-26,23.5,17.4,0.0,78.0,9.0,1016.9,6.100000000000001,0.0,-0.7000000000000455
2021-01-27,21.9,17.6,0.0,77.0,46.0,1017.8,4.299999999999997,0.0,0.8999999999999773
2021-01-28,22.8,16.5,0.0,70.0,27.0,1020.7,6.300000000000001,0.0,2.900000000000091
2021-01-29,19.7,14.3,0.0,60.0,11.0,1022.6,5.399999999999999,0.0,1.8999999999999773
2021-01-30,19.5,14.8,0.0,68.0,27.0,1022.5,4.699999999999999,0.0,-0.10000000000002274
2021-01-31,21.6,16.0,0.0,67.0,31.0,1021.6,5.600000000000001,0.0,-0.8999999999999773
2021-02-01,25.1,17.2,0.0,76.0,19.0,1019.4,7.900000000000002,0.0,-2.2000000000000455
2021-02-02,27.6,17.7,0.0,76.0,21.0,1019.7,9.900000000000002,0.0,0.3000000000000682
2021-02-03,21.7,16.7,0.0,69.0,25.0,1022.0,5.0,0.0,2.2999999999999545
2021-02-04,23.8,16.8,0.0,68.0,11.0,1021.7,7.0,0.0,-0.2999999999999545
2021-02-05,23.9,17.3,0.0,72.0,30.0,1019.8,6.599999999999998,0.0,-1.900000000000091
2021-02-06,25.7,17.5,0.0,73.0,3.0,1017.4,8.2,0.0,-2.3999999999999773
2021-02-07,24.1,18.1,0.0,74.0,13.0,1017.6,6.0,0.0,0.20000000000004547
2021-02-08,22.7,18.2,0.0,79.0,75.0,1018.9,4.5,0.0,1.2999999999999545
2021-02-10,17.4,15.8,32.2,89.0,90.0,1013.5,1.5999999999999979,0.14285714285714285,-5.399999999999977
2021-02-11,19.9,15.3,0.0,78.0,78.0,1014.7,4.599999999999998,0.14285714285714285,1.2000000000000455
2021-02-12,22.3,15.5,0.0,69.0,28.0,1016.3,6.800000000000001,0.14285714285714285,1.599999999999909
2021-02-13,23.8,16.5,0.0,76.0,62.0,1017.3,7.300000000000001,0.14285714285714285,1.0
2021-02-14,22.8,17.4,0.0,75.0,28.0,1016.1,5.400000000000002,0.14285714285714285,-1.1999999999999318
2021-02-15,26.2,17.8,0.0,70.0,8.0,1015.0,8.399999999999999,0.14285714285714285,-1.1000000000000227
2021-02-16,24.2,18.2,0.0,71.0,20.0,1016.1,6.0,0.14285714285714285,1.1000000000000227
2021-02-17,24.6,18.3,0.0,70.0,23.0,1019.6,6.300000000000001,0.0,3.5
2021-02-18,22.9,16.7,0.0,65.0,18.0,1024.5,6.199999999999999,0.0,4.899999999999977
2021-02-19,22.9,15.8,0.0,66.0,7.0,1023.4,7.099999999999998,0.0,-1.1000000000000227
2021-02-20,23.9,16.7,0.0,73.0,40.0,1019.9,7.199999999999999,0.0,-3.5
2021-02-21,24.9,17.3,0.0,74.0,20.0,1017.5,7.599999999999998,0.0,-2.3999999999999773
2021-02-22,26.0,18.4,0.0,78.0,8.0,1015.8,7.600000000000001,0.0,-1.7000000000000455
2021-02-23,26.4,18.8,0.0,74.0,9.0,1015.0,7.599999999999998,0.0,-0.7999999999999545
2021-02-25,22.7,18.8,1.8,85.0,74.0,1011.2,3.8999999999999986,0.14285714285714285,-3.7999999999999545
2021-02-26,25.1,20.4,14.7,86.0,84.0,1009.8,4.700000000000003,0.2857142857142857,-1.400000000000091
2021-02-27,20.8,18.1,13.4,89.0,88.0,1014.0,2.6999999999999993,0.42857142857142855,4.2000000000000455
2021-03-03,19.1,17.8,0.3,81.0,88.0,1020.1,1.3000000000000007,0.5714285714285714,6.100000000000023
2021-03-04,19.4,18.3,1.0,87.0,93.0,1018.0,1.0999999999999979,0.7142857142857143,-2.1000000000000227
2021-03-06,21.7,19.6,1.5,93.0,93.0,1016.3,2.099999999999998,0.8571428571428571,-1.7000000000000455
2021-03-07,20.5,19.1,0.2,90.0,88.0,1018.8,1.3999999999999986,1.0,2.5
2021-03-08,22.6,18.3,0.3,83.0,83.0,1020.1,4.300000000000001,1.0,1.3000000000000682
2021-03-09,22.9,18.6,0.0,79.0,55.0,1019.9,4.299999999999997,0.8571428571428571,-0.20000000000004547
2021-03-11,24.2,18.8,0.0,79.0,64.0,1019.8,5.399999999999999,0.7142857142857143,-0.10000000000002274
2021-03-12,27.7,20.2,0.0,77.0,32.0,1018.4,7.5,0.5714285714285714,-1.3999999999999773
2021-03-14,23.6,20.1,0.0,80.0,76.0,1016.6,3.5,0.42857142857142855,-1.7999999999999545
2021-03-15,26.3,19.9,0.0,76.0,46.0,1014.8,6.400000000000002,0.2857142857142857,-1.8000000000000682
2021-03-16,28.8,21.1,0.0,78.0,22.0,1013.3,7.699999999999999,0.14285714285714285,-1.5
2021-03-18,26.2,22.2,0.2,87.0,81.0,1013.2,4.0,0.14285714285714285,-0.09999999999990905
2021-03-20,29.7,22.3,0.0,81.0,32.0,1010.7,7.399999999999999,0.14285714285714285,-2.5
2021-03-21,24.2,17.2,0.0,73.0,80.0,1015.8,7.0,0.14285714285714285,5.099999999999909
2021-03-23,20.0,17.9,0.0,61.0,88.0,1020.6,2.1000000000000014,0.14285714285714285,4.800000000000068
2021-03-24,23.5,18.4,0.0,68.0,86.0,1016.5,5.100000000000001,0.14285714285714285,-4.100000000000023
2021-03-25,25.2,20.7,0.0,70.0,45.0,1016.5,4.5,0.14285714285714285,0.0
2021-03-26,25.2,19.5,0.0,75.0,65.0,1015.4,5.699999999999999,0.14285714285714285,-1.1000000000000227
2021-03-27,28.6,21.8,0.0,80.0,62.0,1012.0,6.800000000000001,0.0,-3.3999999999999773
2021-03-28,28.1,22.6,0.0,80.0,46.0,1009.6,5.5,0.0,-2.3999999999999773
2021-03-29,28.5,23.6,0.0,82.0,81.0,1007.3,4.899999999999999,0.0,-2.300000000000068
2021-03-30,29.0,25.3,0.0,78.0,81.0,1006.2,3.6999999999999993,0.0,-1.099999999999909
2021-03-31,29.0,25.3,0.0,79.0,86.0,1006.6,3.6999999999999993,0.0,0.39999999999997726
2021-04-02,30.5,25.0,0.0,79.0,55.0,1009.9,5.5,0.0,3.2999999999999545
2021-04-03,30.6,24.4,0.0,74.0,47.0,1011.3,6.200000000000003,0.0,1.3999999999999773
2021-04-04,26.8,22.6,0.8,86.0,88.0,1013.7,4.199999999999999,0.14285714285714285,2.400000000000091
2021-04-05,23.2,21.6,0.7,84.0,88.0,1017.5,1.5999999999999979,0.2857142857142857,3.7999999999999545
2021-04-06,27.9,22.1,0.0,77.0,78.0,1017.3,5.799999999999997,0.2857142857142857,-0.20000000000004547
2021-04-07,26.0,21.8,0.0,76.0,81.0,1016.0,4.199999999999999,0.2857142857142857,-1.2999999999999545
2021-04-08,25.5,22.2,0.0,74.0,87.0,1014.2,3.3000000000000007,0.2857142857142857,-1.7999999999999545
2021-04-09,22.4,19.7,7.5,82.0,88.0,1016.8,2.6999999999999993,0.42857142857142855,2.599999999999909
2021-04-10,25.9,20.2,0.0,65.0,52.0,1018.8,5.699999999999999,0.42857142857142855,2.0
2021-04-11,27.0,20.9,0.0,73.0,55.0,1018.7,6.100000000000001,0.2857142857142857,-0.09999999999990905
2021-04-12,28.7,22.2,0.0,80.0,55.0,1016.1,6.5,0.14285714285714285,-2.6000000000000227
2021-04-13,31.2,23.0,0.0,77.0,27.0,1013.6,8.2,0.14285714285714285,-2.5
2021-04-15,23.4,21.5,8.3,91.0,95.0,1013.0,1.8999999999999986,0.2857142857142857,-0.6000000000000227
2021-04-16,25.1,21.5,1.5,88.0,89.0,1013.7,3.6000000000000014,0.42857142857142855,0.7000000000000455
2021-04-17,23.1,22.3,2.5,88.0,88.0,1015.8,0.8000000000000007,0.42857142857142855,2.099999999999909
2021-04-19,24.9,21.2,0.0,67.0,88.0,1013.2,3.6999999999999993,0.42857142857142855,-2.599999999999909
2021-04-20,27.1,21.4,0.0,73.0,83.0,1013.0,5.700000000000003,0.42857142857142855,-0.20000000000004547
2021-04-21,28.7,22.1,0.0,74.0,33.0,1012.5,6.599999999999998,0.42857142857142855,-0.5
2021-04-22,29.4,22.5,0.0,74.0,23.0,1010.0,6.899999999999999,0.42857142857142855,-2.5
2021-04-23,32.6,23.9,0.0,75.0,22.0,1007.9,8.700000000000003,0.2857142857142857,-2.1000000000000227
2021-04-25,26.5,22.4,0.9,85.0,84.0,1012.2,4.100000000000001,0.2857142857142857,4.300000000000068
2021-04-26,25.3,21.8,0.3,80.0,88.0,1013.7,3.5,0.2857142857142857,1.5
2021-04-27,23.7,22.7,5.7,90.0,88.0,1014.5,1.0,0.42857142857142855,0.7999999999999545
2021-04-28,26.9,23.0,4.2,88.0,88.0,1014.6,3.8999999999999986,0.5714285714285714,0.10000000000002274
2021-04-29,28.2,21.7,0.1,74.0,84.0,1013.3,6.5,0.7142857142857143,-1.3000000000000682
2021-04-30,30.8,22.5,0.0,77.0,73.0,1012.5,8.3,0.7142857142857143,-0.7999999999999545
2021-05-01,30.0,23.8,0.0,76.0,83.0,1012.2,6.199999999999999,0.7142857142857143,-0.2999999999999545
2021-05-02,30.8,24.5,1.2,82.0,82.0,1013.0,6.300000000000001,0.7142857142857143,0.7999999999999545
2021-05-03,25.4,23.5,8.8,89.0,95.0,1012.5,1.8999999999999986,0.7142857142857143,-0.5
2021-05-04,31.3,23.1,12.5,84.0,82.0,1011.1,8.2,0.7142857142857143,-1.3999999999999773
2021-05-05,31.7,23.3,0.5,79.0,74.0,1012.9,8.399999999999999,0.7142857142857143,1.7999999999999545
2021-05-07,30.5,24.0,0.0,77.0,81.0,1013.2,6.5,0.5714285714285714,0.3000000000000682
2021-05-08,30.9,25.4,0.0,79.0,52.0,1009.8,5.5,0.5714285714285714,-3.400000000000091
2021-05-09,31.7,26.8,0.0,79.0,64.0,1009.0,4.899999999999999,0.5714285714285714,-0.7999999999999545
2021-05-10,31.8,26.4,0.0,76.0,66.0,1008.8,5.400000000000002,0.42857142857142855,-0.20000000000004547
2021-05-13,32.0,28.0,3.9,79.0,85.0,1008.5,4.0,0.42857142857142855,-0.2999999999999545
2021-05-14,34.0,28.1,0.0,77.0,70.0,1009.0,5.899999999999999,0.2857142857142857,0.5
2021-05-15,33.8,27.9,0.0,74.0,44.0,1009.0,5.899999999999999,0.14285714285714285,0.0
2021-05-17,33.3,28.8,0.0,75.0,74.0,1009.8,4.4999999999999964,0.14285714285714285,0.7999999999999545
2021-05-18,32.5,28.3,1.3,76.0,78.0,1009.2,4.199999999999999,0.2857142857142857,-0.599999999999909
2021-05-19,33.5,28.8,0.0,75.0,76.0,1007.9,4.699999999999999,0.2857142857142857,-1.3000000000000682
2021-05-20,33.3,29.2,0.0,75.0,86.0,1008.1,4.099999999999998,0.2857142857142857,0.20000000000004547
2021-05-22,34.3,27.8,2.6,77.0,71.0,1007.0,6.4999999999999964,0.2857142857142857,-1.1000000000000227
2021-05-24,31.5,27.6,15.7,81.0,83.0,1009.6,3.8999999999999986,0.42857142857142855,2.6000000000000227
2021-05-25,30.1,27.5,4.8,83.0,85.0,1010.2,2.6000000000000014,0.5714285714285714,0.6000000000000227
2021-05-26,33.5,27.8,4.0,77.0,67.0,1009.4,5.699999999999999,0.7142857142857143,-0.8000000000000682
2021-05-27,33.2,28.2,1.0,76.0,71.0,1009.6,5.0000000000000036,0.7142857142857143,0.20000000000004547
2021-05-28,33.6,28.5,0.0,77.0,71.0,1009.6,5.100000000000001,0.7142857142857143,0.0
2021-05-29,32.8,28.8,0.0,79.0,84.0,1007.1,3.9999999999999964,0.7142857142857143,-2.5
2021-05-31,32.4,26.7,8.7,84.0,88.0,1004.3,5.699999999999999,0.7142857142857143,-2.800000000000068
2021-06-01,29.3,24.1,45.8,91.0,92.0,1006.6,5.199999999999999,0.7142857142857143,2.300000000000068
2021-06-02,31.3,25.0,2.4,85.0,85.0,1006.9,6.300000000000001,0.7142857142857143,0.2999999999999545
2021-06-03,34.0,27.9,0.0,77.0,63.0,1006.3,6.100000000000001,0.5714285714285714,-0.6000000000000227
2021-06-04,29.8,26.7,7.5,84.0,87.0,1004.7,3.1000000000000014,0.5714285714285714,-1.599999999999909
2021-06-08,33.5,26.5,0.9,79.0,84.0,1008.0,7.0,0.7142857142857143,3.2999999999999545
2021-06-09,29.9,26.4,48.6,87.0,88.0,1007.2,3.5,0.8571428571428571,-0.7999999999999545
2021-06-10,32.8,25.5,29.4,83.0,82.0,1005.6,7.299999999999997,0.8571428571428571,-1.6000000000000227
2021-06-11,32.9,26.7,31.2,82.0,85.0,1005.4,6.199999999999999,0.8571428571428571,-0.20000000000004547
2021-06-12,29.5,26.2,30.3,89.0,88.0,1007.5,3.3000000000000007,0.8571428571428571,2.1000000000000227
2021-06-13,32.0,26.0,2.8,85.0,88.0,1008.5,6.0,1.0,1.0
2021-06-14,31.1,27.8,0.3,81.0,88.0,1006.1,3.3000000000000007,1.0,-2.3999999999999773
2021-06-15,31.8,27.2,6.2,79.0,87.0,1004.4,4.600000000000001,1.0,-1.7000000000000455
2021-06-16,33.3,29.1,0.0,76.0,82.0,1006.3,4.199999999999996,0.8571428571428571,1.8999999999999773
2021-06-17,32.8,27.7,9.6,77.0,63.0,1007.7,5.099999999999998,0.8571428571428571,1.400000000000091
2021-06-18,32.8,29.0,3.9,77.0,66.0,1006.9,3.799999999999997,0.8571428571428571,-0.8000000000000682
2021-06-20,32.8,29.4,0.0,78.0,84.0,1003.0,3.3999999999999986,0.7142857142857143,-3.8999999999999773
2021-06-21,32.4,29.4,1.2,80.0,86.0,1003.1,3.0,0.7142857142857143,0.10000000000002274
2021-06-22,30.2,24.7,75.3,87.0,88.0,1005.1,5.5,0.7142857142857143,2.0
2021-06-23,29.0,25.1,66.4,88.0,89.0,1005.9,3.8999999999999986,0.7142857142857143,0.7999999999999545
2021-06-24,26.7,25.1,20.8,91.0,90.0,1006.0,1.5999999999999979,0.8571428571428571,0.10000000000002274
2021-06-25,29.0,26.0,6.8,87.0,87.0,1006.3,3.0,0.8571428571428571,0.2999999999999545
2021-06-26,29.9,25.9,61.3,90.0,89.0,1007.2,4.0,0.8571428571428571,0.900000000000091
2021-06-27,30.0,28.4,5.8,84.0,88.0,1006.4,1.6000000000000014,1.0,-0.8000000000000682
2021-06-28,29.6,24.0,166.5,89.0,92.0,1005.2,5.600000000000001,1.0,-1.1999999999999318
2021-06-29,30.7,28.8,4.6,82.0,86.0,1005.2,1.8999999999999986,1.0,0.0
2021-06-30,32.6,29.0,0.4,79.0,88.0,1006.1,3.6000000000000014,1.0,0.8999999999999773
2021-07-02,32.8,29.3,0.0,77.0,87.0,1006.7,3.4999999999999964,0.8571428571428571,0.6000000000000227
2021-07-04,33.2,28.9,0.0,79.0,81.0,1007.2,4.300000000000004,0.7142857142857143,0.5
2021-07-05,33.8,28.0,2.3,79.0,68.0,1007.4,5.799999999999997,0.7142857142857143,0.1999999999999318
2021-07-06,32.7,26.7,18.4,80.0,74.0,1006.4,6.0000000000000036,0.7142857142857143,-1.0
2021-07-07,33.1,26.6,11.7,81.0,73.0,1009.1,6.5,0.7142857142857143,2.7000000000000455
2021-07-08,32.8,28.4,1.5,79.0,49.0,1011.4,4.399999999999999,0.7142857142857143,2.2999999999999545
2021-07-09,34.8,28.2,0.0,76.0,28.0,1010.3,6.599999999999998,0.5714285714285714,-1.1000000000000227
2021-07-10,34.0,28.2,0.0,76.0,60.0,1010.4,5.800000000000001,0.5714285714285714,0.10000000000002274
2021-07-12,34.8,28.7,0.1,75.0,73.0,1010.2,6.099999999999998,0.7142857142857143,-0.1999999999999318
2021-07-13,35.3,28.8,0.0,72.0,55.0,1008.5,6.4999999999999964,0.5714285714285714,-1.7000000000000455
2021-07-14,34.1,29.1,1.5,75.0,47.0,1008.3,5.0,0.5714285714285714,-0.20000000000004547
2021-07-15,35.4,28.9,0.0,71.0,41.0,1008.9,6.5,0.42857142857142855,0.6000000000000227
2021-07-17,31.2,26.9,0.2,80.0,88.0,1005.8,4.300000000000001,0.42857142857142855,-3.1000000000000227
2021-07-18,28.8,24.9,42.4,90.0,88.0,1003.3,3.900000000000002,0.5714285714285714,-2.5
2021-07-19,27.9,25.0,117.2,93.0,93.0,1002.3,2.8999999999999986,0.7142857142857143,-1.0
2021-07-20,27.1,25.3,87.8,94.0,95.0,1002.6,1.8000000000000007,0.7142857142857143,0.3000000000000682
2021-07-21,27.8,25.3,28.4,94.0,88.0,1003.0,2.5,0.8571428571428571,0.39999999999997726
2021-07-22,32.8,26.9,0.0,80.0,66.0,1001.0,5.899999999999999,0.7142857142857143,-2.0
2021-07-23,34.1,27.4,0.0,77.0,40.0,998.3,6.700000000000003,0.7142857142857143,-2.7000000000000455
2021-07-24,33.2,26.5,26.5,82.0,70.0,998.0,6.700000000000003,0.7142857142857143,-0.2999999999999545
2021-07-25,33.6,25.9,8.9,81.0,55.0,999.4,7.700000000000003,0.7142857142857143,1.3999999999999773
2021-07-26,33.9,28.7,0.0,78.0,53.0,998.1,5.199999999999999,0.5714285714285714,-1.2999999999999545
2021-07-29,32.3,28.3,7.8,82.0,84.0,1000.1,3.9999999999999964,0.5714285714285714,2.0
2021-07-30,30.5,26.5,7.9,83.0,85.0,1001.4,4.0,0.5714285714285714,1.2999999999999545
2021-07-31,32.2,27.0,16.9,84.0,88.0,1000.3,5.200000000000003,0.7142857142857143,-1.1000000000000227
2021-08-01,32.5,27.1,11.6,83.0,83.0,998.5,5.399999999999999,0.8571428571428571,-1.7999999999999545
2021-08-03,29.7,27.1,19.7,88.0,82.0,997.2,2.599999999999998,0.8571428571428571,-1.2999999999999545
2021-08-04,31.3,25.9,41.9,85.0,84.0,995.6,5.400000000000002,0.8571428571428571,-1.6000000000000227
2021-08-05,28.6,26.2,28.1,90.0,88.0,996.0,2.400000000000002,1.0,0.39999999999997726
2021-08-06,29.7,26.4,31.0,89.0,89.0,998.0,3.3000000000000007,1.0,2.0
2021-08-07,30.9,27.6,0.0,85.0,86.0,1001.3,3.299999999999997,0.8571428571428571,3.2999999999999545
2021-08-08,31.5,27.8,3.1,85.0,86.0,1004.3,3.6999999999999993,0.8571428571428571,3.0
2021-08-09,31.3,27.2,36.3,85.0,88.0,1005.4,4.100000000000001,0.8571428571428571,1.1000000000000227
2021-08-10,30.4,27.5,17.3,87.0,88.0,1005.9,2.8999999999999986,0.8571428571428571,0.5
2021-08-11,32.1,27.1,3.0,84.0,87.0,1008.3,5.0,0.8571428571428571,2.3999999999999773
2021-08-12,33.0,26.8,1.0,82.0,78.0,1008.9,6.199999999999999,0.8571428571428571,0.6000000000000227
2021-08-13,30.7,26.6,5.4,83.0,80.0,1006.2,4.099999999999998,0.8571428571428571,-2.699999999999932
2021-08-14,29.2,26.6,2.2,85.0,87.0,1006.4,2.599999999999998,1.0,0.1999999999999318
2021-08-15,30.0,25.7,5.7,87.0,83.0,1010.2,4.300000000000001,1.0,3.800000000000068
2021-08-16,31.0,26.2,3.9,83.0,56.0,1012.5,4.800000000000001,1.0,2.2999999999999545
2021-08-17,32.5,27.4,0.0,78.0,42.0,1010.5,5.100000000000001,0.8571428571428571,-2.0
2021-08-18,32.3,28.1,0.0,77.0,80.0,1008.2,4.199999999999996,0.7142857142857143,-2.2999999999999545
2021-08-19,31.0,26.2,34.6,84.0,72.0,1008.6,4.800000000000001,0.7142857142857143,0.39999999999997726
2021-08-21,32.5,28.0,0.0,76.0,68.0,1008.6,4.5,0.5714285714285714,0.0
2021-08-22,33.1,28.3,0.0,74.0,63.0,1007.4,4.800000000000001,0.42857142857142855,-1.2000000000000455
2021-08-24,32.1,26.6,23.7,79.0,78.0,1007.7,5.5,0.42857142857142855,0.3000000000000682
2021-08-25,34.4,28.2,1.1,79.0,84.0,1009.0,6.199999999999999,0.42857142857142855,1.2999999999999545
2021-08-26,32.7,27.1,2.2,80.0,71.0,1011.0,5.600000000000001,0.5714285714285714,2.0
2021-08-27,29.2,23.4,29.3,89.0,82.0,1012.0,5.800000000000001,0.7142857142857143,1.0
2021-08-28,29.8,24.9,22.0,81.0,77.0,1011.6,4.900000000000002,0.7142857142857143,-0.39999999999997726
2021-08-29,29.9,25.3,13.9,83.0,86.0,1011.2,4.599999999999998,0.8571428571428571,-0.39999999999997726
2021-08-31,29.1,25.2,13.5,88.0,87.0,1011.1,3.900000000000002,1.0,-0.10000000000002274
2021-09-01,32.1,26.7,5.9,85.0,84.0,1009.9,5.400000000000002,1.0,-1.2000000000000455
2021-09-02,33.0,27.7,0.0,80.0,74.0,1009.0,5.300000000000001,0.8571428571428571,-0.8999999999999773
2021-09-04,33.6,27.9,0.9,79.0,49.0,1008.3,5.700000000000003,0.8571428571428571,-0.7000000000000455
2021-09-06,32.5,28.0,0.0,77.0,73.0,1010.5,4.5,0.7142857142857143,2.2000000000000455
2021-09-07,33.4,28.1,0.2,78.0,72.0,1010.4,5.299999999999997,0.7142857142857143,-0.10000000000002274
2021-09-08,34.3,28.2,0.0,74.0,66.0,1009.4,6.099999999999998,0.5714285714285714,-1.0
2021-09-09,33.5,27.8,0.0,73.0,66.0,1009.3,5.699999999999999,0.42857142857142855,-0.10000000000002274
2021-09-10,33.7,28.6,0.0,71.0,79.0,1008.3,5.100000000000001,0.2857142857142857,-1.0
2021-09-11,33.4,28.4,0.0,75.0,77.0,1004.5,5.0,0.2857142857142857,-3.7999999999999545
2021-09-12,34.5,29.0,0.0,76.0,78.0,1002.0,5.5,0.14285714285714285,-2.5
2021-09-13,33.6,29.5,0.0,77.0,80.0,1006.7,4.100000000000001,0.14285714285714285,4.7000000000000455
2021-09-14,30.2,26.7,33.8,83.0,81.0,1011.5,3.5,0.14285714285714285,4.7999999999999545
2021-09-15,33.0,27.9,0.0,75.0,71.0,1011.2,5.100000000000001,0.14285714285714285,-0.2999999999999545
2021-09-17,34.1,27.5,7.6,77.0,81.0,1009.2,6.600000000000001,0.2857142857142857,-2.0
2021-09-18,33.2,28.3,0.2,79.0,69.0,1011.1,4.900000000000002,0.42857142857142855,1.8999999999999773
2021-09-19,32.1,27.4,21.2,86.0,83.0,1011.3,4.700000000000003,0.5714285714285714,0.1999999999999318
2021-09-20,32.3,27.9,9.4,84.0,80.0,1010.4,4.399999999999999,0.7142857142857143,-0.8999999999999773
2021-09-21,31.7,26.7,10.2,82.0,74.0,1009.5,5.0,0.8571428571428571,-0.8999999999999773
2021-09-22,34.0,27.9,0.5,77.0,66.0,1010.5,6.100000000000001,0.8571428571428571,1.0
2021-09-23,30.2,26.0,38.4,87.0,87.0,1013.0,4.199999999999999,1.0,2.5
2021-09-24,32.0,27.8,1.2,81.0,76.0,1013.6,4.199999999999999,1.0,0.6000000000000227
2021-09-25,32.3,27.9,0.1,76.0,64.0,1012.8,4.399999999999999,1.0,-0.8000000000000682
2021-09-26,31.6,27.8,0.0,72.0,86.0,1012.3,3.8000000000000007,0.8571428571428571,-0.5
2021-09-27,32.8,28.1,0.0,75.0,60.0,1010.8,4.699999999999996,0.7142857142857143,-1.5
2021-09-28,32.2,27.9,0.0,75.0,66.0,1009.6,4.300000000000004,0.5714285714285714,-1.1999999999999318
2021-09-29,32.7,27.9,0.0,77.0,44.0,1008.3,4.800000000000004,0.42857142857142855,-1.3000000000000682
2021-09-30,32.9,28.4,0.0,78.0,38.0,1008.1,4.5,0.2857142857142857,-0.1999999999999318
2021-10-02,32.9,28.3,0.0,74.0,68.0,1011.0,4.599999999999998,0.14285714285714285,2.8999999999999773
2021-10-03,29.9,27.0,1.9,79.0,82.0,1012.4,2.8999999999999986,0.14285714285714285,1.3999999999999773
2021-10-04,32.7,28.1,0.0,71.0,51.0,1012.5,4.600000000000001,0.14285714285714285,0.10000000000002274
2021-10-07,30.8,25.0,43.9,75.0,88.0,1005.7,5.800000000000001,0.2857142857142857,-6.7999999999999545
2021-10-08,26.8,24.7,329.7,94.0,96.0,1004.6,2.1000000000000014,0.42857142857142855,-1.1000000000000227
2021-10-09,27.9,25.3,130.3,91.0,97.0,1004.9,2.599999999999998,0.5714285714285714,0.2999999999999545
2021-10-10,27.9,25.3,45.1,86.0,89.0,1008.0,2.599999999999998,0.7142857142857143,3.1000000000000227
2021-10-11,32.7,26.0,0.0,68.0,66.0,1005.4,6.700000000000003,0.7142857142857143,-2.6000000000000227
2021-10-12,26.4,23.6,0.2,65.0,84.0,1001.3,2.799999999999997,0.7142857142857143,-4.100000000000023
2021-10-13,27.4,22.9,57.7,89.0,90.0,1002.5,4.5,0.8571428571428571,1.2000000000000455
2021-10-14,30.0,26.1,13.3,86.0,88.0,1009.2,3.8999999999999986,0.8571428571428571,6.7000000000000455
2021-10-15,27.6,25.2,4.6,85.0,92.0,1010.4,2.400000000000002,0.8571428571428571,1.1999999999999318
2021-10-17,28.0,22.2,0.0,68.0,82.0,1018.0,5.800000000000001,0.7142857142857143,7.600000000000023
2021-10-18,27.7,20.9,0.0,70.0,59.0,1018.3,6.800000000000001,0.5714285714285714,0.2999999999999545
2021-10-19,28.9,23.5,0.0,75.0,39.0,1017.8,5.399999999999999,0.5714285714285714,-0.5
2021-10-20,29.8,25.0,0.1,78.0,49.0,1015.9,4.800000000000001,0.5714285714285714,-1.8999999999999773
2021-10-21,28.2,19.3,0.7,80.0,76.0,1014.9,8.899999999999999,0.5714285714285714,-1.0
2021-10-23,22.7,18.3,0.0,75.0,95.0,1020.1,4.399999999999999,0.42857142857142855,5.2000000000000455
2021-10-24,26.6,19.8,0.0,69.0,61.0,1018.9,6.800000000000001,0.2857142857142857,-1.2000000000000455
2021-10-25,27.5,19.7,0.0,66.0,49.0,1016.6,7.800000000000001,0.2857142857142857,-2.2999999999999545
2021-10-26,28.3,22.7,0.0,69.0,68.0,1015.8,5.600000000000001,0.2857142857142857,-0.8000000000000682
2021-10-28,28.0,24.2,0.1,77.0,87.0,1017.9,3.8000000000000007,0.42857142857142855,2.1000000000000227
2021-10-29,27.7,23.9,1.1,76.0,84.0,1018.2,3.8000000000000007,0.42857142857142855,0.3000000000000682
2021-10-30,26.2,23.0,2.4,81.0,88.0,1018.8,3.1999999999999993,0.42857142857142855,0.599999999999909
2021-10-31,26.1,23.4,0.0,75.0,75.0,1018.7,2.700000000000003,0.42857142857142855,-0.09999999999990905
2021-11-04,27.9,24.1,0.0,78.0,61.0,1014.9,3.799999999999997,0.42857142857142855,-3.800000000000068
2021-11-05,27.8,24.6,0.0,84.0,61.0,1012.5,3.1999999999999993,0.42857142857142855,-2.3999999999999773
2021-11-06,29.2,24.0,0.0,79.0,23.0,1010.1,5.199999999999999,0.42857142857142855,-2.3999999999999773
2021-11-07,29.0,24.8,0.0,83.0,38.0,1012.2,4.199999999999999,0.2857142857142857,2.1000000000000227
2021-11-08,25.3,18.1,2.0,61.0,35.0,1017.2,7.199999999999999,0.2857142857142857,5.0
2021-11-09,23.0,16.9,0.0,50.0,76.0,1019.3,6.100000000000001,0.14285714285714285,2.099999999999909
2021-11-10,24.7,17.8,0.0,41.0,41.0,1018.7,6.899999999999999,0.14285714285714285,-0.599999999999909
2021-11-11,25.0,18.9,0.0,47.0,64.0,1017.7,6.100000000000001,0.14285714285714285,-1.0
2021-11-12,25.7,20.0,0.0,51.0,54.0,1018.8,5.699999999999999,0.14285714285714285,1.099999999999909
2021-11-14,24.7,19.3,0.0,59.0,23.0,1018.2,5.399999999999999,0.14285714285714285,-0.599999999999909
2021-11-15,25.5,20.4,0.0,65.0,59.0,1017.2,5.100000000000001,0.14285714285714285,-1.0
2021-11-16,26.3,21.0,0.0,71.0,41.0,1017.0,5.300000000000001,0.0,-0.20000000000004547
2021-11-17,26.5,22.0,0.0,74.0,65.0,1017.1,4.5,0.0,0.10000000000002274
2021-11-18,25.8,20.2,0.0,69.0,45.0,1014.3,5.600000000000001,0.0,-2.800000000000068
2021-11-20,26.1,22.4,0.3,77.0,48.0,1012.9,3.700000000000003,0.14285714285714285,-1.3999999999999773
2021-11-21,25.6,22.7,0.0,82.0,56.0,1014.1,2.900000000000002,0.14285714285714285,1.2000000000000455
2021-11-22,23.3,16.8,3.5,76.0,80.0,1017.0,6.5,0.2857142857142857,2.8999999999999773
2021-11-24,22.1,16.9,0.0,65.0,55.0,1020.3,5.200000000000003,0.2857142857142857,3.2999999999999545
2021-11-25,23.7,18.4,0.0,64.0,34.0,1018.2,5.300000000000001,0.2857142857142857,-2.099999999999909
2021-11-26,24.8,18.6,0.0,64.0,24.0,1018.4,6.199999999999999,0.2857142857142857,0.1999999999999318
2021-11-27,24.3,18.7,0.0,63.0,52.0,1020.1,5.600000000000001,0.2857142857142857,1.7000000000000455
2021-11-28,24.5,19.2,0.0,69.0,38.0,1019.5,5.300000000000001,0.14285714285714285,-0.6000000000000227
2021-11-29,26.1,19.4,0.0,67.0,10.0,1017.3,6.700000000000003,0.14285714285714285,-2.2000000000000455
2021-11-30,24.6,17.1,0.0,59.0,21.0,1018.4,7.5,0.0,1.1000000000000227
2021-12-01,20.1,14.8,0.0,40.0,23.0,1021.5,5.300000000000001,0.0,3.1000000000000227
2021-12-02,20.4,14.6,0.0,42.0,11.0,1021.8,5.799999999999999,0.0,0.2999999999999545
2021-12-03,21.3,14.7,0.0,35.0,9.0,1021.5,6.600000000000001,0.0,-0.2999999999999545
2021-12-04,20.6,15.3,0.0,46.0,37.0,1022.2,5.300000000000001,0.0,0.7000000000000455
2021-12-05,22.2,16.7,0.0,55.0,31.0,1021.2,5.5,0.0,-1.0
2021-12-06,22.2,16.4,0.0,59.0,7.0,1020.3,5.800000000000001,0.0,-0.900000000000091
2021-12-07,22.5,17.1,0.0,65.0,56.0,1020.9,5.399999999999999,0.0,0.6000000000000227
2021-12-08,22.2,18.4,0.0,67.0,19.0,1022.3,3.8000000000000007,0.0,1.3999999999999773
2021-12-09,22.9,18.7,0.0,72.0,17.0,1022.3,4.199999999999999,0.0,0.0
2021-12-10,23.7,18.6,0.0,73.0,30.0,1020.7,5.099999999999998,0.0,-1.599999999999909
2021-12-11,24.4,20.0,0.0,74.0,26.0,1020.8,4.399999999999999,0.0,0.09999999999990905
2021-12-12,24.7,19.2,0.0,75.0,20.0,1021.0,5.5,0.0,0.20000000000004547
2021-12-13,21.5,17.4,0.0,67.0,53.0,1021.6,4.100000000000001,0.0,0.6000000000000227
2021-12-15,23.0,19.9,0.2,78.0,87.0,1016.1,3.1000000000000014,0.14285714285714285,-5.5
2021-12-17,23.8,18.9,0.0,69.0,70.0,1018.9,4.900000000000002,0.14285714285714285,2.7999999999999545
2021-12-18,20.0,16.3,0.0,58.0,88.0,1022.8,3.6999999999999993,0.14285714285714285,3.8999999999999773
2021-12-19,19.7,16.0,0.0,51.0,88.0,1021.8,3.6999999999999993,0.14285714285714285,-1.0
2021-12-20,19.3,15.7,9.4,78.0,91.0,1017.6,3.6000000000000014,0.2857142857142857,-4.199999999999932
2021-12-21,19.0,16.0,2.4,88.0,77.0,1013.5,3.0,0.42857142857142855,-4.100000000000023
2021-12-23,21.9,18.7,0.8,77.0,88.0,1016.8,3.1999999999999993,0.5714285714285714,3.2999999999999545
2021-12-24,21.8,18.2,1.7,84.0,84.0,1017.2,3.6000000000000014,0.5714285714285714,0.40000000000009095
2021-12-26,18.5,11.7,3.5,78.0,92.0,1025.5,6.800000000000001,0.7142857142857143,8.299999999999955
2021-12-27,14.6,9.9,1.3,81.0,88.0,1027.1,4.699999999999999,0.8571428571428571,1.599999999999909
2021-12-28,17.5,12.2,0.2,74.0,89.0,1024.4,5.300000000000001,1.0,-2.699999999999818
2021-12-29,20.6,16.6,0.0,74.0,65.0,1023.2,4.0,0.8571428571428571,-1.2000000000000455
2021-12-30,21.4,16.2,0.0,77.0,51.0,1024.6,5.199999999999999,0.7142857142857143,1.3999999999998636
2022-01-01,19.3,16.4,0.0,76.0,68.0,1024.4,2.900000000000002,0.5714285714285714,-0.1999999999998181
2022-01-02,22.0,16.0,0.0,77.0,10.0,1022.5,6.0,0.42857142857142855,-1.900000000000091
2022-01-03,20.5,17.0,0.0,79.0,27.0,1021.1,3.5,0.2857142857142857,-1.3999999999999773
2022-01-04,21.5,17.4,0.0,75.0,49.0,1019.6,4.100000000000001,0.14285714285714285,-1.5
2022-01-06,23.6,18.3,0.0,80.0,54.0,1019.2,5.300000000000001,0.0,-0.39999999999997726
2022-01-07,21.1,17.2,0.0,79.0,51.0,1021.6,3.900000000000002,0.0,2.3999999999999773
2022-01-08,20.2,16.0,0.0,75.0,34.0,1020.5,4.199999999999999,0.0,-1.1000000000000227
2022-01-09,20.1,16.7,0.0,79.0,70.0,1018.2,3.400000000000002,0.0,-2.2999999999999545
2022-01-10,20.9,16.5,0.0,76.0,78.0,1017.5,4.399999999999999,0.0,-0.7000000000000455
2022-01-11,18.8,13.7,1.2,70.0,44.0,1020.2,5.100000000000001,0.14285714285714285,2.7000000000000455
2022-01-12,17.9,14.7,0.0,72.0,84.0,1020.9,3.1999999999999993,0.14285714285714285,0.6999999999999318
2022-01-14,17.3,15.4,0.0,75.0,84.0,1020.7,1.9000000000000004,0.14285714285714285,-0.1999999999999318
2022-01-15,19.8,16.5,0.0,82.0,68.0,1020.1,3.3000000000000007,0.14285714285714285,-0.6000000000000227
2022-01-16,21.1,17.4,0.0,82.0,59.0,1020.4,3.700000000000003,0.14285714285714285,0.2999999999999545
2022-01-17,18.4,17.1,0.0,84.0,82.0,1020.7,1.2999999999999972,0.14285714285714285,0.3000000000000682
2022-01-18,18.3,15.8,0.2,82.0,89.0,1020.9,2.5,0.2857142857142857,0.1999999999999318
2022-01-19,20.3,14.9,0.0,70.0,49.0,1019.3,5.4,0.14285714285714285,-1.6000000000000227
2022-01-20,20.8,15.4,0.0,73.0,54.0,1018.4,5.4,0.14285714285714285,-0.8999999999999773
2022-01-21,19.7,16.5,0.0,80.0,69.0,1017.6,3.1999999999999993,0.14285714285714285,-0.7999999999999545
2022-01-22,17.8,16.8,1.5,91.0,94.0,1014.3,1.0,0.2857142857142857,-3.300000000000068
2022-01-23,21.8,17.5,0.1,84.0,87.0,1013.1,4.300000000000001,0.42857142857142855,-1.1999999999999318
2022-01-24,21.8,18.8,1.0,88.0,86.0,1014.3,3.0,0.5714285714285714,1.1999999999999318
2022-01-25,20.9,17.5,0.0,82.0,77.0,1016.7,3.3999999999999986,0.42857142857142855,2.400000000000091
2022-01-29,20.2,16.3,0.1,81.0,88.0,1014.4,3.8999999999999986,0.5714285714285714,-2.300000000000068
2022-01-30,20.0,13.2,0.0,64.0,58.0,1017.5,6.800000000000001,0.5714285714285714,3.1000000000000227
2022-02-01,15.7,12.9,1.2,84.0,89.0,1018.7,2.799999999999999,0.7142857142857143,1.2000000000000455
2022-02-02,17.0,14.5,1.0,88.0,98.0,1018.7,2.5,0.7142857142857143,0.0
2022-02-03,14.5,11.7,1.0,85.0,93.0,1018.7,2.8000000000000007,0.7142857142857143,0.0
2022-02-04,18.5,11.9,0.0,69.0,65.0,1021.4,6.6,0.5714285714285714,2.699999999999932
2022-02-05,17.7,13.2,0.0,69.0,87.0,1023.4,4.5,0.5714285714285714,2.0
2022-02-06,18.2,14.6,0.0,75.0,87.0,1022.0,3.5999999999999996,0.42857142857142855,-1.3999999999999773
2022-02-09,17.4,15.3,0.0,77.0,88.0,1019.1,2.099999999999998,0.42857142857142855,-2.8999999999999773
2022-02-10,18.1,15.4,0.0,81.0,90.0,1017.7,2.700000000000001,0.2857142857142857,-1.3999999999999773
2022-02-11,22.0,16.3,0.0,81.0,45.0,1017.1,5.699999999999999,0.14285714285714285,-0.6000000000000227
2022-02-12,21.3,17.0,0.0,83.0,80.0,1016.0,4.300000000000001,0.0,-1.1000000000000227
2022-02-13,18.7,15.1,1.2,86.0,91.0,1014.9,3.5999999999999996,0.14285714285714285,-1.1000000000000227
2022-02-14,21.3,14.1,1.2,75.0,59.0,1017.3,7.200000000000001,0.2857142857142857,2.3999999999999773
2022-02-15,21.8,15.8,0.0,77.0,53.0,1017.8,6.0,0.2857142857142857,0.5
2022-02-16,18.5,15.6,0.0,77.0,74.0,1016.0,2.9000000000000004,0.2857142857142857,-1.7999999999999545
2022-02-17,16.9,15.0,4.0,86.0,88.0,1014.9,1.8999999999999986,0.42857142857142855,-1.1000000000000227
2022-02-19,15.9,9.7,21.3,92.0,90.0,1017.0,6.200000000000001,0.5714285714285714,2.1000000000000227
2022-02-20,9.8,8.0,43.4,94.0,97.0,1020.8,1.8000000000000007,0.7142857142857143,3.7999999999999545
2022-02-21,10.1,7.5,43.3,95.0,100.0,1022.1,2.5999999999999996,0.7142857142857143,1.3000000000000682
2022-02-22,12.2,9.2,39.9,96.0,100.0,1022.0,3.0,0.7142857142857143,-0.10000000000002274
2022-02-23,16.2,9.4,11.0,77.0,78.0,1024.3,6.799999999999999,0.8571428571428571,2.2999999999999545
2022-02-24,14.9,10.7,0.0,72.0,60.0,1026.2,4.200000000000001,0.8571428571428571,1.900000000000091
2022-02-25,20.1,12.2,0.0,70.0,45.0,1024.5,7.900000000000002,0.7142857142857143,-1.7000000000000455
2022-02-26,21.4,13.6,0.0,76.0,23.0,1021.9,7.799999999999999,0.5714285714285714,-2.6000000000000227
2022-02-27,21.7,14.8,0.0,79.0,30.0,1019.6,6.899999999999999,0.42857142857142855,-2.2999999999999545
2022-02-28,22.5,16.4,0.0,70.0,71.0,1018.6,6.100000000000001,0.2857142857142857,-1.0
2022-03-01,26.3,19.1,0.0,77.0,56.0,1016.9,7.199999999999999,0.14285714285714285,-1.7000000000000455
2022-03-02,26.1,18.1,0.0,83.0,47.0,1017.2,8.0,0.0,0.3000000000000682
2022-03-03,22.6,17.4,0.0,76.0,56.0,1017.2,5.200000000000003,0.0,0.0
2022-03-04,26.6,18.8,0.0,77.0,34.0,1014.6,7.800000000000001,0.0,-2.6000000000000227
2022-03-05,24.6,17.9,0.0,84.0,39.0,1013.5,6.700000000000003,0.0,-1.1000000000000227
2022-03-06,21.3,17.6,0.0,77.0,84.0,1015.7,3.6999999999999993,0.0,2.2000000000000455
2022-03-07,24.6,16.8,4.8,70.0,62.0,1017.2,7.800000000000001,0.14285714285714285,1.5
2022-03-08,21.6,15.0,0.0,53.0,14.0,1018.2,6.600000000000001,0.14285714285714285,1.0
2022-03-09,24.3,15.1,0.0,57.0,14.0,1017.2,9.200000000000001,0.14285714285714285,-1.0
2022-03-10,25.0,17.9,0.0,60.0,27.0,1015.8,7.100000000000001,0.14285714285714285,-1.400000000000091
2022-03-11,26.9,18.8,0.0,71.0,40.0,1014.0,8.099999999999998,0.14285714285714285,-1.7999999999999545
2022-03-12,26.0,19.8,0.0,68.0,53.0,1013.6,6.199999999999999,0.14285714285714285,-0.39999999999997726
2022-03-13,27.7,21.0,0.1,75.0,47.0,1012.8,6.699999999999999,0.2857142857142857,-0.8000000000000682
2022-03-14,29.0,21.4,0.0,78.0,30.0,1011.9,7.600000000000001,0.14285714285714285,-0.8999999999999773
2022-03-15,28.4,21.1,0.0,80.0,43.0,1010.8,7.299999999999997,0.14285714285714285,-1.1000000000000227
2022-03-18,28.7,21.3,0.0,84.0,61.0,1008.8,7.399999999999999,0.14285714285714285,-2.0
2022-03-19,25.8,22.3,0.0,85.0,75.0,1009.9,3.5,0.14285714285714285,1.1000000000000227
2022-03-23,21.6,16.3,54.8,94.0,91.0,1014.7,5.300000000000001,0.2857142857142857,4.800000000000068
2022-03-24,18.5,16.3,1.8,91.0,93.0,1014.3,2.1999999999999993,0.42857142857142855,-0.40000000000009095
2022-03-25,26.7,18.1,0.7,90.0,92.0,1010.4,8.599999999999998,0.42857142857142855,-3.8999999999999773
2022-03-26,28.7,24.9,0.1,86.0,88.0,1010.4,3.8000000000000007,0.5714285714285714,0.0
2022-03-28,19.2,16.4,30.3,89.0,88.0,1017.4,2.8000000000000007,0.7142857142857143,7.0
2022-03-29,21.2,17.4,0.1,82.0,86.0,1017.2,3.8000000000000007,0.8571428571428571,-0.1999999999999318
2022-03-30,26.1,19.5,0.0,74.0,82.0,1015.9,6.600000000000001,0.8571428571428571,-1.3000000000000682
2022-04-01,22.0,15.7,0.5,83.0,90.0,1020.5,6.300000000000001,0.8571428571428571,4.600000000000023
2022-04-02,16.1,13.7,1.3,76.0,88.0,1023.2,2.400000000000002,0.8571428571428571,2.7000000000000455
2022-04-03,23.9,15.2,0.0,54.0,32.0,1022.1,8.7,0.7142857142857143,-1.1000000000000227
2022-04-04,25.6,16.8,0.0,53.0,5.0,1022.2,8.8,0.5714285714285714,0.10000000000002274
2022-04-05,26.9,18.1,0.0,64.0,17.0,1020.0,8.799999999999997,0.42857142857142855,-2.2000000000000455
2022-04-06,26.2,19.4,0.0,70.0,15.0,1017.6,6.800000000000001,0.2857142857142857,-2.3999999999999773
2022-04-07,26.7,20.0,0.0,68.0,19.0,1016.8,6.699999999999999,0.2857142857142857,-0.8000000000000682
2022-04-08,29.1,20.5,0.0,50.0,8.0,1015.7,8.600000000000001,0.14285714285714285,-1.099999999999909
2022-04-09,27.6,20.3,0.0,65.0,7.0,1013.8,7.300000000000001,0.0,-1.900000000000091
2022-04-10,28.5,20.5,0.0,67.0,13.0,1012.4,8.0,0.0,-1.3999999999999773
2022-04-11,30.3,22.6,0.0,74.0,49.0,1011.0,7.699999999999999,0.0,-1.3999999999999773
2022-04-12,30.2,23.0,0.0,77.0,31.0,1008.9,7.199999999999999,0.0,-2.1000000000000227
2022-04-14,27.8,23.0,0.0,69.0,36.0,1008.4,4.800000000000001,0.0,-0.5
2022-04-17,24.9,19.2,0.4,72.0,85.0,1015.6,5.699999999999999,0.14285714285714285,7.2000000000000455
2022-04-19,21.1,19.1,0.8,83.0,88.0,1017.3,2.0,0.2857142857142857,1.6999999999999318
2022-04-20,25.6,19.8,0.0,75.0,86.0,1015.4,5.800000000000001,0.2857142857142857,-1.8999999999999773
2022-04-21,28.4,21.4,0.0,78.0,83.0,1013.3,7.0,0.2857142857142857,-2.1000000000000227
2022-04-22,27.2,23.4,0.0,84.0,87.0,1012.3,3.8000000000000007,0.2857142857142857,-1.0
2022-04-24,30.9,24.9,0.0,79.0,80.0,1009.3,6.0,0.2857142857142857,-3.0
2022-04-25,31.4,26.3,0.0,79.0,79.0,1008.6,5.099999999999998,0.2857142857142857,-0.6999999999999318
2022-04-26,29.8,26.2,0.0,80.0,88.0,1008.3,3.6000000000000014,0.14285714285714285,-0.3000000000000682
2022-04-27,31.6,26.1,0.0,78.0,61.0,1009.4,5.5,0.0,1.1000000000000227
2022-04-28,31.6,26.8,0.0,79.0,60.0,1010.8,4.800000000000001,0.0,1.3999999999999773
2022-04-29,32.0,26.2,0.0,79.0,71.0,1011.0,5.800000000000001,0.0,0.20000000000004547
2022-04-30,26.8,24.3,0.5,85.0,83.0,1012.3,2.5,0.14285714285714285,1.2999999999999545
2022-05-01,24.6,17.1,32.4,89.0,94.0,1012.6,7.5,0.2857142857142857,0.3000000000000682
2022-05-02,21.3,16.4,23.4,84.0,93.0,1014.6,4.900000000000002,0.42857142857142855,2.0
2022-05-03,26.6,18.8,0.0,62.0,61.0,1015.8,7.800000000000001,0.42857142857142855,1.1999999999999318
2022-05-04,28.5,21.6,0.0,63.0,48.0,1014.3,6.899999999999999,0.42857142857142855,-1.5
2022-05-05,29.3,23.2,0.0,73.0,76.0,1012.6,6.100000000000001,0.42857142857142855,-1.6999999999999318
2022-05-06,28.9,23.4,0.0,76.0,73.0,1012.4,5.5,0.42857142857142855,-0.20000000000004547
2022-05-07,29.7,23.6,0.8,77.0,85.0,1013.0,6.099999999999998,0.42857142857142855,0.6000000000000227
2022-05-10,27.7,24.4,1.4,88.0,88.0,1009.7,3.3000000000000007,0.42857142857142855,-3.2999999999999545
2022-05-11,25.9,24.2,61.4,95.0,91.0,1007.8,1.6999999999999993,0.42857142857142855,-1.900000000000091
2022-05-12,27.0,24.6,123.5,91.0,96.0,1006.0,2.3999999999999986,0.5714285714285714,-1.7999999999999545
2022-05-13,26.9,24.3,107.1,92.0,92.0,1005.2,2.599999999999998,0.7142857142857143,-0.7999999999999545
2022-05-14,26.5,23.5,5.0,93.0,89.0,1008.2,3.0,0.8571428571428571,3.0
2022-05-15,24.9,20.8,26.2,91.0,91.0,1009.8,4.099999999999998,1.0,1.599999999999909
2022-05-16,20.8,18.8,4.7,85.0,85.0,1012.4,2.0,1.0,2.6000000000000227
2022-05-17,26.3,19.6,0.0,72.0,67.0,1013.6,6.699999999999999,0.8571428571428571,1.2000000000000455
2022-05-18,27.1,21.9,0.0,52.0,71.0,1013.8,5.200000000000003,0.7142857142857143,0.1999999999999318
2022-05-19,30.0,23.5,0.0,64.0,77.0,1011.9,6.5,0.5714285714285714,-1.8999999999999773
2022-05-20,30.9,24.5,0.0,76.0,55.0,1009.2,6.399999999999999,0.42857142857142855,-2.699999999999932
2022-05-21,30.7,24.6,0.0,78.0,72.0,1007.8,6.099999999999998,0.2857142857142857,-1.400000000000091
2022-05-22,27.2,24.1,0.6,83.0,88.0,1007.3,3.099999999999998,0.2857142857142857,-0.5
2022-05-23,24.8,23.1,11.2,90.0,89.0,1007.6,1.6999999999999993,0.2857142857142857,0.3000000000000682
2022-05-24,25.0,23.7,10.3,93.0,92.0,1009.2,1.3000000000000007,0.42857142857142855,1.6000000000000227
2022-05-25,27.4,23.8,1.3,91.0,90.0,1007.7,3.599999999999998,0.5714285714285714,-1.5
2022-05-26,28.6,25.1,2.4,88.0,86.0,1004.7,3.5,0.7142857142857143,-3.0
2022-05-27,28.5,26.1,24.7,89.0,88.0,1004.3,2.3999999999999986,0.8571428571428571,-0.40000000000009095
2022-05-31,30.7,27.4,0.1,82.0,87.0,1006.8,3.3000000000000007,1.0,2.5
2022-06-01,30.9,27.0,1.2,81.0,88.0,1007.1,3.8999999999999986,1.0,0.3000000000000682
2022-06-02,31.0,26.0,11.9,80.0,85.0,1006.2,5.0,1.0,-0.8999999999999773
2022-06-03,31.2,28.0,1.6,81.0,86.0,1005.6,3.1999999999999993,1.0,-0.6000000000000227
2022-06-06,30.6,27.6,2.5,83.0,88.0,1003.6,3.0,1.0,-2.0
2022-06-07,29.6,24.6,33.8,86.0,86.0,1004.5,5.0,1.0,0.8999999999999773
2022-06-08,28.0,24.7,66.0,93.0,86.0,1005.6,3.3000000000000007,1.0,1.1000000000000227
2022-06-09,27.9,25.0,28.7,90.0,88.0,1005.5,2.8999999999999986,1.0,-0.10000000000002274
2022-06-10,27.3,25.0,25.8,92.0,88.0,1005.4,2.3000000000000007,1.0,-0.10000000000002274
2022-06-11,29.1,25.3,47.5,89.0,88.0,1006.6,3.8000000000000007,1.0,1.2000000000000455
2022-06-12,30.3,25.6,2.6,84.0,88.0,1007.0,4.699999999999999,1.0,0.39999999999997726
2022-06-13,30.6,28.1,0.0,80.0,87.0,1006.4,2.5,0.8571428571428571,-0.6000000000000227
2022-06-14,29.3,24.8,42.8,87.0,88.0,1007.0,4.5,0.8571428571428571,0.6000000000000227
2022-06-15,30.5,24.0,11.0,88.0,88.0,1009.2,6.5,0.8571428571428571,2.2000000000000455
2022-06-16,30.5,24.3,2.6,84.0,88.0,1008.9,6.199999999999999,0.8571428571428571,-0.3000000000000682
2022-06-17,31.0,28.0,1.0,79.0,88.0,1007.6,3.0,0.8571428571428571,-1.2999999999999545
2022-06-18,29.8,27.5,1.3,81.0,88.0,1006.8,2.3000000000000007,0.8571428571428571,-0.8000000000000682
2022-06-19,30.9,28.0,0.1,81.0,88.0,1006.1,2.8999999999999986,0.8571428571428571,-0.6999999999999318
2022-06-20,30.4,27.6,2.8,80.0,88.0,1004.8,2.799999999999997,1.0,-1.3000000000000682
2022-06-22,31.8,28.1,0.0,78.0,85.0,1009.6,3.6999999999999993,0.8571428571428571,4.800000000000068
2022-06-23,33.8,27.9,0.0,74.0,55.0,1010.4,5.899999999999999,0.7142857142857143,0.7999999999999545
2022-06-24,33.4,27.8,0.0,73.0,63.0,1008.6,5.599999999999998,0.5714285714285714,-1.7999999999999545
2022-06-25,32.8,27.7,0.0,74.0,70.0,1007.8,5.099999999999998,0.42857142857142855,-0.8000000000000682
2022-06-26,33.9,26.8,0.3,74.0,70.0,1009.3,7.099999999999998,0.42857142857142855,1.5
2022-06-27,33.4,27.8,0.1,73.0,73.0,1008.1,5.599999999999998,0.42857142857142855,-1.1999999999999318
2022-06-28,34.4,28.2,0.0,71.0,59.0,1005.1,6.199999999999999,0.2857142857142857,-3.0
2022-06-29,33.9,28.1,0.7,78.0,82.0,1002.8,5.799999999999997,0.42857142857142855,-2.300000000000068
2022-06-30,29.6,25.9,64.9,89.0,89.0,1002.7,3.700000000000003,0.5714285714285714,-0.09999999999990905
2022-07-01,29.7,25.4,63.0,85.0,88.0,1000.7,4.300000000000001,0.7142857142857143,-2.0
2022-07-02,28.4,25.6,72.4,89.0,90.0,999.1,2.799999999999997,0.8571428571428571,-1.6000000000000227
2022-07-03,30.3,28.2,0.0,82.0,88.0,1001.5,2.1000000000000014,0.7142857142857143,2.3999999999999773
2022-07-04,29.4,27.9,0.4,83.0,88.0,1002.2,1.5,0.7142857142857143,0.7000000000000455
2022-07-05,29.7,28.4,0.2,82.0,88.0,1004.2,1.3000000000000007,0.8571428571428571,2.0
2022-07-06,30.3,28.0,0.5,81.0,88.0,1005.7,2.3000000000000007,0.8571428571428571,1.5
2022-07-07,31.6,27.2,13.1,86.0,87.0,1007.3,4.400000000000002,0.8571428571428571,1.599999999999909
2022-07-11,35.1,28.5,0.0,73.0,30.0,1007.3,6.600000000000001,0.7142857142857143,0.0
2022-07-12,35.2,28.6,0.0,72.0,22.0,1006.9,6.600000000000001,0.5714285714285714,-0.39999999999997726
2022-07-13,35.2,28.4,0.0,71.0,32.0,1005.9,6.800000000000004,0.5714285714285714,-1.0
2022-07-14,33.1,28.5,0.0,75.0,76.0,1005.6,4.600000000000001,0.42857142857142855,-0.2999999999999545
2022-07-15,34.3,28.6,0.2,77.0,85.0,1006.5,5.699999999999996,0.42857142857142855,0.8999999999999773
2022-07-16,33.3,28.8,1.5,77.0,81.0,1006.0,4.4999999999999964,0.42857142857142855,-0.5
2022-07-17,32.6,28.8,1.2,76.0,85.0,1005.7,3.8000000000000007,0.42857142857142855,-0.2999999999999545
2022-07-18,32.7,28.5,2.7,78.0,88.0,1004.9,4.200000000000003,0.5714285714285714,-0.8000000000000682
2022-07-20,34.2,29.2,0.6,76.0,69.0,1009.8,5.0000000000000036,0.7142857142857143,4.899999999999977
2022-07-21,35.2,28.1,0.3,74.0,41.0,1012.0,7.100000000000001,0.8571428571428571,2.2000000000000455
2022-07-22,35.6,28.2,0.0,72.0,14.0,1010.8,7.400000000000002,0.8571428571428571,-1.2000000000000455
2022-07-23,34.9,29.2,0.0,74.0,20.0,1008.7,5.699999999999999,0.7142857142857143,-2.099999999999909
2022-07-24,36.1,29.5,0.0,72.0,22.0,1007.1,6.600000000000001,0.5714285714285714,-1.6000000000000227
2022-07-25,35.8,29.9,0.0,74.0,31.0,1007.6,5.899999999999999,0.42857142857142855,0.5
2022-07-26,35.2,29.1,0.0,71.0,35.0,1007.7,6.100000000000001,0.2857142857142857,0.10000000000002274
2022-07-27,34.2,29.0,0.0,69.0,27.0,1007.1,5.200000000000003,0.14285714285714285,-0.6000000000000227
2022-07-28,35.3,28.8,0.0,73.0,26.0,1006.2,6.4999999999999964,0.0,-0.8999999999999773
2022-07-29,35.3,29.7,0.0,74.0,57.0,1004.7,5.599999999999998,0.0,-1.5
2022-07-30,31.2,26.5,2.4,81.0,85.0,1004.3,4.699999999999999,0.14285714285714285,-0.40000000000009095
2022-07-31,34.0,28.3,0.0,76.0,47.0,1004.3,5.699999999999999,0.14285714285714285,0.0
2022-08-01,35.7,29.1,0.0,69.0,47.0,1005.9,6.600000000000001,0.14285714285714285,1.6000000000000227
2022-08-02,35.2,28.0,0.2,70.0,63.0,1007.1,7.200000000000003,0.2857142857142857,1.2000000000000455
2022-08-03,30.8,25.6,34.9,82.0,85.0,1006.7,5.199999999999999,0.42857142857142855,-0.39999999999997726
2022-08-04,28.4,25.9,14.9,86.0,83.0,1004.5,2.5,0.5714285714285714,-2.2000000000000455
2022-08-05,28.6,24.5,165.5,94.0,89.0,1007.6,4.100000000000001,0.7142857142857143,3.1000000000000227
2022-08-06,30.9,26.1,5.5,89.0,81.0,1007.6,4.799999999999997,0.7142857142857143,0.0
2022-08-07,32.6,27.6,2.8,82.0,71.0,1006.7,5.0,0.8571428571428571,-0.8999999999999773
2022-08-08,30.9,26.2,33.3,87.0,86.0,1006.3,4.699999999999999,1.0,-0.40000000000009095
2022-08-09,28.5,25.4,72.0,88.0,88.0,1003.6,3.1000000000000014,1.0,-2.699999999999932
2022-08-10,29.6,25.8,49.7,90.0,90.0,1004.1,3.8000000000000007,1.0,0.5
2022-08-11,28.8,25.5,12.4,90.0,88.0,1007.8,3.3000000000000007,1.0,3.699999999999932
2022-08-12,27.1,24.9,76.0,93.0,84.0,1008.8,2.200000000000003,1.0,1.0
2022-08-13,32.6,25.8,0.0,81.0,57.0,1008.0,6.800000000000001,0.8571428571428571,-0.7999999999999545
2022-08-14,33.3,26.9,0.0,78.0,27.0,1007.2,6.399999999999999,0.7142857142857143,-0.7999999999999545
2022-08-15,33.6,28.1,0.0,78.0,57.0,1006.2,5.5,0.5714285714285714,-1.0
2022-08-16,33.2,26.2,9.1,82.0,72.0,1005.6,7.0000000000000036,0.5714285714285714,-0.6000000000000227
2022-08-17,32.3,26.2,29.8,86.0,84.0,1005.8,6.099999999999998,0.5714285714285714,0.1999999999999318
2022-08-18,30.4,26.2,22.1,87.0,84.0,1005.5,4.199999999999999,0.5714285714285714,-0.2999999999999545
2022-08-19,32.0,26.4,4.8,85.0,87.0,1004.9,5.600000000000001,0.5714285714285714,-0.6000000000000227
2022-08-20,31.9,26.5,8.4,83.0,74.0,1007.5,5.399999999999999,0.7142857142857143,2.6000000000000227
2022-08-21,32.9,26.6,1.9,84.0,71.0,1008.3,6.299999999999997,0.8571428571428571,0.7999999999999545
2022-08-22,32.9,28.2,0.0,77.0,41.0,1006.9,4.699999999999999,0.8571428571428571,-1.3999999999999773
2022-08-23,34.5,28.6,0.0,77.0,28.0,1005.0,5.899999999999999,0.7142857142857143,-1.8999999999999773
2022-08-24,34.9,26.4,5.5,73.0,69.0,1002.3,8.5,0.7142857142857143,-2.7000000000000455
2022-08-25,29.8,25.0,48.1,85.0,87.0,1006.3,4.800000000000001,0.7142857142857143,4.0
2022-08-26,32.9,27.5,0.1,80.0,66.0,1010.6,5.399999999999999,0.7142857142857143,4.300000000000068
2022-08-27,33.0,27.4,0.0,78.0,60.0,1009.2,5.600000000000001,0.5714285714285714,-1.3999999999999773
2022-08-28,34.4,28.3,0.0,80.0,57.0,1008.4,6.099999999999998,0.42857142857142855,-0.8000000000000682
2022-08-29,34.6,28.6,0.0,78.0,81.0,1010.2,6.0,0.42857142857142855,1.8000000000000682
2022-08-30,32.3,27.9,13.1,80.0,65.0,1008.8,4.399999999999999,0.5714285714285714,-1.400000000000091
2022-08-31,31.7,28.1,4.7,80.0,70.0,1006.7,3.599999999999998,0.5714285714285714,-2.099999999999909
2022-09-01,32.9,26.9,2.8,78.0,71.0,1007.9,6.0,0.5714285714285714,1.1999999999999318
2022-09-02,32.3,27.3,0.0,63.0,78.0,1005.9,4.9999999999999964,0.42857142857142855,-2.0
2022-09-03,33.9,26.9,0.0,54.0,30.0,1002.8,7.0,0.42857142857142855,-3.1000000000000227
2022-09-04,34.7,27.7,0.0,55.0,26.0,1002.9,7.0000000000000036,0.42857142857142855,0.10000000000002274
2022-09-05,35.3,28.8,0.0,52.0,38.0,1004.4,6.4999999999999964,0.42857142857142855,1.5
2022-09-06,34.5,28.4,0.0,61.0,51.0,1008.2,6.100000000000001,0.2857142857142857,3.800000000000068
2022-09-07,29.6,26.7,8.6,81.0,86.0,1013.3,2.900000000000002,0.2857142857142857,5.099999999999909
2022-09-09,33.3,27.5,0.0,55.0,44.0,1013.1,5.799999999999997,0.14285714285714285,-0.1999999999999318
2022-09-11,32.1,27.4,0.0,78.0,43.0,1009.1,4.700000000000003,0.14285714285714285,-4.0
2022-09-12,33.7,28.2,0.0,66.0,23.0,1007.4,5.5000000000000036,0.14285714285714285,-1.7000000000000455
2022-09-13,35.9,28.8,0.0,56.0,5.0,1007.3,7.099999999999998,0.14285714285714285,-0.10000000000002274
2022-09-14,35.5,29.6,0.0,46.0,16.0,1007.0,5.899999999999999,0.14285714285714285,-0.2999999999999545
2022-09-15,34.5,28.7,0.0,52.0,10.0,1005.9,5.800000000000001,0.14285714285714285,-1.1000000000000227
2022-09-18,34.0,27.4,20.3,77.0,53.0,1005.7,6.600000000000001,0.14285714285714285,-0.1999999999999318
2022-09-19,32.3,25.9,3.3,77.0,79.0,1005.9,6.399999999999999,0.2857142857142857,0.1999999999999318
2022-09-20,30.7,26.2,3.5,79.0,78.0,1008.2,4.5,0.42857142857142855,2.300000000000068
2022-09-21,30.4,25.8,8.5,72.0,71.0,1010.7,4.599999999999998,0.5714285714285714,2.5
2022-09-22,31.2,26.9,0.0,73.0,52.0,1011.1,4.300000000000001,0.5714285714285714,0.39999999999997726
2022-09-23,32.1,25.6,13.4,77.0,53.0,1010.8,6.5,0.7142857142857143,-0.3000000000000682
2022-09-24,31.0,25.8,0.0,71.0,75.0,1011.2,5.199999999999999,0.7142857142857143,0.40000000000009095
2022-09-25,32.7,26.9,0.0,71.0,39.0,1010.4,5.800000000000004,0.5714285714285714,-0.8000000000000682
2022-09-26,33.7,27.2,0.0,70.0,62.0,1009.1,6.5000000000000036,0.42857142857142855,-1.2999999999999545
2022-09-28,31.2,27.7,0.0,73.0,81.0,1008.0,3.5,0.2857142857142857,-1.1000000000000227
2022-09-29,29.7,25.0,8.1,81.0,84.0,1010.1,4.699999999999999,0.2857142857142857,2.1000000000000227
2022-09-30,28.3,24.8,102.7,91.0,88.0,1012.3,3.5,0.42857142857142855,2.199999999999932
2022-10-01,30.5,25.7,2.6,86.0,85.0,1012.9,4.800000000000001,0.42857142857142855,0.6000000000000227
2022-10-03,33.0,27.5,0.0,76.0,33.0,1013.5,5.5,0.42857142857142855,0.6000000000000227
2022-10-04,33.5,27.5,0.0,76.0,33.0,1013.6,6.0,0.42857142857142855,0.10000000000002274
2022-10-07,31.5,25.8,22.8,77.0,65.0,1014.9,5.699999999999999,0.5714285714285714,1.2999999999999545
2022-10-09,31.0,23.7,4.8,71.0,49.0,1016.4,7.300000000000001,0.7142857142857143,1.5
2022-10-10,26.6,21.6,0.0,51.0,45.0,1018.0,5.0,0.5714285714285714,1.6000000000000227
2022-10-11,28.1,21.2,0.0,48.0,16.0,1016.8,6.900000000000002,0.42857142857142855,-1.2000000000000455
2022-10-12,29.6,21.9,0.0,50.0,23.0,1015.4,7.700000000000003,0.2857142857142857,-1.3999999999999773
2022-10-13,29.6,23.3,0.0,60.0,64.0,1013.5,6.300000000000001,0.2857142857142857,-1.8999999999999773
2022-10-14,31.0,24.9,0.0,66.0,21.0,1012.1,6.100000000000001,0.2857142857142857,-1.3999999999999773
2022-10-15,31.6,24.1,0.0,53.0,31.0,1010.9,7.5,0.14285714285714285,-1.2000000000000455
2022-10-16,31.3,25.6,0.0,46.0,81.0,1009.1,5.699999999999999,0.0,-1.7999999999999545
2022-10-18,26.7,17.3,19.7,67.0,88.0,1013.3,9.399999999999999,0.14285714285714285,4.199999999999932
2022-10-19,26.2,18.3,0.0,54.0,74.0,1015.7,7.899999999999999,0.14285714285714285,2.400000000000091
2022-10-20,27.2,22.7,0.0,64.0,66.0,1017.5,4.5,0.14285714285714285,1.7999999999999545
2022-10-21,28.5,23.2,0.0,68.0,36.0,1017.2,5.300000000000001,0.14285714285714285,-0.2999999999999545
2022-10-23,30.7,24.3,0.0,71.0,86.0,1014.9,6.399999999999999,0.14285714285714285,-2.300000000000068
2022-10-24,27.1,23.8,0.0,68.0,70.0,1016.1,3.3000000000000007,0.14285714285714285,1.2000000000000455
2022-10-25,25.8,22.6,0.0,63.0,46.0,1018.2,3.1999999999999993,0.14285714285714285,2.1000000000000227
2022-10-26,26.7,22.0,0.0,66.0,34.0,1017.2,4.699999999999999,0.0,-1.0
2022-10-27,28.1,22.4,0.0,70.0,28.0,1015.9,5.700000000000003,0.0,-1.3000000000000682
2022-10-28,30.0,23.3,0.0,68.0,16.0,1015.4,6.699999999999999,0.0,-0.5
2022-10-29,30.0,23.7,0.0,65.0,60.0,1014.2,6.300000000000001,0.0,-1.1999999999999318
2022-10-30,28.2,22.6,0.0,57.0,80.0,1011.4,5.599999999999998,0.0,-2.800000000000068
2022-10-31,27.2,23.8,0.0,50.0,85.0,1008.7,3.3999999999999986,0.0,-2.699999999999932
2022-11-01,25.3,18.9,4.5,64.0,88.0,1008.2,6.400000000000002,0.14285714285714285,-0.5
2022-11-02,21.5,18.9,23.7,86.0,88.0,1007.0,2.6000000000000014,0.2857142857142857,-1.2000000000000455
2022-11-03,23.2,20.9,58.1,93.0,88.0,1012.0,2.3000000000000007,0.42857142857142855,5.0
2022-11-04,24.0,21.9,4.0,87.0,88.0,1016.3,2.1000000000000014,0.5714285714285714,4.2999999999999545
2022-11-06,22.5,19.3,6.6,84.0,88.0,1018.6,3.1999999999999993,0.7142857142857143,2.300000000000068
2022-11-07,23.5,19.7,1.6,85.0,88.0,1017.3,3.8000000000000007,0.8571428571428571,-1.3000000000000682
2022-11-08,23.7,20.6,7.7,85.0,88.0,1017.3,3.099999999999998,1.0,0.0
2022-11-09,26.7,21.6,0.0,77.0,44.0,1017.3,5.099999999999998,0.8571428571428571,0.0
2022-11-10,27.9,23.0,0.0,78.0,46.0,1016.7,4.899999999999999,0.7142857142857143,-0.599999999999909
2022-11-11,28.1,23.5,0.0,77.0,49.0,1016.2,4.600000000000001,0.5714285714285714,-0.5
2022-11-13,28.5,22.9,0.0,81.0,17.0,1015.7,5.600000000000001,0.42857142857142855,-0.5
2022-11-14,25.7,23.2,0.0,79.0,83.0,1016.7,2.5,0.2857142857142857,1.0
2022-11-15,26.0,23.4,0.0,78.0,69.0,1015.5,2.6000000000000014,0.14285714285714285,-1.2000000000000455
2022-11-16,25.8,23.2,0.0,80.0,70.0,1015.0,2.6000000000000014,0.0,-0.5
2022-11-17,27.2,22.9,0.0,80.0,63.0,1014.6,4.300000000000001,0.0,-0.39999999999997726
2022-11-18,26.9,23.1,0.0,80.0,61.0,1015.6,3.799999999999997,0.0,1.0
2022-11-19,27.6,23.7,0.0,77.0,43.0,1015.0,3.900000000000002,0.0,-0.6000000000000227
2022-11-20,27.5,23.3,0.0,78.0,53.0,1014.0,4.199999999999999,0.0,-1.0
2022-11-21,25.3,23.1,0.5,78.0,76.0,1013.6,2.1999999999999993,0.14285714285714285,-0.39999999999997726
2022-11-22,24.1,22.3,2.5,86.0,88.0,1013.1,1.8000000000000007,0.2857142857142857,-0.5
2022-11-23,24.8,22.5,3.4,91.0,88.0,1013.8,2.3000000000000007,0.42857142857142855,0.6999999999999318
2022-11-24,22.6,21.4,9.6,93.0,88.0,1015.2,1.2000000000000028,0.5714285714285714,1.400000000000091
2022-11-25,23.4,21.3,4.8,92.0,90.0,1015.6,2.099999999999998,0.7142857142857143,0.39999999999997726
2022-11-26,23.6,21.7,0.5,88.0,87.0,1014.8,1.9000000000000021,0.8571428571428571,-0.8000000000000682
2022-11-27,23.7,22.1,1.9,90.0,88.0,1012.6,1.5999999999999979,1.0,-2.199999999999932
2022-11-28,28.6,23.4,1.4,88.0,65.0,1012.5,5.200000000000003,1.0,-0.10000000000002274
2022-11-29,27.8,24.3,0.0,85.0,35.0,1013.5,3.5,0.8571428571428571,1.0
2022-11-30,26.1,18.3,0.0,82.0,61.0,1017.3,7.800000000000001,0.7142857142857143,3.7999999999999545
2022-12-02,19.4,13.6,0.0,69.0,75.0,1019.4,5.799999999999999,0.5714285714285714,2.1000000000000227
2022-12-03,21.5,16.9,0.0,73.0,86.0,1017.1,4.600000000000001,0.42857142857142855,-2.2999999999999545
2022-12-04,23.3,19.9,0.0,74.0,84.0,1018.0,3.400000000000002,0.2857142857142857,0.8999999999999773
2022-12-05,20.7,15.7,0.0,66.0,76.0,1019.8,5.0,0.14285714285714285,1.7999999999999545
2022-12-06,19.8,14.9,0.0,68.0,76.0,1019.7,4.9,0.0,-0.09999999999990905
2022-12-08,22.6,17.7,0.0,72.0,32.0,1017.9,4.900000000000002,0.0,-1.8000000000000682
2022-12-09,22.7,17.4,0.0,67.0,19.0,1015.8,5.300000000000001,0.0,-2.1000000000000227
2022-12-10,21.6,15.6,0.0,61.0,10.0,1015.5,6.000000000000002,0.0,-0.2999999999999545
2022-12-11,19.0,15.3,0.0,60.0,65.0,1016.2,3.6999999999999993,0.0,0.7000000000000455
2022-12-13,16.7,12.9,3.2,71.0,88.0,1019.4,3.799999999999999,0.14285714285714285,3.199999999999932
2022-12-14,13.1,11.5,8.7,91.0,93.0,1021.4,1.5999999999999996,0.2857142857142857,2.0
2022-12-15,16.2,12.3,3.8,91.0,90.0,1017.9,3.8999999999999986,0.42857142857142855,-3.5
2022-12-16,18.2,15.1,0.9,90.0,96.0,1017.5,3.0999999999999996,0.5714285714285714,-0.39999999999997726
2022-12-17,15.1,11.8,9.1,60.0,89.0,1024.9,3.299999999999999,0.7142857142857143,7.400000000000091
2022-12-19,16.6,10.6,0.0,50.0,25.0,1021.7,6.000000000000002,0.7142857142857143,-3.2000000000000455
2022-12-20,19.2,14.7,0.0,71.0,53.0,1018.3,4.5,0.7142857142857143,-3.400000000000091
2022-12-22,20.3,13.9,0.0,35.0,6.0,1016.5,6.4,0.5714285714285714,-1.7999999999999545
2022-12-23,20.2,14.7,0.0,40.0,24.0,1019.0,5.5,0.42857142857142855,2.5
2022-12-24,20.1,14.4,0.0,49.0,13.0,1021.1,5.700000000000001,0.2857142857142857,2.1000000000000227
2022-12-25,18.5,14.1,0.0,59.0,14.0,1022.3,4.4,0.14285714285714285,1.1999999999999318
2022-12-26,18.8,14.3,0.0,65.0,7.0,1022.8,4.5,0.0,0.5
2022-12-27,18.8,14.9,0.0,70.0,13.0,1022.7,3.9000000000000004,0.0,-0.09999999999990905
2022-12-28,20.6,14.7,0.0,68.0,23.0,1022.6,5.900000000000002,0.0,-0.10000000000002274
2022-12-30,17.3,12.4,0.0,62.0,12.0,1025.1,4.9,0.0,2.4999999999998863
2022-12-31,18.7,12.0,0.0,65.0,33.0,1024.7,6.699999999999999,0.0,-0.3999999999998636
2023-01-01,19.3,14.5,0.1,65.0,84.0,1023.3,4.800000000000001,0.14285714285714285,-1.400000000000091
2023-01-05,21.4,16.8,0.0,77.0,66.0,1023.4,4.599999999999998,0.14285714285714285,0.10000000000002274
2023-01-06,23.4,17.0,0.0,62.0,56.0,1022.6,6.399999999999999,0.14285714285714285,-0.7999999999999545
2023-01-07,21.3,17.9,0.0,59.0,83.0,1020.5,3.400000000000002,0.14285714285714285,-2.1000000000000227
2023-01-09,21.4,18.2,0.1,72.0,88.0,1019.5,3.1999999999999993,0.2857142857142857,-1.0
2023-01-10,19.0,17.6,5.5,91.0,91.0,1018.8,1.3999999999999986,0.42857142857142855,-0.7000000000000455
2023-01-11,19.1,17.0,3.2,87.0,92.0,1017.6,2.1000000000000014,0.5714285714285714,-1.1999999999999318
2023-01-12,19.6,17.5,0.5,88.0,89.0,1014.5,2.1000000000000014,0.5714285714285714,-3.1000000000000227
2023-01-13,23.9,18.9,4.5,93.0,88.0,1011.0,5.0,0.7142857142857143,-3.5
2023-01-14,24.7,20.0,3.4,90.0,62.0,1009.4,4.699999999999999,0.8571428571428571,-1.6000000000000227
2023-01-16,13.2,11.3,0.0,66.0,88.0,1021.6,1.8999999999999986,0.8571428571428571,12.200000000000045
2023-01-17,15.2,11.0,0.0,71.0,85.0,1023.6,4.199999999999999,0.7142857142857143,2.0
2023-01-18,17.1,11.5,0.0,58.0,41.0,1024.1,5.600000000000001,0.5714285714285714,0.4999999999998863
2023-01-19,18.7,13.3,0.0,63.0,23.0,1022.3,5.399999999999999,0.42857142857142855,-1.7999999999999545
2023-01-22,22.4,16.6,0.6,83.0,62.0,1016.5,5.799999999999997,0.42857142857142855,-5.7999999999999545
2023-01-23,21.1,16.9,0.0,86.0,66.0,1016.2,4.200000000000003,0.2857142857142857,-0.2999999999999545
2023-01-24,18.7,12.0,0.3,51.0,44.0,1024.5,6.699999999999999,0.2857142857142857,8.299999999999955
2023-01-25,14.4,10.6,0.0,54.0,80.0,1023.1,3.8000000000000007,0.2857142857142857,-1.3999999999999773
2023-01-26,18.6,13.0,0.0,66.0,85.0,1019.3,5.600000000000001,0.2857142857142857,-3.800000000000068
2023-01-27,17.3,12.4,0.0,46.0,84.0,1022.5,4.9,0.2857142857142857,3.2000000000000455
2023-01-28,15.7,10.6,0.0,28.0,20.0,1024.1,5.1,0.2857142857142857,1.599999999999909
2023-01-29,16.0,9.8,0.0,35.0,1.0,1023.7,6.199999999999999,0.14285714285714285,-0.3999999999998636
2023-01-30,18.8,11.7,0.0,48.0,8.0,1022.2,7.100000000000001,0.14285714285714285,-1.5
2023-01-31,20.1,13.8,0.0,61.0,52.0,1017.9,6.300000000000001,0.0,-4.300000000000068
2023-02-01,23.7,17.8,0.0,77.0,59.0,1015.6,5.899999999999999,0.0,-2.2999999999999545
2023-02-02,21.2,17.9,0.0,77.0,56.0,1018.2,3.3000000000000007,0.0,2.6000000000000227
2023-02-03,19.9,16.7,0.0,76.0,88.0,1018.6,3.1999999999999993,0.0,0.39999999999997726
2023-02-04,19.1,16.6,0.4,81.0,88.0,1017.4,2.5,0.14285714285714285,-1.2000000000000455
2023-02-06,21.1,17.9,0.1,85.0,88.0,1014.6,3.200000000000003,0.2857142857142857,-2.7999999999999545
2023-02-09,23.5,16.9,0.1,83.0,83.0,1016.3,6.600000000000001,0.42857142857142855,1.6999999999999318
2023-02-10,24.2,19.5,0.1,87.0,86.0,1014.9,4.699999999999999,0.5714285714285714,-1.3999999999999773
2023-02-11,20.2,17.8,0.9,93.0,92.0,1014.6,2.3999999999999986,0.7142857142857143,-0.2999999999999545
2023-02-14,20.7,16.6,0.0,64.0,84.0,1018.8,4.099999999999998,0.7142857142857143,4.199999999999932
2023-02-15,20.3,13.1,0.0,60.0,42.0,1023.5,7.200000000000001,0.7142857142857143,4.7000000000000455
2023-02-16,19.9,14.5,0.0,62.0,83.0,1024.7,5.399999999999999,0.5714285714285714,1.2000000000000455
2023-02-17,24.0,15.6,0.0,70.0,32.0,1021.2,8.4,0.42857142857142855,-3.5
2023-02-18,25.1,18.0,0.0,67.0,73.0,1018.2,7.100000000000001,0.2857142857142857,-3.0
2023-02-20,24.1,18.2,0.0,64.0,58.0,1019.2,5.900000000000002,0.14285714285714285,1.0
2023-02-21,20.5,16.1,0.0,62.0,48.0,1022.6,4.399999999999999,0.0,3.3999999999999773
2023-02-22,20.4,14.8,0.0,61.0,13.0,1022.2,5.599999999999998,0.0,-0.39999999999997726
2023-02-23,22.9,15.4,0.0,70.0,21.0,1018.6,7.499999999999998,0.0,-3.6000000000000227
2023-02-24,23.4,17.0,0.0,67.0,13.0,1018.9,6.399999999999999,0.0,0.2999999999999545
2023-02-25,21.0,14.8,0.0,54.0,32.0,1026.5,6.199999999999999,0.0,7.600000000000023
2023-02-26,21.2,14.4,0.0,58.0,39.0,1029.2,6.799999999999999,0.0,2.7000000000000455
2023-02-27,20.1,14.2,0.0,60.0,8.0,1027.4,5.900000000000002,0.0,-1.7999999999999545
2023-02-28,22.3,14.9,0.0,71.0,25.0,1024.0,7.4,0.0,-3.400000000000091
2023-03-01,24.4,16.4,0.0,71.0,6.0,1021.5,8.0,0.0,-2.5
2023-03-02,23.2,17.8,0.0,70.0,28.0,1023.8,5.399999999999999,0.0,2.2999999999999545
2023-03-03,22.4,16.5,0.0,56.0,11.0,1024.9,5.899999999999999,0.0,1.1000000000001364
2023-03-04,23.8,17.3,0.0,65.0,49.0,1024.4,6.5,0.0,-0.5
2023-03-05,23.5,17.3,0.0,57.0,9.0,1023.6,6.199999999999999,0.0,-0.8000000000000682
2023-03-06,24.1,17.4,0.0,50.0,9.0,1022.4,6.700000000000003,0.0,-1.2000000000000455
2023-03-07,24.1,17.7,0.0,56.0,7.0,1020.9,6.400000000000002,0.0,-1.5
2023-03-08,25.7,19.1,0.0,77.0,34.0,1019.7,6.599999999999998,0.0,-1.1999999999999318
2023-03-09,27.0,19.5,0.0,75.0,37.0,1017.7,7.5,0.0,-2.0
2023-03-10,26.6,20.3,0.0,68.0,23.0,1017.6,6.300000000000001,0.0,-0.10000000000002274
2023-03-11,26.0,19.9,0.0,67.0,32.0,1018.3,6.100000000000001,0.0,0.6999999999999318
2023-03-12,25.6,20.2,0.1,71.0,70.0,1018.9,5.400000000000002,0.14285714285714285,0.6000000000000227
2023-03-14,22.9,18.7,0.0,73.0,68.0,1016.8,4.199999999999999,0.14285714285714285,-2.1000000000000227
2023-03-15,24.5,18.7,0.0,77.0,42.0,1017.4,5.800000000000001,0.14285714285714285,0.6000000000000227
2023-03-17,26.1,20.0,0.5,83.0,66.0,1016.8,6.100000000000001,0.2857142857142857,-0.6000000000000227
2023-03-18,26.8,19.8,0.0,80.0,76.0,1015.5,7.0,0.2857142857142857,-1.2999999999999545
2023-03-19,21.9,20.0,0.6,86.0,88.0,1015.2,1.8999999999999986,0.42857142857142855,-0.2999999999999545
2023-03-20,24.4,20.1,0.3,88.0,90.0,1012.0,4.299999999999997,0.5714285714285714,-3.2000000000000455
2023-03-23,26.3,24.1,0.0,81.0,91.0,1008.6,2.1999999999999993,0.42857142857142855,-3.3999999999999773
2023-03-24,29.0,23.3,0.0,80.0,79.0,1011.4,5.699999999999999,0.42857142857142855,2.7999999999999545
2023-03-25,26.4,20.9,53.5,89.0,88.0,1013.1,5.5,0.5714285714285714,1.7000000000000455
2023-03-26,21.6,20.0,5.9,91.0,89.0,1014.0,1.6000000000000014,0.5714285714285714,0.8999999999999773
2023-03-27,20.0,17.5,6.3,86.0,94.0,1016.2,2.5,0.7142857142857143,2.2000000000000455
2023-03-29,21.8,18.4,0.9,86.0,93.0,1015.4,3.400000000000002,0.7142857142857143,-0.8000000000000682
2023-03-30,21.4,19.8,0.3,89.0,98.0,1012.9,1.5999999999999979,0.7142857142857143,-2.5
2023-03-31,21.1,19.6,1.9,92.0,99.0,1013.3,1.5,0.8571428571428571,0.39999999999997726
2023-04-01,22.4,19.3,0.7,89.0,93.0,1012.7,3.099999999999998,1.0,-0.599999999999909
2023-04-02,21.6,20.5,0.7,92.0,96.0,1012.2,1.1000000000000014,1.0,-0.5
2023-04-03,21.5,20.3,2.1,90.0,98.0,1011.8,1.1999999999999993,1.0,-0.40000000000009095
2023-04-04,25.9,20.6,4.0,90.0,91.0,1009.3,5.299999999999997,1.0,-2.5
2023-04-05,26.3,24.3,0.4,89.0,88.0,1009.5,2.0,1.0,0.20000000000004547
2023-04-06,28.4,20.2,5.9,87.0,87.0,1011.0,8.2,1.0,1.5
2023-04-07,25.9,19.4,4.4,74.0,88.0,1015.2,6.5,1.0,4.2000000000000455
2023-04-09,21.7,18.0,2.6,72.0,80.0,1018.4,3.6999999999999993,1.0,3.199999999999932
2023-04-10,23.3,19.9,0.0,80.0,88.0,1014.9,3.400000000000002,0.8571428571428571,-3.5
2023-04-11,28.1,21.9,0.0,81.0,66.0,1012.9,6.200000000000003,0.7142857142857143,-2.0
2023-04-12,29.2,22.0,0.0,76.0,40.0,1012.3,7.199999999999999,0.5714285714285714,-0.6000000000000227
2023-04-13,26.3,21.6,0.0,78.0,82.0,1012.8,4.699999999999999,0.42857142857142855,0.5
2023-04-14,28.9,22.5,0.0,80.0,81.0,1010.8,6.399999999999999,0.2857142857142857,-2.0
2023-04-15,30.6,23.4,0.0,70.0,64.0,1009.3,7.200000000000003,0.14285714285714285,-1.5
2023-04-16,30.8,24.1,0.0,69.0,18.0,1009.5,6.699999999999999,0.0,0.20000000000004547
2023-04-19,27.7,21.6,26.5,81.0,87.0,1005.1,6.099999999999998,0.14285714285714285,-4.399999999999977
2023-04-20,25.1,23.2,18.2,94.0,97.0,1004.1,1.9000000000000021,0.2857142857142857,-1.0
2023-04-21,25.3,23.3,4.3,90.0,93.0,1007.3,2.0,0.42857142857142855,3.199999999999932
2023-04-22,23.9,22.5,0.7,89.0,88.0,1010.5,1.3999999999999986,0.5714285714285714,3.2000000000000455
2023-04-23,23.7,22.4,0.4,91.0,93.0,1013.3,1.3000000000000007,0.7142857142857143,2.7999999999999545
2023-04-24,24.3,22.9,1.0,89.0,90.0,1014.2,1.4000000000000021,0.8571428571428571,0.900000000000091
2023-04-25,23.7,20.4,4.4,91.0,91.0,1013.9,3.3000000000000007,1.0,-0.3000000000000682
2023-04-26,24.8,19.4,0.0,73.0,83.0,1014.6,5.400000000000002,0.8571428571428571,0.7000000000000455
2023-04-27,24.7,21.5,0.3,80.0,87.0,1015.2,3.1999999999999993,0.8571428571428571,0.6000000000000227
2023-04-28,27.6,21.8,0.9,84.0,71.0,1013.8,5.800000000000001,0.8571428571428571,-1.400000000000091
2023-04-30,27.8,22.7,0.0,73.0,84.0,1012.1,5.100000000000001,0.7142857142857143,-1.6999999999999318
2023-05-01,26.1,23.0,0.3,78.0,87.0,1014.2,3.1000000000000014,0.7142857142857143,2.1000000000000227
2023-05-02,26.9,22.7,0.0,74.0,81.0,1015.2,4.199999999999999,0.5714285714285714,1.0
2023-05-03,29.1,23.6,0.1,84.0,79.0,1013.4,5.5,0.5714285714285714,-1.8000000000000682
2023-05-04,31.0,25.4,0.0,84.0,74.0,1008.8,5.600000000000001,0.5714285714285714,-4.600000000000023
2023-05-05,30.2,25.5,0.0,80.0,66.0,1005.8,4.699999999999999,0.42857142857142855,-3.0
2023-05-06,29.7,26.9,0.0,82.0,85.0,1004.4,2.8000000000000007,0.2857142857142857,-1.3999999999999773
2023-05-07,30.3,23.4,35.5,86.0,88.0,1006.0,6.900000000000002,0.42857142857142855,1.6000000000000227
2023-05-08,24.8,21.9,39.2,88.0,88.0,1011.0,2.900000000000002,0.42857142857142855,5.0
2023-05-09,26.5,22.3,0.1,78.0,82.0,1013.2,4.199999999999999,0.5714285714285714,2.2000000000000455
2023-05-10,25.3,23.0,0.0,70.0,88.0,1013.7,2.3000000000000007,0.42857142857142855,0.5
2023-05-11,25.8,22.2,0.5,76.0,88.0,1014.7,3.6000000000000014,0.5714285714285714,1.0
2023-05-13,25.3,22.3,9.5,85.0,89.0,1013.8,3.0,0.7142857142857143,-0.900000000000091
2023-05-14,23.1,20.2,39.9,93.0,94.0,1011.6,2.900000000000002,0.8571428571428571,-2.199999999999932
2023-05-15,27.1,21.9,0.1,84.0,83.0,1010.4,5.200000000000003,0.8571428571428571,-1.2000000000000455
2023-05-16,27.3,23.1,0.4,87.0,81.0,1009.6,4.199999999999999,0.8571428571428571,-0.7999999999999545
2023-05-17,28.9,23.7,32.7,89.0,88.0,1007.9,5.199999999999999,0.8571428571428571,-1.7000000000000455
2023-05-18,31.4,27.5,0.0,83.0,63.0,1006.9,3.8999999999999986,0.8571428571428571,-1.0
2023-05-19,31.3,27.4,0.0,82.0,67.0,1007.7,3.900000000000002,0.7142857142857143,0.8000000000000682
2023-05-21,32.2,28.0,1.5,79.0,78.0,1009.0,4.200000000000003,0.7142857142857143,1.2999999999999545
2023-05-22,33.0,28.1,0.0,76.0,83.0,1008.1,4.899999999999999,0.5714285714285714,-0.8999999999999773
2023-05-23,29.2,24.4,8.3,88.0,93.0,1009.1,4.800000000000001,0.5714285714285714,1.0
2023-05-24,28.2,23.3,14.5,88.0,93.0,1010.5,4.899999999999999,0.5714285714285714,1.3999999999999773
2023-05-26,30.9,26.4,0.2,87.0,85.0,1011.9,4.5,0.5714285714285714,1.3999999999999773
2023-05-27,32.3,26.7,0.0,81.0,60.0,1010.4,5.599999999999998,0.5714285714285714,-1.5
2023-05-29,32.3,26.3,0.0,73.0,18.0,1008.0,5.9999999999999964,0.5714285714285714,-2.3999999999999773
2023-05-30,34.6,28.0,0.0,74.0,14.0,1004.0,6.600000000000001,0.42857142857142855,-4.0
2023-06-01,31.6,26.2,6.0,79.0,71.0,1002.8,5.400000000000002,0.5714285714285714,-1.2000000000000455
2023-06-02,35.2,28.2,0.0,76.0,48.0,1004.8,7.0000000000000036,0.42857142857142855,2.0
2023-06-03,34.9,28.9,0.6,76.0,47.0,1007.6,6.0,0.42857142857142855,2.800000000000068
2023-06-04,32.7,27.9,5.1,81.0,65.0,1008.4,4.800000000000004,0.42857142857142855,0.7999999999999545
2023-06-05,32.9,27.7,4.8,79.0,83.0,1007.9,5.199999999999999,0.5714285714285714,-0.5
2023-06-06,30.2,26.8,31.1,87.0,90.0,1007.8,3.3999999999999986,0.7142857142857143,-0.10000000000002274
2023-06-07,31.5,27.0,27.1,88.0,85.0,1008.7,4.5,0.8571428571428571,0.900000000000091
2023-06-08,33.1,27.4,2.6,82.0,79.0,1007.1,5.700000000000003,0.8571428571428571,-1.6000000000000227
2023-06-09,32.0,26.7,16.8,83.0,86.0,1004.2,5.300000000000001,1.0,-2.8999999999999773
2023-06-10,33.0,28.0,0.3,79.0,85.0,1001.9,5.0,1.0,-2.300000000000068
2023-06-11,32.5,27.3,25.4,83.0,86.0,1001.6,5.199999999999999,1.0,-0.2999999999999545
2023-06-12,33.7,28.2,0.2,77.0,82.0,1001.9,5.5000000000000036,1.0,0.2999999999999545
2023-06-13,32.7,25.8,31.8,81.0,86.0,1002.6,6.900000000000002,1.0,0.7000000000000455
2023-06-14,29.6,25.1,62.8,88.0,92.0,1004.9,4.5,1.0,2.2999999999999545
2023-06-15,28.7,26.1,41.5,91.0,88.0,1005.1,2.599999999999998,1.0,0.20000000000004547
2023-06-16,28.1,25.2,41.7,92.0,90.0,1007.1,2.900000000000002,1.0,2.0
2023-06-17,28.0,25.3,89.9,94.0,90.0,1009.3,2.6999999999999993,1.0,2.199999999999932
2023-06-18,29.9,25.7,35.8,89.0,88.0,1008.9,4.199999999999999,1.0,-0.39999999999997726
2023-06-19,31.4,26.9,10.2,83.0,87.0,1007.5,4.5,1.0,-1.3999999999999773
2023-06-20,32.2,27.8,2.3,80.0,79.0,1007.0,4.400000000000002,1.0,-0.5
2023-06-21,32.2,28.7,1.9,79.0,85.0,1007.4,3.5000000000000036,1.0,0.39999999999997726
2023-06-22,32.4,29.0,0.6,77.0,88.0,1007.2,3.3999999999999986,1.0,-0.1999999999999318
2023-06-23,31.2,28.0,2.3,80.0,88.0,1006.5,3.1999999999999993,1.0,-0.7000000000000455
2023-06-24,31.0,27.4,8.2,85.0,88.0,1007.1,3.6000000000000014,1.0,0.6000000000000227
2023-06-25,32.9,26.1,13.0,83.0,88.0,1008.2,6.799999999999997,1.0,1.1000000000000227
2023-06-26,32.9,26.6,11.4,83.0,88.0,1008.5,6.299999999999997,1.0,0.2999999999999545
2023-06-28,31.3,26.9,5.4,86.0,84.0,1009.9,4.400000000000002,1.0,1.3999999999999773
2023-06-29,33.3,27.1,0.9,84.0,84.0,1006.9,6.199999999999996,1.0,-3.0
2023-06-30,32.5,26.5,11.2,82.0,83.0,1005.6,6.0,1.0,-1.2999999999999545
2023-07-01,30.9,26.2,4.7,82.0,85.0,1006.6,4.699999999999999,1.0,1.0
2023-07-02,29.3,26.2,15.6,89.0,88.0,1007.9,3.1000000000000014,1.0,1.2999999999999545
2023-07-03,32.4,27.0,3.6,83.0,82.0,1008.8,5.399999999999999,1.0,0.8999999999999773
2023-07-04,32.0,26.7,10.6,82.0,87.0,1008.7,5.300000000000001,1.0,-0.09999999999990905
2023-07-07,33.4,29.0,0.3,76.0,71.0,1009.7,4.399999999999999,1.0,1.0
2023-07-08,33.2,28.8,0.0,76.0,48.0,1010.4,4.400000000000002,0.8571428571428571,0.6999999999999318
2023-07-10,33.7,28.9,0.0,75.0,40.0,1008.5,4.800000000000004,0.7142857142857143,-1.8999999999999773
2023-07-11,33.6,28.9,0.0,76.0,42.0,1008.4,4.700000000000003,0.5714285714285714,-0.10000000000002274
2023-07-12,34.5,28.9,0.0,74.0,40.0,1008.2,5.600000000000001,0.42857142857142855,-0.1999999999999318
2023-07-13,34.8,28.6,0.0,71.0,58.0,1006.8,6.199999999999996,0.2857142857142857,-1.400000000000091
2023-07-14,33.8,28.5,0.0,71.0,68.0,1004.4,5.299999999999997,0.14285714285714285,-2.3999999999999773
2023-07-15,34.5,28.2,2.5,74.0,83.0,1000.8,6.300000000000001,0.14285714285714285,-3.6000000000000227
2023-07-16,33.3,27.2,4.9,75.0,87.0,997.7,6.099999999999998,0.2857142857142857,-3.099999999999909
2023-07-17,29.4,27.2,29.0,85.0,88.0,997.5,2.1999999999999993,0.42857142857142855,-0.20000000000004547
2023-07-18,31.1,27.5,10.9,86.0,88.0,1004.5,3.6000000000000014,0.5714285714285714,7.0
2023-07-19,30.3,27.3,3.9,88.0,88.0,1007.5,3.0,0.7142857142857143,3.0
2023-07-20,33.6,26.8,4.8,80.0,84.0,1008.5,6.800000000000001,0.8571428571428571,1.0
2023-07-22,34.0,28.3,0.0,76.0,77.0,1010.8,5.699999999999999,0.8571428571428571,2.2999999999999545
2023-07-24,34.6,28.4,0.0,76.0,62.0,1007.7,6.200000000000003,0.7142857142857143,-3.099999999999909
2023-07-25,33.4,28.4,0.0,73.0,56.0,1006.3,5.0,0.5714285714285714,-1.400000000000091
2023-07-26,35.5,29.3,0.0,72.0,78.0,1002.3,6.199999999999999,0.42857142857142855,-4.0
2023-07-27,36.1,28.4,6.9,67.0,77.0,997.7,7.700000000000003,0.42857142857142855,-4.599999999999909
2023-07-28,34.7,28.9,0.0,72.0,86.0,996.8,5.800000000000004,0.2857142857142857,-0.900000000000091
2023-07-29,31.5,27.2,21.0,84.0,91.0,1002.3,4.300000000000001,0.2857142857142857,5.5
2023-07-30,32.1,27.5,10.0,87.0,88.0,1005.4,4.600000000000001,0.42857142857142855,3.1000000000000227
2023-07-31,32.5,26.5,46.5,84.0,85.0,1006.3,6.0,0.5714285714285714,0.8999999999999773
2023-08-02,34.6,27.9,0.0,70.0,52.0,1003.7,6.700000000000003,0.5714285714285714,-2.599999999999909
2023-08-03,35.1,27.9,0.0,73.0,43.0,1002.8,7.200000000000003,0.5714285714285714,-0.900000000000091
2023-08-04,33.5,28.3,2.6,77.0,86.0,1004.7,5.199999999999999,0.5714285714285714,1.900000000000091
2023-08-05,33.0,28.3,5.9,79.0,84.0,1004.5,4.699999999999999,0.7142857142857143,-0.20000000000004547
2023-08-07,32.4,28.0,1.6,76.0,69.0,1001.8,4.399999999999999,0.7142857142857143,-2.7000000000000455
2023-08-08,33.3,28.9,0.0,74.0,69.0,1003.6,4.399999999999999,0.5714285714285714,1.8000000000000682
2023-08-10,32.1,27.5,11.1,82.0,86.0,1004.7,4.600000000000001,0.5714285714285714,1.1000000000000227
2023-08-11,30.1,25.7,26.4,85.0,85.0,1003.5,4.400000000000002,0.7142857142857143,-1.2000000000000455
2023-08-12,32.1,26.6,0.9,79.0,86.0,1003.5,5.5,0.8571428571428571,0.0
2023-08-13,29.6,26.1,34.2,84.0,87.0,1003.7,3.5,0.8571428571428571,0.20000000000004547
2023-08-14,32.2,27.0,3.6,82.0,88.0,1005.2,5.200000000000003,0.8571428571428571,1.5
2023-08-16,34.0,28.8,0.0,78.0,70.0,1006.8,5.199999999999999,0.7142857142857143,1.599999999999909
2023-08-18,30.6,27.2,9.3,86.0,88.0,1004.0,3.400000000000002,0.8571428571428571,-2.7999999999999545
2023-08-19,30.6,27.3,0.3,84.0,88.0,1005.7,3.3000000000000007,0.8571428571428571,1.7000000000000455
2023-08-20,31.5,28.4,0.6,80.0,86.0,1007.7,3.1000000000000014,0.8571428571428571,2.0
2023-08-21,32.1,28.2,0.2,82.0,86.0,1007.8,3.900000000000002,0.8571428571428571,0.09999999999990905
2023-08-22,33.0,28.0,0.3,79.0,88.0,1006.1,5.0,0.8571428571428571,-1.6999999999999318
2023-08-23,33.5,28.2,0.3,78.0,86.0,1005.3,5.300000000000001,0.8571428571428571,-0.8000000000000682
2023-08-24,31.4,27.5,5.7,85.0,88.0,1006.7,3.8999999999999986,1.0,1.400000000000091
2023-08-25,30.9,28.2,0.2,83.0,77.0,1006.8,2.6999999999999993,1.0,0.09999999999990905
2023-08-26,32.8,27.9,0.0,83.0,88.0,1005.2,4.899999999999999,0.8571428571428571,-1.599999999999909
2023-08-27,31.9,26.4,2.2,84.0,87.0,1003.2,5.5,0.8571428571428571,-2.0
2023-08-28,33.4,28.1,0.5,81.0,88.0,1002.6,5.299999999999997,0.8571428571428571,-0.6000000000000227
2023-08-29,32.6,26.8,34.4,83.0,87.0,1003.5,5.800000000000001,0.8571428571428571,0.8999999999999773
2023-08-30,32.0,26.7,0.0,72.0,83.0,1003.9,5.300000000000001,0.7142857142857143,0.39999999999997726
2023-08-31,32.1,27.7,0.4,70.0,88.0,1002.7,4.400000000000002,0.7142857142857143,-1.1999999999999318
2023-09-01,28.7,25.0,98.9,81.0,92.0,996.3,3.6999999999999993,0.7142857142857143,-6.400000000000091
2023-09-02,27.2,25.2,80.4,92.0,95.0,1000.1,2.0,0.8571428571428571,3.800000000000068
2023-09-03,33.7,27.0,0.1,76.0,88.0,1001.9,6.700000000000003,0.8571428571428571,1.7999999999999545
2023-09-05,31.0,27.7,0.4,73.0,88.0,1003.6,3.3000000000000007,0.8571428571428571,1.7000000000000455
2023-09-06,32.1,27.8,0.0,72.0,88.0,1005.4,4.300000000000001,0.7142857142857143,1.7999999999999545
2023-09-07,29.7,25.5,215.7,89.0,89.0,1006.3,4.199999999999999,0.8571428571428571,0.8999999999999773
2023-09-08,26.3,25.0,425.0,94.0,96.0,1007.9,1.3000000000000007,0.8571428571428571,1.6000000000000227
2023-09-09,26.6,25.5,9.8,92.0,88.0,1008.2,1.1000000000000014,0.8571428571428571,0.3000000000000682
2023-09-10,26.5,24.8,67.4,93.0,90.0,1008.3,1.6999999999999993,0.8571428571428571,0.09999999999990905
2023-09-11,28.2,25.6,20.5,93.0,89.0,1007.3,2.599999999999998,0.8571428571428571,-1.0
2023-09-12,29.4,26.0,0.9,89.0,83.0,1006.5,3.3999999999999986,0.8571428571428571,-0.7999999999999545
2023-09-13,30.4,26.8,2.5,88.0,87.0,1006.6,3.599999999999998,1.0,0.10000000000002274
2023-09-14,28.2,25.6,103.5,92.0,88.0,1007.7,2.599999999999998,1.0,1.1000000000000227
2023-09-15,30.6,25.2,28.5,89.0,88.0,1009.5,5.400000000000002,1.0,1.7999999999999545
2023-09-16,28.8,25.4,4.3,89.0,88.0,1011.1,3.400000000000002,1.0,1.6000000000000227
2023-09-17,31.7,26.8,0.0,85.0,79.0,1010.9,4.899999999999999,0.8571428571428571,-0.20000000000004547
2023-09-18,32.7,27.4,0.0,80.0,57.0,1011.4,5.300000000000004,0.7142857142857143,0.5
2023-09-19,33.5,27.3,0.0,79.0,48.0,1011.9,6.199999999999999,0.5714285714285714,0.5
2023-09-20,32.9,27.5,0.0,76.0,28.0,1011.0,5.399999999999999,0.42857142857142855,-0.8999999999999773
2023-09-21,33.6,27.6,0.0,77.0,28.0,1010.5,6.0,0.2857142857142857,-0.5
2023-09-23,33.7,28.3,0.0,74.0,52.0,1010.5,5.400000000000002,0.14285714285714285,0.0
2023-09-24,33.1,28.5,0.0,75.0,76.0,1009.9,4.600000000000001,0.0,-0.6000000000000227
2023-09-25,33.1,27.9,1.5,76.0,55.0,1010.1,5.200000000000003,0.14285714285714285,0.20000000000004547
2023-09-26,33.4,28.3,0.0,75.0,52.0,1010.7,5.099999999999998,0.14285714285714285,0.6000000000000227
2023-09-28,33.6,28.7,0.0,71.0,73.0,1011.6,4.900000000000002,0.14285714285714285,0.8999999999999773
2023-09-29,33.7,26.7,7.7,78.0,59.0,1012.0,7.0000000000000036,0.2857142857142857,0.39999999999997726
2023-09-30,33.6,28.2,0.0,75.0,44.0,1010.4,5.400000000000002,0.2857142857142857,-1.6000000000000227
2023-10-01,34.0,28.0,0.0,77.0,68.0,1009.8,6.0,0.2857142857142857,-0.6000000000000227
2023-10-02,32.3,27.9,0.4,76.0,64.0,1011.3,4.399999999999999,0.42857142857142855,1.5
2023-10-04,34.6,28.3,0.0,73.0,74.0,1009.0,6.300000000000001,0.2857142857142857,-2.2999999999999545
2023-10-05,34.1,28.5,0.0,58.0,82.0,1007.3,5.600000000000001,0.2857142857142857,-1.7000000000000455
2023-10-07,27.2,23.5,1.9,74.0,88.0,1008.1,3.6999999999999993,0.42857142857142855,0.8000000000000682
2023-10-08,25.1,22.7,92.2,87.0,95.0,1008.1,2.400000000000002,0.42857142857142855,0.0
2023-10-09,25.0,23.4,369.7,94.0,100.0,1013.2,1.6000000000000014,0.5714285714285714,5.100000000000023
2023-10-10,26.9,23.8,2.3,83.0,91.0,1015.6,3.099999999999998,0.7142857142857143,2.3999999999999773
2023-10-11,29.2,23.7,0.0,75.0,83.0,1016.9,5.5,0.5714285714285714,1.2999999999999545
2023-10-12,29.2,23.5,0.0,72.0,79.0,1017.6,5.699999999999999,0.5714285714285714,0.7000000000000455
2023-10-13,30.2,24.8,0.0,67.0,81.0,1015.5,5.399999999999999,0.5714285714285714,-2.1000000000000227
2023-10-14,30.0,24.7,0.0,66.0,70.0,1013.2,5.300000000000001,0.42857142857142855,-2.2999999999999545
2023-10-15,29.9,25.1,0.1,72.0,86.0,1013.3,4.799999999999997,0.42857142857142855,0.09999999999990905
2023-10-16,28.9,25.4,0.0,70.0,88.0,1014.9,3.5,0.2857142857142857,1.6000000000000227
2023-10-18,25.4,23.4,38.3,85.0,95.0,1015.2,2.0,0.2857142857142857,0.3000000000000682
2023-10-19,26.0,24.6,27.9,91.0,96.0,1014.7,1.3999999999999986,0.42857142857142855,-0.5
2023-10-20,27.6,24.6,0.2,82.0,88.0,1015.2,3.0,0.5714285714285714,0.5
2023-10-24,30.1,24.8,0.0,76.0,50.0,1016.3,5.300000000000001,0.5714285714285714,1.099999999999909
2023-10-25,29.7,25.3,0.0,80.0,57.0,1015.5,4.399999999999999,0.5714285714285714,-0.7999999999999545
2023-10-26,29.2,24.8,0.0,78.0,59.0,1014.6,4.399999999999999,0.42857142857142855,-0.8999999999999773
2023-10-27,29.6,24.9,0.0,81.0,74.0,1014.0,4.700000000000003,0.42857142857142855,-0.6000000000000227
2023-10-28,27.7,24.2,9.5,85.0,87.0,1014.8,3.5,0.42857142857142855,0.7999999999999545
2023-10-29,27.1,24.1,3.5,79.0,84.0,1016.1,3.0,0.42857142857142855,1.3000000000000682
2023-10-31,28.6,24.1,0.0,70.0,54.0,1018.4,4.5,0.2857142857142857,2.2999999999999545
2023-11-01,29.1,23.6,0.0,70.0,36.0,1017.7,5.5,0.2857142857142857,-0.6999999999999318
2023-11-02,28.4,24.4,0.0,75.0,56.0,1015.5,4.0,0.2857142857142857,-2.2000000000000455
2023-11-03,29.1,24.3,0.0,78.0,42.0,1013.6,4.800000000000001,0.2857142857142857,-1.8999999999999773
2023-11-04,29.4,24.7,0.0,76.0,34.0,1013.9,4.699999999999999,0.2857142857142857,0.2999999999999545
2023-11-05,30.1,25.0,0.0,77.0,38.0,1014.4,5.100000000000001,0.14285714285714285,0.5
2023-11-06,30.7,25.3,0.0,65.0,31.0,1015.1,5.399999999999999,0.0,0.7000000000000455
2023-11-07,26.8,25.3,0.0,70.0,80.0,1016.5,1.5,0.0,1.3999999999999773
2023-11-08,26.0,24.7,0.0,77.0,88.0,1015.8,1.3000000000000007,0.0,-0.7000000000000455
2023-11-10,29.3,25.6,0.0,82.0,83.0,1016.0,3.6999999999999993,0.0,0.20000000000004547
2023-11-11,26.5,24.8,2.5,85.0,88.0,1017.7,1.6999999999999993,0.14285714285714285,1.7000000000000455
2023-11-12,26.6,22.0,0.6,77.0,84.0,1020.2,4.600000000000001,0.2857142857142857,2.5
2023-11-13,25.2,20.3,0.0,67.0,79.0,1022.7,4.899999999999999,0.2857142857142857,2.5
2023-11-14,23.9,18.9,0.0,70.0,79.0,1022.6,5.0,0.2857142857142857,-0.10000000000002274
2023-11-15,25.2,20.7,0.0,71.0,67.0,1021.7,4.5,0.2857142857142857,-0.8999999999999773
2023-11-16,24.0,17.3,0.0,65.0,66.0,1023.6,6.699999999999999,0.2857142857142857,1.8999999999999773
2023-11-17,21.9,15.6,0.0,37.0,9.0,1023.9,6.299999999999999,0.2857142857142857,0.2999999999999545
2023-11-18,23.0,16.6,0.0,42.0,21.0,1022.9,6.399999999999999,0.14285714285714285,-1.0
2023-11-19,23.3,18.5,0.0,59.0,42.0,1020.9,4.800000000000001,0.0,-2.0
2023-11-20,24.6,19.0,0.0,65.0,23.0,1019.4,5.600000000000001,0.0,-1.5
2023-11-21,24.6,20.3,0.0,70.0,18.0,1017.5,4.300000000000001,0.0,-1.8999999999999773
2023-11-22,25.7,20.5,0.0,73.0,26.0,1016.3,5.199999999999999,0.0,-1.2000000000000455
2023-11-23,26.3,20.5,0.0,74.0,42.0,1016.4,5.800000000000001,0.0,0.10000000000002274
2023-11-24,25.0,21.5,0.0,67.0,36.0,1019.6,3.5,0.0,3.2000000000000455
2023-11-25,24.3,20.0,0.0,66.0,19.0,1021.0,4.300000000000001,0.0,1.3999999999999773
2023-11-26,25.3,19.8,0.0,68.0,20.0,1020.1,5.5,0.0,-0.8999999999999773
2023-11-27,26.7,20.2,0.0,68.0,14.0,1018.1,6.5,0.0,-2.0
2023-11-29,24.0,21.2,0.2,73.0,85.0,1018.7,2.8000000000000007,0.14285714285714285,0.6000000000000227
2023-11-30,26.0,21.9,0.0,73.0,79.0,1019.9,4.100000000000001,0.14285714285714285,1.1999999999999318
2023-12-01,23.2,19.6,0.0,69.0,85.0,1021.5,3.599999999999998,0.14285714285714285,1.6000000000000227
2023-12-02,21.5,18.2,0.0,70.0,79.0,1021.7,3.3000000000000007,0.14285714285714285,0.20000000000004547
2023-12-05,24.1,19.7,0.0,73.0,57.0,1015.6,4.400000000000002,0.14285714285714285,-6.100000000000023
2023-12-07,25.1,18.4,0.0,47.0,30.0,1017.8,6.700000000000003,0.14285714285714285,2.199999999999932
2023-12-08,24.0,19.2,0.0,68.0,56.0,1016.7,4.800000000000001,0.14285714285714285,-1.099999999999909
2023-12-09,24.9,21.6,0.0,80.0,80.0,1014.6,3.299999999999997,0.0,-2.1000000000000227
2023-12-11,27.3,22.3,0.3,85.0,68.0,1014.6,5.0,0.14285714285714285,0.0
2023-12-12,28.7,22.3,0.3,80.0,42.0,1016.2,6.399999999999999,0.2857142857142857,1.6000000000000227
2023-12-15,26.9,23.2,0.0,81.0,79.0,1016.3,3.6999999999999993,0.2857142857142857,0.09999999999990905
2023-12-16,23.9,13.5,0.1,71.0,85.0,1020.5,10.399999999999999,0.42857142857142855,4.2000000000000455
2023-12-17,15.2,11.4,0.0,69.0,88.0,1024.9,3.799999999999999,0.42857142857142855,4.400000000000091
2023-12-19,19.0,14.7,0.0,75.0,72.0,1021.2,4.300000000000001,0.42857142857142855,-3.7000000000000455
2023-12-20,15.6,10.8,0.0,65.0,67.0,1023.3,4.799999999999999,0.42857142857142855,2.099999999999909
2023-12-21,12.3,9.8,0.0,65.0,86.0,1027.1,2.5,0.2857142857142857,3.7999999999999545
2023-12-22,12.3,8.6,0.0,51.0,88.0,1030.1,3.700000000000001,0.14285714285714285,3.0
2023-12-23,13.3,8.1,0.2,58.0,64.0,1029.9,5.200000000000001,0.2857142857142857,-0.1999999999998181
2023-12-24,16.5,10.1,0.0,52.0,23.0,1028.6,6.4,0.14285714285714285,-1.300000000000182
2023-12-25,18.2,12.1,0.0,51.0,50.0,1026.7,6.1,0.14285714285714285,-1.8999999999998636
2023-12-26,19.6,14.5,0.0,63.0,65.0,1025.2,5.100000000000001,0.14285714285714285,-1.5
2023-12-29,21.0,18.3,0.0,79.0,72.0,1021.1,2.6999999999999993,0.14285714285714285,-4.100000000000023
2023-12-31,25.7,19.0,0.0,73.0,59.0,1018.0,6.699999999999999,0.14285714285714285,-3.1000000000000227
2024-01-01,22.0,18.8,0.0,75.0,68.0,1019.9,3.1999999999999993,0.14285714285714285,1.8999999999999773
2024-01-02,20.5,17.8,0.0,76.0,59.0,1019.1,2.6999999999999993,0.0,-0.7999999999999545
2024-01-03,21.6,15.7,0.0,64.0,45.0,1020.0,5.900000000000002,0.0,0.8999999999999773
2024-01-04,19.6,15.4,0.0,67.0,29.0,1020.9,4.200000000000001,0.0,0.8999999999999773
2024-01-05,22.0,16.6,0.0,75.0,24.0,1020.2,5.399999999999999,0.0,-0.6999999999999318
2024-01-06,23.8,17.8,0.0,76.0,34.0,1020.1,6.0,0.0,-0.10000000000002274
2024-01-07,21.8,18.6,0.0,71.0,60.0,1021.0,3.1999999999999993,0.0,0.8999999999999773
2024-01-10,23.2,17.9,0.0,67.0,33.0,1018.6,5.300000000000001,0.0,-2.3999999999999773
2024-01-12,21.8,17.1,0.0,75.0,53.0,1019.1,4.699999999999999,0.0,0.5
2024-01-13,22.0,17.8,0.0,57.0,59.0,1019.9,4.199999999999999,0.0,0.7999999999999545
2024-01-14,23.8,18.5,0.0,56.0,48.0,1021.1,5.300000000000001,0.0,1.2000000000000455
2024-01-15,24.8,18.8,0.0,71.0,28.0,1021.2,6.0,0.0,0.10000000000002274
2024-01-16,20.5,17.5,0.0,75.0,74.0,1022.1,3.0,0.0,0.8999999999999773
2024-01-17,20.6,17.7,0.1,72.0,78.0,1020.4,2.900000000000002,0.14285714285714285,-1.7000000000000455
2024-01-18,24.2,19.1,0.0,74.0,47.0,1017.7,5.099999999999998,0.14285714285714285,-2.699999999999932
2024-01-19,24.2,19.2,0.0,76.0,25.0,1016.3,5.0,0.14285714285714285,-1.400000000000091
2024-01-20,24.6,19.5,0.0,75.0,50.0,1016.3,5.100000000000001,0.14285714285714285,0.0
2024-01-22,18.5,9.8,0.5,72.0,88.0,1023.3,8.7,0.2857142857142857,7.0
2024-01-23,10.4,6.3,2.7,75.0,88.0,1028.5,4.1000000000000005,0.42857142857142855,5.2000000000000455
2024-01-24,12.5,6.5,0.0,59.0,87.0,1029.2,6.0,0.42857142857142855,0.7000000000000455
2024-01-25,15.5,9.5,0.0,56.0,78.0,1028.7,6.0,0.2857142857142857,-0.5
2024-01-26,17.8,13.1,0.0,61.0,84.0,1027.3,4.700000000000001,0.2857142857142857,-1.400000000000091
2024-01-27,18.8,13.1,1.0,67.0,87.0,1025.8,5.700000000000001,0.42857142857142855,-1.5
2024-01-28,15.7,11.7,2.4,83.0,87.0,1026.4,4.0,0.5714285714285714,0.6000000000001364
2024-02-01,23.9,19.8,0.2,92.0,77.0,1018.0,4.099999999999998,0.5714285714285714,-8.400000000000091
2024-02-06,20.3,18.0,0.6,86.0,88.0,1019.6,2.3000000000000007,0.5714285714285714,1.6000000000000227
2024-02-08,14.8,11.6,2.2,84.0,88.0,1018.8,3.200000000000001,0.7142857142857143,-0.8000000000000682
2024-02-09,14.2,11.0,0.6,77.0,88.0,1023.5,3.1999999999999993,0.8571428571428571,4.7000000000000455
2024-02-10,18.6,11.3,0.5,72.0,55.0,1026.5,7.300000000000001,1.0,3.0
2024-02-11,22.8,13.6,0.0,60.0,14.0,1026.9,9.200000000000001,0.8571428571428571,0.40000000000009095
2024-02-12,21.2,15.5,0.0,55.0,20.0,1025.8,5.699999999999999,0.7142857142857143,-1.1000000000001364
2024-02-13,22.8,16.8,0.0,71.0,52.0,1023.2,6.0,0.5714285714285714,-2.599999999999909
2024-02-14,25.1,18.3,0.0,78.0,56.0,1020.2,6.800000000000001,0.42857142857142855,-3.0
2024-02-15,26.0,19.7,0.0,70.0,70.0,1019.0,6.300000000000001,0.2857142857142857,-1.2000000000000455
2024-02-18,23.6,19.9,0.0,87.0,85.0,1015.2,3.700000000000003,0.14285714285714285,-3.7999999999999545
2024-02-19,25.1,21.1,0.0,88.0,87.0,1015.1,4.0,0.0,-0.10000000000002274
2024-02-20,26.0,22.0,0.0,87.0,83.0,1014.7,4.0,0.0,-0.39999999999997726
2024-02-21,27.8,22.5,0.0,82.0,55.0,1014.5,5.300000000000001,0.0,-0.20000000000004547
2024-02-22,25.2,22.4,0.0,87.0,71.0,1016.6,2.8000000000000007,0.0,2.1000000000000227
2024-02-25,19.2,15.6,0.0,71.0,79.0,1020.7,3.5999999999999996,0.0,4.100000000000023
2024-03-02,14.1,9.6,0.3,74.0,88.0,1022.2,4.5,0.14285714285714285,1.5
2024-03-03,18.1,13.9,0.2,81.0,88.0,1017.3,4.200000000000001,0.2857142857142857,-4.900000000000091
2024-03-04,22.9,17.3,1.4,91.0,88.0,1012.3,5.599999999999998,0.42857142857142855,-5.0
2024-03-06,26.5,20.1,0.1,85.0,87.0,1010.6,6.399999999999999,0.5714285714285714,-1.6999999999999318
2024-03-08,22.4,15.7,0.2,64.0,69.0,1018.8,6.699999999999999,0.7142857142857143,8.199999999999932
2024-03-09,19.1,15.1,2.1,73.0,88.0,1019.4,4.000000000000002,0.8571428571428571,0.6000000000000227
2024-03-10,16.8,15.3,4.6,83.0,90.0,1021.0,1.5,1.0,1.6000000000000227
2024-03-11,18.6,16.0,11.7,91.0,82.0,1018.9,2.6000000000000014,1.0,-2.1000000000000227
2024-03-12,24.0,15.6,0.0,61.0,6.0,1018.8,8.4,0.8571428571428571,-0.10000000000002274
2024-03-14,22.0,18.6,0.0,71.0,87.0,1017.3,3.3999999999999986,0.7142857142857143,-1.5
2024-03-15,21.3,19.5,0.0,79.0,88.0,1017.2,1.8000000000000007,0.5714285714285714,-0.09999999999990905
2024-03-17,26.8,20.7,0.0,86.0,68.0,1016.4,6.100000000000001,0.42857142857142855,-0.8000000000000682
2024-03-18,23.0,19.8,0.6,92.0,83.0,1016.2,3.1999999999999993,0.42857142857142855,-0.1999999999999318
2024-03-19,24.6,19.5,0.3,69.0,65.0,1019.5,5.100000000000001,0.42857142857142855,3.2999999999999545
2024-03-20,24.3,18.3,0.0,54.0,41.0,1022.4,6.0,0.2857142857142857,2.8999999999999773
2024-03-23,29.1,22.1,0.0,84.0,86.0,1012.8,7.0,0.2857142857142857,-9.600000000000023
2024-03-24,31.5,24.5,0.0,77.0,65.0,1014.7,7.0,0.2857142857142857,1.900000000000091
2024-03-25,28.9,23.8,0.0,79.0,61.0,1014.5,5.099999999999998,0.2857142857142857,-0.20000000000004547
2024-03-26,30.3,23.7,0.0,79.0,54.0,1017.0,6.600000000000001,0.2857142857142857,2.5
2024-03-28,27.9,22.4,0.0,82.0,86.0,1013.9,5.5,0.14285714285714285,-3.1000000000000227
2024-03-31,27.8,26.0,0.1,84.0,88.0,1011.1,1.8000000000000007,0.14285714285714285,-2.7999999999999545
2024-04-02,28.9,25.9,0.0,80.0,87.0,1009.3,3.0,0.14285714285714285,-1.8000000000000682
2024-04-05,29.3,24.7,0.3,81.0,84.0,1011.9,4.600000000000001,0.2857142857142857,2.6000000000000227
2024-04-06,25.4,23.4,2.7,89.0,88.0,1012.1,2.0,0.42857142857142855,0.20000000000004547
2024-04-07,28.3,23.7,0.9,88.0,87.0,1010.6,4.600000000000001,0.5714285714285714,-1.5
2024-04-08,28.8,23.0,0.0,87.0,88.0,1012.3,5.800000000000001,0.5714285714285714,1.6999999999999318
2024-04-10,26.8,21.9,0.0,68.0,75.0,1017.2,4.900000000000002,0.5714285714285714,4.900000000000091
2024-04-11,27.7,22.8,0.0,77.0,52.0,1016.1,4.899999999999999,0.42857142857142855,-1.1000000000000227
2024-04-12,30.2,23.1,0.0,78.0,31.0,1013.5,7.099999999999998,0.42857142857142855,-2.6000000000000227
2024-04-13,31.9,24.3,0.0,77.0,46.0,1011.4,7.599999999999998,0.2857142857142857,-2.1000000000000227
2024-04-14,31.4,25.7,0.0,78.0,84.0,1012.0,5.699999999999999,0.14285714285714285,0.6000000000000227
2024-04-15,30.3,26.2,0.0,79.0,85.0,1013.0,4.100000000000001,0.0,1.0
2024-04-16,31.4,25.2,0.0,77.0,75.0,1011.1,6.199999999999999,0.0,-1.8999999999999773
2024-04-17,30.9,27.0,0.0,78.0,75.0,1009.9,3.8999999999999986,0.0,-1.2000000000000455
2024-04-18,29.5,24.1,8.6,80.0,85.0,1008.9,5.399999999999999,0.14285714285714285,-1.0
2024-04-19,29.9,26.1,2.2,80.0,88.0,1008.2,3.799999999999997,0.2857142857142857,-0.6999999999999318
2024-04-20,29.5,23.3,42.2,81.0,88.0,1008.0,6.199999999999999,0.42857142857142855,-0.20000000000004547
2024-04-21,27.2,21.5,81.6,90.0,90.0,1009.3,5.699999999999999,0.5714285714285714,1.2999999999999545
2024-04-22,26.9,23.3,13.2,90.0,87.0,1008.8,3.599999999999998,0.7142857142857143,-0.5
2024-04-23,27.2,24.6,40.0,91.0,91.0,1008.0,2.599999999999998,0.8571428571428571,-0.7999999999999545
2024-04-25,28.5,24.4,5.7,86.0,84.0,1007.1,4.100000000000001,1.0,-0.8999999999999773
2024-04-26,29.0,24.4,25.0,88.0,90.0,1004.3,4.600000000000001,1.0,-2.800000000000068
2024-04-27,30.2,27.7,0.8,85.0,88.0,1005.1,2.5,1.0,0.8000000000000682
2024-04-28,28.3,23.4,12.2,90.0,88.0,1008.9,4.900000000000002,1.0,3.7999999999999545
2024-04-29,29.9,25.3,0.0,85.0,88.0,1008.5,4.599999999999998,0.8571428571428571,-0.39999999999997726
2024-04-30,30.5,23.1,21.7,81.0,86.0,1005.0,7.399999999999999,0.8571428571428571,-3.5
2024-05-01,24.5,22.4,52.9,92.0,88.0,1008.4,2.1000000000000014,0.8571428571428571,3.3999999999999773
2024-05-02,25.6,23.7,1.1,88.0,88.0,1011.7,1.9000000000000021,0.8571428571428571,3.300000000000068
2024-05-04,25.4,22.4,75.1,93.0,88.0,1009.3,3.0,0.8571428571428571,-2.400000000000091
2024-05-05,28.3,22.8,5.3,86.0,79.0,1010.0,5.5,0.8571428571428571,0.7000000000000455
2024-05-06,31.9,24.6,0.0,82.0,53.0,1012.0,7.299999999999997,0.7142857142857143,2.0
2024-05-07,31.0,25.6,0.0,80.0,84.0,1013.4,5.399999999999999,0.7142857142857143,1.3999999999999773
2024-05-09,28.5,25.0,0.0,68.0,88.0,1015.3,3.5,0.5714285714285714,1.8999999999999773
2024-05-12,30.7,25.3,3.1,85.0,87.0,1011.7,5.399999999999999,0.5714285714285714,-3.599999999999909
2024-05-13,30.3,23.7,0.7,81.0,88.0,1011.6,6.600000000000001,0.5714285714285714,-0.10000000000002274
2024-05-14,29.2,23.1,0.0,64.0,40.0,1013.7,6.099999999999998,0.42857142857142855,2.1000000000000227
2024-05-15,30.5,23.6,0.0,62.0,64.0,1014.6,6.899999999999999,0.2857142857142857,0.8999999999999773
2024-05-16,29.2,24.6,0.0,60.0,55.0,1014.8,4.599999999999998,0.2857142857142857,0.1999999999999318
2024-05-19,26.3,24.1,17.5,83.0,88.0,1007.4,2.1999999999999993,0.42857142857142855,-7.399999999999977
2024-05-20,25.4,23.9,30.7,92.0,88.0,1006.8,1.5,0.5714285714285714,-0.6000000000000227
2024-05-21,26.2,24.1,45.3,95.0,91.0,1008.3,2.099999999999998,0.5714285714285714,1.5
2024-05-23,28.2,25.0,2.5,91.0,94.0,1009.4,3.1999999999999993,0.5714285714285714,1.1000000000000227
2024-05-24,26.4,24.6,17.6,92.0,92.0,1010.0,1.7999999999999972,0.7142857142857143,0.6000000000000227
2024-05-25,27.7,24.8,7.8,91.0,88.0,1010.1,2.8999999999999986,0.8571428571428571,0.10000000000002274
2024-05-26,30.2,25.7,0.3,87.0,88.0,1008.3,4.5,1.0,-1.8000000000000682
2024-05-27,29.9,27.3,6.7,85.0,88.0,1003.8,2.599999999999998,1.0,-4.5
2024-05-28,32.0,26.0,8.9,83.0,88.0,1002.9,6.0,1.0,-0.8999999999999773
2024-05-29,28.8,24.6,0.0,70.0,87.0,1005.8,4.199999999999999,0.8571428571428571,2.8999999999999773
2024-05-30,26.2,24.6,3.7,86.0,88.0,1005.9,1.5999999999999979,0.8571428571428571,0.10000000000002274
2024-05-31,29.8,25.8,13.4,91.0,88.0,1006.5,4.0,0.8571428571428571,0.6000000000000227
2024-06-01,29.8,25.6,54.2,88.0,89.0,1007.8,4.199999999999999,0.8571428571428571,1.2999999999999545
2024-06-02,30.3,25.8,3.2,84.0,86.0,1007.3,4.5,0.8571428571428571,-0.5
2024-06-03,28.2,23.8,8.6,91.0,88.0,1008.4,4.399999999999999,0.8571428571428571,1.1000000000000227
2024-06-04,24.9,22.9,2.9,86.0,88.0,1009.9,2.0,0.8571428571428571,1.5
2024-06-05,25.4,23.4,8.5,90.0,88.0,1010.2,2.0,1.0,0.3000000000000682
2024-06-07,26.6,25.1,1.6,92.0,94.0,1007.9,1.5,1.0,-2.300000000000068
2024-06-08,28.9,24.8,6.8,90.0,88.0,1006.9,4.099999999999998,1.0,-1.0
2024-06-09,27.5,25.3,33.5,93.0,86.0,1008.3,2.1999999999999993,1.0,1.3999999999999773
2024-06-10,30.7,26.5,0.2,85.0,86.0,1008.9,4.199999999999999,1.0,0.6000000000000227
2024-06-11,30.8,28.2,0.6,84.0,88.0,1008.1,2.6000000000000014,1.0,-0.7999999999999545
2024-06-12,31.8,28.1,8.3,83.0,88.0,1006.9,3.6999999999999993,1.0,-1.2000000000000455
2024-06-13,32.0,28.7,4.9,83.0,86.0,1004.7,3.3000000000000007,1.0,-2.199999999999932
2024-06-14,30.4,27.7,32.0,82.0,89.0,1004.1,2.6999999999999993,1.0,-0.6000000000000227
2024-06-15,30.0,25.0,28.3,86.0,88.0,1004.6,5.0,1.0,0.5
2024-06-16,30.9,26.1,17.5,86.0,88.0,1006.2,4.799999999999997,1.0,1.6000000000000227
2024-06-18,32.1,27.6,4.6,81.0,88.0,1005.9,4.5,1.0,-0.3000000000000682
2024-06-19,32.2,28.0,9.4,80.0,88.0,1005.7,4.200000000000003,1.0,-0.1999999999999318
2024-06-20,33.0,27.3,5.0,82.0,86.0,1005.6,5.699999999999999,1.0,-0.10000000000002274
2024-06-21,34.0,28.7,0.0,76.0,77.0,1006.0,5.300000000000001,0.8571428571428571,0.39999999999997726
2024-06-22,33.8,29.5,0.0,75.0,86.0,1006.4,4.299999999999997,0.7142857142857143,0.39999999999997726
2024-06-23,33.9,27.9,4.7,78.0,86.0,1006.7,6.0,0.7142857142857143,0.3000000000000682
2024-06-24,33.4,28.8,0.3,77.0,88.0,1007.3,4.599999999999998,0.7142857142857143,0.599999999999909
2024-06-25,33.2,26.5,19.0,79.0,88.0,1009.2,6.700000000000003,0.7142857142857143,1.900000000000091
2024-06-26,34.0,27.9,0.0,79.0,79.0,1011.3,6.100000000000001,0.5714285714285714,2.099999999999909
2024-06-27,34.4,28.4,1.4,79.0,73.0,1010.9,6.0,0.5714285714285714,-0.39999999999997726
2024-06-28,34.2,28.9,1.6,75.0,76.0,1008.9,5.300000000000004,0.7142857142857143,-2.0
2024-06-29,31.5,26.8,15.5,82.0,86.0,1007.6,4.699999999999999,0.8571428571428571,-1.2999999999999545
2024-06-30,32.0,27.7,8.7,79.0,88.0,1006.6,4.300000000000001,0.8571428571428571,-1.0
2024-07-01,32.4,29.3,2.5,78.0,88.0,1005.4,3.099999999999998,0.8571428571428571,-1.2000000000000455
2024-07-02,32.7,29.1,5.3,79.0,86.0,1006.9,3.6000000000000014,0.8571428571428571,1.5
2024-07-03,33.6,28.7,0.0,78.0,57.0,1011.5,4.900000000000002,0.8571428571428571,4.600000000000023
2024-07-04,32.5,27.7,5.1,78.0,54.0,1011.8,4.800000000000001,0.8571428571428571,0.2999999999999545
2024-07-05,34.6,28.5,1.5,76.0,53.0,1008.8,6.100000000000001,0.8571428571428571,-3.0
2024-07-06,34.0,29.2,0.2,77.0,62.0,1008.2,4.800000000000001,0.8571428571428571,-0.599999999999909
2024-07-08,34.4,29.5,0.2,72.0,62.0,1008.2,4.899999999999999,0.8571428571428571,0.0
2024-07-10,34.5,27.0,10.7,75.0,54.0,1008.6,7.5,0.8571428571428571,0.39999999999997726
2024-07-11,32.2,28.5,6.5,78.0,75.0,1006.8,3.700000000000003,0.8571428571428571,-1.8000000000000682
2024-07-12,31.7,27.4,24.4,84.0,82.0,1004.8,4.300000000000001,1.0,-2.0
2024-07-13,33.8,27.7,8.0,76.0,82.0,1005.3,6.099999999999998,1.0,0.5
2024-07-14,34.6,26.7,90.0,82.0,85.0,1007.3,7.900000000000002,1.0,2.0
2024-07-15,33.0,27.9,13.6,85.0,87.0,1008.4,5.100000000000001,1.0,1.1000000000000227
2024-07-16,30.4,26.0,15.7,86.0,86.0,1008.5,4.399999999999999,1.0,0.10000000000002274
2024-07-17,32.7,26.7,13.7,83.0,84.0,1008.9,6.0000000000000036,1.0,0.39999999999997726
2024-07-18,30.9,26.7,19.6,88.0,78.0,1009.1,4.199999999999999,1.0,0.20000000000004547
2024-07-19,30.8,27.1,40.5,89.0,87.0,1007.5,3.6999999999999993,1.0,-1.6000000000000227
2024-07-20,33.5,29.0,3.7,85.0,88.0,1007.5,4.5,1.0,0.0
2024-07-21,32.1,28.6,4.7,83.0,82.0,1007.1,3.5,1.0,-0.39999999999997726
2024-07-22,33.5,29.0,0.2,80.0,87.0,1005.3,4.5,1.0,-1.8000000000000682
2024-07-23,33.3,28.8,0.0,76.0,86.0,1001.6,4.4999999999999964,0.8571428571428571,-3.699999999999932
2024-07-24,32.7,28.7,0.0,80.0,88.0,996.9,4.0000000000000036,0.7142857142857143,-4.7000000000000455
2024-07-26,30.3,28.9,3.9,85.0,93.0,995.2,1.4000000000000021,0.7142857142857143,-1.6999999999999318
2024-07-27,30.2,27.0,34.7,88.0,92.0,1002.8,3.1999999999999993,0.7142857142857143,7.599999999999909
2024-07-28,27.8,26.4,69.4,94.0,92.0,1005.9,1.4000000000000021,0.7142857142857143,3.1000000000000227
2024-07-29,29.6,26.6,6.7,89.0,88.0,1006.1,3.0,0.7142857142857143,0.20000000000004547
2024-07-30,30.3,26.1,29.5,89.0,88.0,1006.0,4.199999999999999,0.7142857142857143,-0.10000000000002274
2024-07-31,30.2,26.2,48.2,88.0,90.0,1007.7,4.0,0.8571428571428571,1.7000000000000455
2024-08-01,32.9,28.2,2.3,79.0,79.0,1008.2,4.699999999999999,1.0,0.5
2024-08-02,31.5,28.2,0.4,81.0,72.0,1007.8,3.3000000000000007,1.0,-0.40000000000009095
2024-08-03,33.3,28.7,0.0,76.0,27.0,1008.7,4.599999999999998,0.8571428571428571,0.900000000000091
2024-08-04,34.2,28.3,0.0,76.0,22.0,1007.8,5.900000000000002,0.7142857142857143,-0.900000000000091
2024-08-05,35.4,29.3,0.0,76.0,59.0,1005.7,6.099999999999998,0.5714285714285714,-2.099999999999909
2024-08-06,34.9,26.6,10.3,78.0,71.0,1005.4,8.299999999999997,0.5714285714285714,-0.3000000000000682
2024-08-07,33.7,28.6,0.0,79.0,70.0,1006.5,5.100000000000001,0.42857142857142855,1.1000000000000227
2024-08-08,33.2,29.3,0.0,77.0,57.0,1006.7,3.900000000000002,0.2857142857142857,0.20000000000004547
2024-08-09,33.0,28.7,0.0,76.0,70.0,1005.6,4.300000000000001,0.14285714285714285,-1.1000000000000227
2024-08-11,32.0,29.2,0.0,81.0,82.0,1003.1,2.8000000000000007,0.14285714285714285,-2.5
2024-08-12,31.8,26.0,20.9,85.0,88.0,1004.1,5.800000000000001,0.2857142857142857,1.0
2024-08-13,33.4,28.0,5.0,82.0,88.0,1006.0,5.399999999999999,0.42857142857142855,1.8999999999999773
2024-08-14,30.5,28.2,0.1,82.0,88.0,1006.3,2.3000000000000007,0.42857142857142855,0.2999999999999545
2024-08-15,29.9,26.0,8.0,88.0,88.0,1005.2,3.8999999999999986,0.5714285714285714,-1.099999999999909
2024-08-16,29.5,26.5,0.4,84.0,85.0,1005.1,3.0,0.7142857142857143,-0.10000000000002274
2024-08-17,28.8,25.2,116.2,92.0,93.0,1006.7,3.6000000000000014,0.8571428571428571,1.6000000000000227
2024-08-18,30.3,25.8,32.5,87.0,89.0,1006.1,4.5,1.0,-0.6000000000000227
2024-08-19,28.8,26.9,19.3,88.0,90.0,1004.5,1.9000000000000021,1.0,-1.6000000000000227
2024-08-20,28.5,25.6,11.4,89.0,95.0,1006.3,2.8999999999999986,1.0,1.7999999999999545
2024-08-21,28.2,26.3,3.9,87.0,89.0,1009.8,1.8999999999999986,1.0,3.5
2024-08-22,32.0,26.6,0.0,83.0,87.0,1010.4,5.399999999999999,0.8571428571428571,0.6000000000000227
2024-08-23,31.4,28.0,0.0,82.0,88.0,1010.5,3.3999999999999986,0.7142857142857143,0.10000000000002274
2024-08-24,34.3,28.1,0.0,77.0,79.0,1009.3,6.199999999999996,0.5714285714285714,-1.2000000000000455
2024-08-25,33.7,28.0,0.0,75.0,47.0,1008.0,5.700000000000003,0.42857142857142855,-1.2999999999999545
2024-08-26,33.8,28.4,0.0,75.0,41.0,1006.7,5.399999999999999,0.2857142857142857,-1.2999999999999545
2024-08-27,34.1,28.5,0.0,74.0,48.0,1005.4,5.600000000000001,0.14285714285714285,-1.3000000000000682
2024-08-30,33.7,27.9,23.3,82.0,80.0,1006.9,5.800000000000004,0.14285714285714285,1.5
2024-08-31,32.2,27.8,7.5,84.0,86.0,1008.2,4.400000000000002,0.2857142857142857,1.3000000000000682
2024-09-03,33.5,25.5,35.5,78.0,85.0,1006.1,8.0,0.42857142857142855,-2.1000000000000227
2024-09-04,32.5,26.5,0.6,75.0,88.0,1002.3,6.0,0.5714285714285714,-3.800000000000068
2024-09-05,33.4,26.2,21.5,71.0,88.0,999.5,7.199999999999999,0.7142857142857143,-2.7999999999999545
2024-09-06,28.8,25.9,84.1,90.0,95.0,1001.6,2.900000000000002,0.8571428571428571,2.1000000000000227
2024-09-07,30.9,27.9,5.8,88.0,88.0,1007.1,3.0,1.0,5.5
2024-09-08,30.1,27.3,37.8,91.0,88.0,1008.6,2.8000000000000007,1.0,1.5
2024-09-09,30.0,26.3,13.0,85.0,83.0,1007.7,3.6999999999999993,1.0,-0.8999999999999773
2024-09-10,33.3,26.8,0.0,77.0,60.0,1007.3,6.4999999999999964,0.8571428571428571,-0.40000000000009095
2024-09-11,34.3,28.2,0.0,76.0,51.0,1008.1,6.099999999999998,0.7142857142857143,0.8000000000000682
2024-09-12,32.2,27.7,0.0,77.0,55.0,1007.0,4.5000000000000036,0.5714285714285714,-1.1000000000000227
2024-09-13,34.5,28.2,0.1,73.0,72.0,1005.1,6.300000000000001,0.5714285714285714,-1.8999999999999773
2024-09-14,33.5,26.7,57.2,76.0,82.0,1002.8,6.800000000000001,0.5714285714285714,-2.300000000000068
2024-09-15,31.7,27.4,2.4,76.0,68.0,1002.3,4.300000000000001,0.5714285714285714,-0.5
2024-09-16,30.6,25.8,27.4,81.0,85.0,1004.0,4.800000000000001,0.5714285714285714,1.7000000000000455
2024-09-17,35.7,26.3,16.0,74.0,76.0,1004.1,9.400000000000002,0.7142857142857143,0.10000000000002274
2024-09-19,33.6,28.7,0.0,75.0,86.0,1003.2,4.900000000000002,0.7142857142857143,-0.8999999999999773
2024-09-20,32.6,27.4,4.6,79.0,84.0,1003.2,5.200000000000003,0.8571428571428571,0.0
2024-09-21,28.8,25.7,72.9,90.0,88.0,1003.5,3.1000000000000014,0.8571428571428571,0.2999999999999545
2024-09-22,30.1,24.4,32.1,88.0,91.0,1005.8,5.700000000000003,0.8571428571428571,2.2999999999999545
2024-09-23,28.0,23.4,24.9,90.0,90.0,1009.0,4.600000000000001,0.8571428571428571,3.2000000000000455
2024-09-24,28.2,25.2,75.0,91.0,89.0,1010.6,3.0,0.8571428571428571,1.6000000000000227
2024-09-25,31.4,26.9,5.4,83.0,73.0,1011.2,4.5,0.8571428571428571,0.6000000000000227
2024-09-26,31.6,27.4,0.0,78.0,39.0,1011.2,4.200000000000003,0.8571428571428571,0.0
2024-09-27,32.4,28.1,0.0,76.0,41.0,1010.1,4.299999999999997,0.7142857142857143,-1.1000000000000227
2024-09-28,32.1,27.5,1.3,80.0,74.0,1009.2,4.600000000000001,0.7142857142857143,-0.8999999999999773
2024-09-29,31.8,26.6,3.3,76.0,62.0,1008.6,5.199999999999999,0.7142857142857143,-0.6000000000000227
2024-09-30,33.3,27.9,0.0,71.0,61.0,1005.5,5.399999999999999,0.5714285714285714,-3.1000000000000227
2024-10-01,34.2,27.8,0.0,58.0,78.0,1005.2,6.400000000000002,0.42857142857142855,-0.2999999999999545
2024-10-02,30.8,25.5,0.0,54.0,75.0,1009.9,5.300000000000001,0.2857142857142857,4.699999999999932
2024-10-03,29.4,23.3,0.0,49.0,74.0,1013.2,6.099999999999998,0.2857142857142857,3.300000000000068
2024-10-04,30.9,24.6,0.0,50.0,69.0,1014.4,6.299999999999997,0.2857142857142857,1.1999999999999318
2024-10-05,31.5,25.5,0.0,63.0,80.0,1013.3,6.0,0.14285714285714285,-1.1000000000000227
2024-10-06,33.3,26.7,0.0,70.0,42.0,1013.7,6.599999999999998,0.0,0.40000000000009095
2024-10-07,32.9,27.3,0.0,66.0,60.0,1014.4,5.599999999999998,0.0,0.6999999999999318
2024-10-08,31.7,26.2,0.0,62.0,35.0,1014.2,5.5,0.0,-0.1999999999999318
2024-10-11,27.5,23.2,8.7,79.0,84.0,1013.7,4.300000000000001,0.14285714285714285,-0.5
2024-10-12,29.7,25.6,0.0,67.0,31.0,1015.1,4.099999999999998,0.14285714285714285,1.3999999999999773
2024-10-13,30.2,25.9,0.0,73.0,65.0,1014.5,4.300000000000001,0.14285714285714285,-0.6000000000000227
2024-10-14,31.0,26.3,0.0,75.0,34.0,1013.5,4.699999999999999,0.14285714285714285,-1.0
2024-10-15,30.9,26.6,0.0,75.0,77.0,1013.6,4.299999999999997,0.14285714285714285,0.10000000000002274
2024-10-19,33.7,26.4,0.0,74.0,43.0,1014.1,7.300000000000004,0.14285714285714285,0.5
2024-10-20,29.7,26.9,1.9,75.0,82.0,1016.5,2.8000000000000007,0.2857142857142857,2.3999999999999773
2024-10-22,32.3,26.0,0.0,64.0,52.0,1013.7,6.299999999999997,0.14285714285714285,-2.7999999999999545
2024-10-23,28.4,23.4,0.0,57.0,81.0,1012.4,5.0,0.14285714285714285,-1.3000000000000682
2024-10-24,28.5,22.0,0.0,42.0,84.0,1009.2,6.5,0.14285714285714285,-3.199999999999932
2024-10-25,29.4,22.9,0.0,45.0,78.0,1006.7,6.5,0.14285714285714285,-2.5
2024-10-26,28.5,25.3,0.7,67.0,88.0,1006.6,3.1999999999999993,0.2857142857142857,-0.10000000000002274
2024-10-30,29.3,24.3,0.0,64.0,70.0,1010.3,5.0,0.2857142857142857,3.699999999999932
2024-10-31,30.6,24.1,0.0,52.0,41.0,1006.0,6.5,0.14285714285714285,-4.2999999999999545
2024-11-01,30.6,24.0,0.0,56.0,50.0,1009.7,6.600000000000001,0.14285714285714285,3.7000000000000455
2024-11-02,27.6,22.9,0.0,64.0,76.0,1016.3,4.700000000000003,0.14285714285714285,6.599999999999909
2024-11-03,29.2,24.6,0.0,73.0,84.0,1017.1,4.599999999999998,0.14285714285714285,0.8000000000000682
2024-11-08,27.3,20.9,0.0,48.0,42.0,1016.6,6.400000000000002,0.14285714285714285,-0.5
2024-11-09,27.9,23.4,1.9,66.0,88.0,1014.5,4.5,0.14285714285714285,-2.1000000000000227
2024-11-10,26.4,23.4,6.2,80.0,88.0,1014.8,3.0,0.2857142857142857,0.2999999999999545
2024-11-11,26.3,24.0,0.0,77.0,80.0,1014.4,2.3000000000000007,0.2857142857142857,-0.39999999999997726
2024-11-12,29.4,23.3,0.0,75.0,59.0,1012.3,6.099999999999998,0.2857142857142857,-2.1000000000000227
2024-11-13,26.2,23.2,14.8,82.0,86.0,1010.1,3.0,0.42857142857142855,-2.199999999999932
2024-11-14,25.6,24.2,6.3,88.0,92.0,1009.6,1.4000000000000021,0.5714285714285714,-0.5
2024-11-15,25.1,23.5,36.6,94.0,92.0,1010.0,1.6000000000000014,0.7142857142857143,0.39999999999997726
2024-11-16,27.9,23.8,33.3,88.0,88.0,1011.7,4.099999999999998,0.7142857142857143,1.7000000000000455
2024-11-17,26.2,22.9,6.1,88.0,85.0,1014.4,3.3000000000000007,0.7142857142857143,2.699999999999932
2024-11-19,23.2,18.4,7.3,83.0,97.0,1018.6,4.800000000000001,0.8571428571428571,4.2000000000000455
2024-11-20,18.6,17.5,73.8,95.0,100.0,1018.4,1.1000000000000014,1.0,-0.20000000000004547
2024-11-21,21.1,17.9,5.6,85.0,89.0,1018.2,3.200000000000003,1.0,-0.1999999999999318
2024-11-24,23.0,19.8,1.0,74.0,88.0,1019.5,3.1999999999999993,1.0,1.2999999999999545
2024-11-26,23.4,18.7,1.2,63.0,45.0,1019.0,4.699999999999999,1.0,-0.5
2024-11-27,21.5,17.0,0.0,45.0,45.0,1020.8,4.5,0.8571428571428571,1.7999999999999545
2024-11-28,21.5,17.0,0.0,36.0,40.0,1022.0,4.5,0.7142857142857143,1.2000000000000455
2024-11-29,21.2,16.6,0.0,34.0,32.0,1020.9,4.599999999999998,0.5714285714285714,-1.1000000000000227
2024-11-30,22.0,16.5,0.0,55.0,21.0,1017.7,5.5,0.42857142857142855,-3.199999999999932
2024-12-01,22.7,17.6,0.0,69.0,54.0,1015.0,5.099999999999998,0.2857142857142857,-2.7000000000000455
2024-12-02,23.8,18.8,0.0,68.0,34.0,1015.1,5.0,0.14285714285714285,0.10000000000002274
2024-12-03,24.9,19.7,0.0,74.0,32.0,1015.7,5.199999999999999,0.0,0.6000000000000227
2024-12-04,23.9,21.4,0.0,73.0,59.0,1016.3,2.5,0.0,0.599999999999909
2024-12-05,23.3,20.7,0.0,76.0,54.0,1016.4,2.6000000000000014,0.0,0.10000000000002274
2024-12-06,23.3,20.2,0.0,71.0,52.0,1016.6,3.1000000000000014,0.0,0.20000000000004547
2024-12-07,23.3,17.9,0.0,66.0,29.0,1018.2,5.400000000000002,0.0,1.6000000000000227
2024-12-08,21.6,16.0,0.0,65.0,54.0,1020.9,5.600000000000001,0.0,2.699999999999932
2024-12-09,20.2,17.1,0.0,70.0,75.0,1019.6,3.099999999999998,0.0,-1.2999999999999545
2024-12-10,22.4,19.2,0.0,73.0,85.0,1016.5,3.1999999999999993,0.0,-3.1000000000000227
2024-12-11,25.2,20.0,0.0,72.0,68.0,1016.4,5.199999999999999,0.0,-0.10000000000002274
2024-12-12,22.0,17.1,0.0,65.0,67.0,1018.3,4.899999999999999,0.0,1.8999999999999773
2024-12-13,20.7,15.6,0.0,59.0,67.0,1020.2,5.1,0.0,1.900000000000091
2024-12-14,17.3,13.8,0.0,49.0,81.0,1024.7,3.5,0.0,4.5
2024-12-16,18.7,14.4,0.0,44.0,67.0,1022.7,4.299999999999999,0.0,-2.0
2024-12-17,20.4,15.5,0.0,58.0,27.0,1021.0,4.899999999999999,0.0,-1.7000000000000455
2024-12-18,20.9,16.6,0.0,45.0,58.0,1021.0,4.299999999999997,0.0,0.0
2024-12-19,18.1,13.7,0.0,40.0,8.0,1022.7,4.400000000000002,0.0,1.7000000000000455
2024-12-20,17.7,11.9,0.0,45.0,6.0,1020.6,5.799999999999999,0.0,-2.1000000000000227
2024-12-21,20.2,13.9,0.0,42.0,14.0,1020.0,6.299999999999999,0.0,-0.6000000000000227
2024-12-22,18.0,13.5,0.0,48.0,67.0,1021.4,4.5,0.0,1.3999999999999773
2024-12-23,17.5,15.1,0.0,57.0,88.0,1020.6,2.4000000000000004,0.0,-0.7999999999999545
2024-12-24,19.1,15.6,0.0,55.0,88.0,1021.2,3.5000000000000018,0.0,0.6000000000000227
2024-12-26,22.9,18.0,0.0,74.0,86.0,1021.6,4.899999999999999,0.0,0.39999999999997726
2024-12-27,20.9,18.1,0.0,75.0,68.0,1023.1,2.799999999999997,0.0,1.5
2024-12-28,18.8,15.1,0.0,43.0,31.0,1024.9,3.700000000000001,0.0,1.8000000000000682
2024-12-29,17.4,13.3,0.0,57.0,15.0,1023.4,4.099999999999998,0.0,-1.5000000000001137
2024-12-30,20.4,14.3,0.0,63.0,13.0,1021.2,6.099999999999998,0.0,-2.199999999999932
2025-01-02,22.0,16.9,0.0,69.0,87.0,1018.3,5.100000000000001,0.0,-2.900000000000091
2025-01-03,21.1,17.1,0.0,42.0,10.0,1019.8,4.0,0.0,1.5
2025-01-06,21.5,15.7,0.0,52.0,4.0,1018.9,5.800000000000001,0.0,-0.8999999999999773
2025-01-07,19.1,15.9,0.0,65.0,58.0,1019.8,3.200000000000001,0.0,0.8999999999999773
2025-01-08,20.6,16.6,0.0,67.0,54.0,1020.0,4.0,0.0,0.20000000000004547
2025-01-09,20.3,15.8,0.0,66.0,21.0,1022.1,4.5,0.0,2.1000000000000227
2025-01-10,17.5,12.7,0.0,45.0,15.0,1027.7,4.800000000000001,0.0,5.600000000000023
2025-01-11,16.6,11.5,0.0,43.0,12.0,1029.1,5.100000000000001,0.0,1.3999999999998636
2025-01-12,18.2,11.0,0.0,41.0,7.0,1026.1,7.199999999999999,0.0,-3.0
2025-01-13,18.7,13.9,0.0,55.0,45.0,1023.1,4.799999999999999,0.0,-2.9999999999998863
2025-01-14,20.2,16.2,0.0,57.0,89.0,1021.9,4.0,0.0,-1.2000000000000455
2025-01-16,18.3,14.1,0.0,48.0,1.0,1024.9,4.200000000000001,0.0,3.0000000000001137
2025-01-17,18.6,12.9,0.0,53.0,7.0,1022.9,5.700000000000001,0.0,-2.0000000000001137
2025-01-18,19.5,14.2,0.0,59.0,20.0,1019.7,5.300000000000001,0.0,-3.199999999999932
2025-01-19,21.6,14.3,0.0,60.0,9.0,1016.6,7.300000000000001,0.0,-3.1000000000000227
2025-01-20,20.9,15.4,0.0,59.0,6.0,1016.3,5.499999999999998,0.0,-0.3000000000000682
2025-01-21,20.0,15.9,0.6,59.0,56.0,1017.2,4.1,0.14285714285714285,0.900000000000091
2025-01-22,21.4,17.3,1.0,67.0,86.0,1017.4,4.099999999999998,0.2857142857142857,0.1999999999999318
2025-01-23,21.7,17.7,1.2,80.0,85.0,1016.2,4.0,0.42857142857142855,-1.1999999999999318
2025-01-24,20.8,17.1,0.0,72.0,49.0,1015.2,3.6999999999999993,0.42857142857142855,-1.0
2025-01-26,17.5,12.2,0.2,72.0,82.0,1020.9,5.300000000000001,0.5714285714285714,5.699999999999932
2025-01-27,17.3,10.6,0.0,40.0,36.0,1022.1,6.700000000000001,0.5714285714285714,1.2000000000000455
2025-01-28,19.1,11.8,0.0,40.0,30.0,1024.4,7.300000000000001,0.5714285714285714,2.300000000000068
2025-01-29,18.5,14.3,0.0,54.0,69.0,1024.2,4.199999999999999,0.42857142857142855,-0.20000000000004547
2025-01-30,18.4,14.5,0.0,66.0,51.0,1019.9,3.8999999999999986,0.2857142857142857,-4.300000000000068
2025-01-31,20.4,16.8,1.2,63.0,80.0,1015.9,3.599999999999998,0.2857142857142857,-4.0
2025-02-01,21.9,17.2,1.7,86.0,88.0,1013.1,4.699999999999999,0.42857142857142855,-2.7999999999999545
2025-02-03,17.8,13.1,0.1,74.0,85.0,1019.6,4.700000000000001,0.42857142857142855,6.5
2025-02-04,18.6,12.2,0.0,61.0,48.0,1022.2,6.400000000000002,0.42857142857142855,2.6000000000000227
2025-02-05,18.5,13.6,0.0,65.0,54.0,1019.4,4.9,0.42857142857142855,-2.800000000000068
2025-02-06,20.1,15.9,0.0,57.0,87.0,1017.9,4.200000000000001,0.42857142857142855,-1.5
2025-02-07,17.7,12.7,0.0,63.0,88.0,1021.4,5.0,0.42857142857142855,3.5
2025-02-08,17.2,11.5,0.0,43.0,82.0,1024.6,5.699999999999999,0.2857142857142857,3.199999999999932
2025-02-09,17.4,11.8,0.0,46.0,32.0,1024.0,5.599999999999998,0.14285714285714285,-0.599999999999909
2025-02-10,19.1,12.8,0.0,63.0,41.0,1021.7,6.300000000000001,0.0,-2.2999999999999545
2025-02-12,20.3,17.2,23.8,93.0,93.0,1017.2,3.1000000000000014,0.14285714285714285,-4.5
2025-02-14,18.2,15.5,0.2,87.0,91.0,1017.9,2.6999999999999993,0.2857142857142857,0.6999999999999318
2025-02-16,25.1,17.8,0.0,81.0,41.0,1016.9,7.300000000000001,0.2857142857142857,-1.0
2025-02-17,21.9,17.3,0.0,70.0,42.0,1020.6,4.599999999999998,0.2857142857142857,3.7000000000000455
2025-02-18,20.4,16.7,0.0,71.0,50.0,1021.7,3.6999999999999993,0.2857142857142857,1.1000000000000227
2025-02-19,18.7,16.1,0.0,75.0,86.0,1021.9,2.599999999999998,0.2857142857142857,0.1999999999999318
2025-02-20,19.8,16.6,0.0,79.0,85.0,1021.2,3.1999999999999993,0.2857142857142857,-0.6999999999999318
2025-02-24,19.5,13.0,0.0,67.0,69.0,1028.2,6.5,0.14285714285714285,7.0
2025-02-26,20.7,16.1,0.3,76.0,88.0,1022.9,4.599999999999998,0.14285714285714285,-5.300000000000068
2025-02-27,22.2,16.1,0.0,76.0,53.0,1019.0,6.099999999999998,0.14285714285714285,-3.8999999999999773
2025-02-28,25.4,18.1,0.0,77.0,55.0,1017.3,7.299999999999997,0.14285714285714285,-1.7000000000000455
2025-03-02,27.0,21.2,0.0,87.0,81.0,1012.4,5.800000000000001,0.14285714285714285,-4.899999999999977
2025-03-03,26.7,21.3,0.0,84.0,85.0,1010.8,5.399999999999999,0.14285714285714285,-1.6000000000000227
2025-03-04,27.0,22.4,0.0,85.0,84.0,1010.3,4.600000000000001,0.14285714285714285,-0.5
2025-03-05,23.9,17.4,1.0,89.0,94.0,1013.4,6.5,0.2857142857142857,3.1000000000000227
2025-03-06,17.5,12.7,11.5,83.0,96.0,1019.7,4.800000000000001,0.2857142857142857,6.300000000000068
2025-03-07,14.5,12.1,5.3,84.0,93.0,1021.2,2.4000000000000004,0.42857142857142855,1.5
2025-03-08,20.9,13.9,0.0,72.0,78.0,1020.8,6.999999999999998,0.42857142857142855,-0.40000000000009095
2025-03-09,22.0,16.0,0.0,68.0,68.0,1022.0,6.0,0.42857142857142855,1.2000000000000455
2025-03-11,24.1,19.6,0.0,75.0,86.0,1016.6,4.5,0.42857142857142855,-5.399999999999977
2025-03-12,24.3,21.4,2.8,86.0,91.0,1014.3,2.900000000000002,0.5714285714285714,-2.300000000000068
2025-03-13,28.5,21.9,0.0,82.0,86.0,1013.4,6.600000000000001,0.42857142857142855,-0.8999999999999773
2025-03-15,25.9,18.8,12.6,88.0,88.0,1014.3,7.099999999999998,0.42857142857142855,0.8999999999999773
2025-03-19,22.8,15.5,0.0,54.0,19.0,1024.4,7.300000000000001,0.2857142857142857,10.100000000000136
2025-03-20,24.4,16.5,0.0,61.0,19.0,1024.1,7.899999999999999,0.2857142857142857,-0.3000000000001819
2025-03-21,25.9,16.9,0.0,57.0,1.0,1022.7,9.0,0.2857142857142857,-1.3999999999998636
2025-03-22,26.3,17.9,0.0,60.0,4.0,1020.5,8.400000000000002,0.2857142857142857,-2.2000000000000455
2025-03-23,26.9,18.1,0.0,61.0,3.0,1017.6,8.799999999999997,0.14285714285714285,-2.8999999999999773
2025-03-24,27.7,18.9,0.0,60.0,0.0,1013.4,8.8,0.14285714285714285,-4.2000000000000455
2025-03-25,28.4,20.2,0.0,61.0,14.0,1009.4,8.2,0.0,-4.0
2025-03-26,26.6,21.8,0.0,77.0,55.0,1007.9,4.800000000000001,0.0,-1.5
2025-03-27,28.1,23.2,0.0,78.0,86.0,1007.2,4.900000000000002,0.0,-0.6999999999999318
2025-03-28,29.4,19.3,1.5,86.0,85.0,1010.7,10.099999999999998,0.14285714285714285,3.5
2025-03-29,19.3,13.7,1.2,83.0,93.0,1017.5,5.600000000000001,0.2857142857142857,6.7999999999999545
2025-03-30,15.0,12.7,2.2,82.0,94.0,1020.6,2.3000000000000007,0.42857142857142855,3.1000000000000227
2025-04-01,20.3,12.9,0.0,67.0,63.0,1018.3,7.4,0.42857142857142855,-2.300000000000068
2025-04-02,23.4,15.0,0.0,63.0,13.0,1019.1,8.399999999999999,0.42857142857142855,0.8000000000000682
2025-04-03,25.5,16.9,0.0,57.0,1.0,1018.6,8.600000000000001,0.42857142857142855,-0.5
2025-04-05,19.8,18.7,7.3,90.0,95.0,1015.3,1.1000000000000014,0.5714285714285714,-3.300000000000068
2025-04-07,26.6,19.5,0.0,64.0,46.0,1016.9,7.100000000000001,0.42857142857142855,1.6000000000000227
2025-04-08,26.7,20.8,0.0,72.0,76.0,1016.2,5.899999999999999,0.2857142857142857,-0.6999999999999318
2025-04-09,27.2,22.2,0.0,77.0,76.0,1012.5,5.0,0.14285714285714285,-3.7000000000000455
2025-04-10,27.8,22.7,0.0,80.0,85.0,1009.2,5.100000000000001,0.14285714285714285,-3.2999999999999545
2025-04-12,27.1,20.4,6.9,81.0,88.0,1009.3,6.700000000000003,0.2857142857142857,0.09999999999990905
2025-04-14,26.2,19.8,0.0,49.0,53.0,1012.9,6.399999999999999,0.2857142857142857,3.6000000000000227
2025-04-15,33.0,20.3,0.0,48.0,39.0,1012.5,12.7,0.14285714285714285,-0.39999999999997726
2025-04-16,27.5,21.9,0.0,73.0,48.0,1012.2,5.600000000000001,0.14285714285714285,-0.2999999999999545
2025-04-17,28.7,22.4,0.0,78.0,79.0,1010.1,6.300000000000001,0.14285714285714285,-2.1000000000000227
2025-04-18,26.5,23.5,3.5,90.0,96.0,1009.6,3.0,0.2857142857142857,-0.5
2025-04-19,28.0,25.0,0.1,86.0,92.0,1009.7,3.0,0.42857142857142855,0.10000000000002274
2025-04-20,30.6,25.8,0.0,79.0,80.0,1011.1,4.800000000000001,0.2857142857142857,1.3999999999999773
2025-04-21,29.1,25.6,0.0,79.0,76.0,1012.0,3.5,0.2857142857142857,0.8999999999999773
2025-04-22,29.1,25.8,0.0,78.0,84.0,1010.5,3.3000000000000007,0.2857142857142857,-1.5
2025-04-23,30.8,26.4,0.0,77.0,76.0,1009.3,4.400000000000002,0.2857142857142857,-1.2000000000000455
2025-04-24,30.1,26.1,0.5,78.0,80.0,1009.3,4.0,0.42857142857142855,0.0
2025-04-25,26.5,23.5,18.9,88.0,88.0,1011.5,3.0,0.42857142857142855,2.2000000000000455
2025-04-27,23.2,21.2,0.8,92.0,95.0,1013.4,2.0,0.42857142857142855,1.8999999999999773
2025-04-28,29.3,22.6,19.1,85.0,81.0,1011.7,6.699999999999999,0.5714285714285714,-1.6999999999999318
2025-04-29,28.3,23.5,0.0,64.0,59.0,1013.5,4.800000000000001,0.5714285714285714,1.7999999999999545
2025-04-30,29.2,23.1,0.0,75.0,66.0,1013.3,6.099999999999998,0.5714285714285714,-0.20000000000004547
2025-05-01,27.9,24.5,1.4,83.0,88.0,1012.9,3.3999999999999986,0.7142857142857143,-0.39999999999997726
2025-05-02,32.3,24.6,0.0,75.0,51.0,1011.3,7.699999999999996,0.5714285714285714,-1.6000000000000227
2025-05-03,29.7,25.3,0.0,81.0,73.0,1010.1,4.399999999999999,0.42857142857142855,-1.1999999999999318
2025-05-06,30.4,26.9,0.4,82.0,88.0,1008.0,3.5,0.42857142857142855,-2.1000000000000227
2025-05-07,28.0,25.6,9.8,88.0,89.0,1008.0,2.3999999999999986,0.42857142857142855,0.0
2025-05-08,29.2,25.0,0.6,87.0,84.0,1008.0,4.199999999999999,0.5714285714285714,0.0
2025-05-09,29.3,25.7,0.4,83.0,86.0,1007.8,3.6000000000000014,0.7142857142857143,-0.20000000000004547
2025-05-11,29.5,21.0,3.9,57.0,86.0,1010.1,8.5,0.7142857142857143,2.300000000000068
2025-05-12,30.4,23.1,0.0,54.0,41.0,1010.9,7.299999999999997,0.7142857142857143,0.7999999999999545
2025-05-13,29.3,23.8,0.0,72.0,64.0,1012.4,5.5,0.7142857142857143,1.5
2025-05-15,31.9,26.3,0.0,78.0,79.0,1012.3,5.599999999999998,0.5714285714285714,-0.10000000000002274
2025-05-17,32.8,26.7,0.0,77.0,76.0,1010.8,6.099999999999998,0.42857142857142855,-1.5
2025-05-18,32.5,27.3,0.0,77.0,86.0,1010.3,5.199999999999999,0.2857142857142857,-0.5
2025-05-20,30.8,28.3,0.0,77.0,85.0,1009.2,2.5,0.14285714285714285,-1.099999999999909
2025-05-21,32.4,28.5,0.0,76.0,85.0,1009.3,3.8999999999999986,0.0,0.09999999999990905
2025-05-22,33.0,28.4,0.0,74.0,82.0,1007.6,4.600000000000001,0.0,-1.6999999999999318
2025-05-23,32.4,26.5,2.0,77.0,88.0,1006.8,5.899999999999999,0.14285714285714285,-0.8000000000000682
2025-05-24,30.5,26.4,3.5,76.0,83.0,1009.7,4.100000000000001,0.2857142857142857,2.900000000000091
2025-05-25,27.3,24.5,0.0,65.0,86.0,1013.7,2.8000000000000007,0.2857142857142857,4.0
2025-05-26,27.7,24.2,0.0,63.0,88.0,1014.7,3.5,0.2857142857142857,1.0
2025-05-27,29.2,24.4,0.0,67.0,88.0,1013.5,4.800000000000001,0.2857142857142857,-1.2000000000000455
2025-05-29,27.9,25.0,53.2,90.0,89.0,1008.8,2.8999999999999986,0.42857142857142855,-4.7000000000000455
2025-05-30,25.0,23.6,6.4,88.0,88.0,1009.5,1.3999999999999986,0.5714285714285714,0.7000000000000455
2025-06-01,31.2,24.9,0.1,83.0,83.0,1003.9,6.300000000000001,0.5714285714285714,-5.600000000000023
2025-06-02,31.2,28.2,0.1,83.0,88.0,1002.2,3.0,0.5714285714285714,-1.6999999999999318
2025-06-04,28.5,25.0,3.8,86.0,88.0,1007.3,3.5,0.7142857142857143,5.099999999999909
2025-06-06,31.8,26.1,0.0,79.0,60.0,1008.3,5.699999999999999,0.7142857142857143,1.0
2025-06-07,33.6,27.0,0.0,76.0,48.0,1007.2,6.600000000000001,0.7142857142857143,-1.099999999999909
2025-06-08,33.2,28.0,0.0,76.0,79.0,1005.9,5.200000000000003,0.5714285714285714,-1.3000000000000682
2025-06-09,34.3,28.2,0.0,73.0,74.0,1004.5,6.099999999999998,0.42857142857142855,-1.3999999999999773
2025-06-10,35.6,28.4,0.0,72.0,76.0,1004.2,7.200000000000003,0.2857142857142857,-0.2999999999999545
2025-06-11,31.2,28.7,4.7,80.0,88.0,1004.3,2.5,0.2857142857142857,0.09999999999990905
2025-06-12,31.3,27.1,14.6,83.0,87.0,1004.6,4.199999999999999,0.2857142857142857,0.3000000000000682
2025-06-13,31.0,26.2,46.1,88.0,88.0,1005.8,4.800000000000001,0.42857142857142855,1.1999999999999318
2025-06-14,31.5,27.1,1.6,81.0,88.0,1005.5,4.399999999999999,0.5714285714285714,-0.2999999999999545
2025-06-15,30.1,28.7,0.9,79.0,88.0,1005.2,1.4000000000000021,0.7142857142857143,-0.2999999999999545
2025-06-16,31.1,28.3,1.0,80.0,88.0,1007.7,2.8000000000000007,0.8571428571428571,2.5
2025-06-17,29.5,25.5,46.3,88.0,88.0,1009.8,4.0,1.0,2.099999999999909
2025-06-18,31.8,26.7,0.5,80.0,88.0,1009.7,5.100000000000001,1.0,-0.09999999999990905
2025-06-19,32.5,27.0,11.1,83.0,88.0,1009.0,5.5,1.0,-0.7000000000000455
2025-06-20,30.4,27.1,6.3,82.0,88.0,1008.7,3.299999999999997,1.0,-0.2999999999999545
2025-06-21,32.2,26.5,10.6,80.0,88.0,1009.1,5.700000000000003,1.0,0.39999999999997726
2025-06-22,31.7,27.4,2.9,80.0,88.0,1009.0,4.300000000000001,1.0,-0.10000000000002274
2025-06-23,32.1,27.0,7.6,76.0,84.0,1007.3,5.100000000000001,1.0,-1.7000000000000455
2025-06-24,33.4,28.4,0.0,73.0,88.0,1007.7,5.0,0.8571428571428571,0.40000000000009095
2025-06-25,34.5,27.9,0.2,72.0,71.0,1008.6,6.600000000000001,0.8571428571428571,0.8999999999999773
2025-06-26,31.6,26.9,48.9,84.0,88.0,1008.1,4.700000000000003,0.8571428571428571,-0.5
2025-06-27,30.1,27.0,5.6,86.0,87.0,1007.7,3.1000000000000014,0.8571428571428571,-0.39999999999997726
2025-06-28,30.9,27.0,3.1,84.0,88.0,1006.4,3.8999999999999986,0.8571428571428571,-1.3000000000000682
2025-06-29,30.8,27.4,3.7,83.0,86.0,1005.0,3.400000000000002,0.8571428571428571,-1.3999999999999773
2025-06-30,30.5,26.7,17.6,84.0,87.0,1005.8,3.8000000000000007,0.8571428571428571,0.7999999999999545
2025-07-01,29.8,26.4,5.5,87.0,86.0,1008.0,3.400000000000002,1.0,2.2000000000000455
2025-07-02,33.3,27.4,0.5,80.0,80.0,1008.8,5.899999999999999,1.0,0.7999999999999545
2025-07-03,33.6,28.4,0.0,76.0,82.0,1007.5,5.200000000000003,0.8571428571428571,-1.2999999999999545
2025-07-04,34.5,28.5,0.0,71.0,67.0,1005.4,6.0,0.7142857142857143,-2.1000000000000227
2025-07-05,34.8,29.0,3.7,71.0,80.0,1003.3,5.799999999999997,0.7142857142857143,-2.1000000000000227
2025-07-06,33.5,28.2,0.0,71.0,84.0,1002.8,5.300000000000001,0.5714285714285714,-0.5
2025-07-07,34.3,29.1,0.0,77.0,70.0,1003.1,5.199999999999996,0.42857142857142855,0.3000000000000682
2025-07-08,33.3,29.7,0.0,76.0,82.0,1002.7,3.599999999999998,0.2857142857142857,-0.39999999999997726
2025-07-09,33.6,25.8,15.2,77.0,84.0,1000.0,7.800000000000001,0.2857142857142857,-2.7000000000000455
2025-07-10,29.0,25.0,126.4,93.0,91.0,996.7,4.0,0.42857142857142855,-3.2999999999999545
2025-07-11,29.9,25.9,0.0,84.0,88.0,998.9,4.0,0.42857142857142855,2.199999999999932
2025-07-12,31.3,26.4,38.4,87.0,88.0,1004.8,4.900000000000002,0.42857142857142855,5.899999999999977
2025-07-13,33.3,27.8,1.9,81.0,88.0,1006.2,5.4999999999999964,0.5714285714285714,1.400000000000091
2025-07-14,33.2,27.8,9.2,79.0,87.0,1004.5,5.400000000000002,0.7142857142857143,-1.7000000000000455
2025-07-15,32.7,28.3,3.2,79.0,85.0,1003.5,4.400000000000002,0.8571428571428571,-1.0
2025-07-16,34.0,29.0,0.0,75.0,58.0,1004.1,5.0,0.7142857142857143,0.6000000000000227
2025-07-17,34.2,29.2,0.0,76.0,74.0,1003.1,5.0000000000000036,0.5714285714285714,-1.0
2025-07-18,31.3,26.1,19.0,85.0,85.0,1000.0,5.199999999999999,0.7142857142857143,-3.1000000000000227
2025-07-19,33.5,27.0,10.0,78.0,81.0,994.3,6.5,0.7142857142857143,-5.7000000000000455
2025-07-20,28.0,25.9,87.6,91.0,95.0,988.5,2.1000000000000014,0.7142857142857143,-5.7999999999999545
2025-07-21,27.9,26.4,42.4,92.0,92.0,997.4,1.5,0.7142857142857143,8.899999999999977
2025-07-22,30.5,25.8,95.7,88.0,88.0,1002.0,4.699999999999999,0.7142857142857143,4.600000000000023
2025-07-23,33.3,26.4,2.6,81.0,88.0,1003.2,6.899999999999999,0.8571428571428571,1.2000000000000455
2025-07-25,33.6,25.4,31.8,78.0,62.0,1000.1,8.200000000000003,1.0,-3.1000000000000227
2025-07-26,35.2,26.1,0.0,74.0,36.0,1000.0,9.100000000000001,0.8571428571428571,-0.10000000000002274
2025-07-27,33.1,28.8,0.0,76.0,52.0,1000.1,4.300000000000001,0.7142857142857143,0.10000000000002274
2025-07-28,32.8,28.3,0.6,80.0,87.0,998.1,4.4999999999999964,0.7142857142857143,-2.0
2025-07-29,29.1,25.8,106.5,90.0,91.0,996.9,3.3000000000000007,0.7142857142857143,-1.2000000000000455
2025-07-30,32.6,28.5,0.0,84.0,88.0,997.4,4.100000000000001,0.5714285714285714,0.5
2025-07-31,31.8,28.2,1.5,83.0,88.0,998.6,3.6000000000000014,0.5714285714285714,1.2000000000000455
2025-08-01,33.2,28.6,3.0,79.0,85.0,1000.3,4.600000000000001,0.5714285714285714,1.6999999999999318
2025-08-02,30.1,26.3,109.0,90.0,95.0,1002.9,3.8000000000000007,0.7142857142857143,2.6000000000000227
2025-08-03,30.2,25.5,47.5,86.0,89.0,1003.1,4.699999999999999,0.8571428571428571,0.20000000000004547
2025-08-04,30.0,26.1,72.2,88.0,93.0,1003.6,3.8999999999999986,0.8571428571428571,0.5
2025-08-05,29.2,24.0,368.9,92.0,97.0,1005.4,5.199999999999999,0.8571428571428571,1.7999999999999545
2025-08-06,30.1,25.5,6.8,87.0,90.0,1007.7,4.600000000000001,1.0,2.300000000000068
2025-08-07,32.9,26.8,0.0,80.0,81.0,1009.3,6.099999999999998,0.8571428571428571,1.599999999999909
2025-08-08,32.9,27.6,0.0,79.0,45.0,1008.7,5.299999999999997,0.7142857142857143,-0.599999999999909
2025-08-09,33.8,28.0,0.0,78.0,44.0,1007.8,5.799999999999997,0.5714285714285714,-0.900000000000091
2025-08-10,34.4,28.6,0.0,77.0,68.0,1006.9,5.799999999999997,0.42857142857142855,-0.8999999999999773
2025-08-11,32.5,28.1,0.3,77.0,78.0,1006.3,4.399999999999999,0.42857142857142855,-0.6000000000000227
2025-08-12,32.6,27.7,8.5,77.0,82.0,1006.9,4.900000000000002,0.42857142857142855,0.6000000000000227
2025-08-13,33.0,28.3,0.0,77.0,84.0,1005.6,4.699999999999999,0.2857142857142857,-1.2999999999999545
2025-08-14,29.5,24.4,117.4,91.0,95.0,1005.5,5.100000000000001,0.42857142857142855,-0.10000000000002274
2025-08-15,30.2,25.5,4.3,86.0,79.0,1008.9,4.699999999999999,0.5714285714285714,3.3999999999999773
2025-08-16,32.8,27.4,0.0,76.0,74.0,1008.5,5.399999999999999,0.5714285714285714,-0.39999999999997726
2025-08-17,30.2,25.6,41.5,84.0,92.0,1009.0,4.599999999999998,0.7142857142857143,0.5
2025-08-18,28.4,25.4,80.1,92.0,91.0,1010.4,3.0,0.7142857142857143,1.3999999999999773
2025-08-19,27.9,25.4,68.9,94.0,94.0,1010.9,2.5,0.7142857142857143,0.5
2025-08-20,32.2,27.1,0.2,82.0,86.0,1010.7,5.100000000000001,0.8571428571428571,-0.1999999999999318
2025-08-21,33.3,27.9,0.0,79.0,82.0,1011.4,5.399999999999999,0.7142857142857143,0.6999999999999318
2025-08-22,32.7,27.3,0.0,71.0,82.0,1009.9,5.400000000000002,0.5714285714285714,-1.5
2025-08-23,33.6,27.6,0.2,73.0,82.0,1008.5,6.0,0.7142857142857143,-1.3999999999999773
2025-08-24,31.7,28.5,0.0,79.0,88.0,1009.6,3.1999999999999993,0.5714285714285714,1.1000000000000227
2025-08-25,31.3,28.3,0.1,76.0,88.0,1010.2,3.0,0.5714285714285714,0.6000000000000227
2025-08-26,34.2,28.0,0.0,72.0,65.0,1009.7,6.200000000000003,0.42857142857142855,-0.5
2025-08-27,32.7,27.7,0.0,74.0,65.0,1008.3,5.0000000000000036,0.2857142857142857,-1.400000000000091
2025-08-28,30.6,26.0,2.7,77.0,85.0,1008.1,4.600000000000001,0.42857142857142855,-0.1999999999999318
2025-08-29,33.0,28.9,0.5,72.0,80.0,1009.3,4.100000000000001,0.5714285714285714,1.1999999999999318
2025-08-30,31.9,27.6,7.1,77.0,85.0,1010.3,4.299999999999997,0.5714285714285714,1.0
2025-08-31,33.0,28.1,0.0,75.0,77.0,1009.4,4.899999999999999,0.5714285714285714,-0.8999999999999773
2025-09-01,34.4,28.2,0.0,74.0,74.0,1007.9,6.199999999999999,0.42857142857142855,-1.5
2025-09-02,33.7,28.5,0.1,75.0,60.0,1008.2,5.200000000000003,0.5714285714285714,0.3000000000000682
2025-09-03,34.1,28.5,0.0,73.0,59.0,1008.2,5.600000000000001,0.5714285714285714,0.0
2025-09-04,35.2,28.5,0.0,71.0,62.0,1007.9,6.700000000000003,0.42857142857142855,-0.3000000000000682
2025-09-05,35.3,28.3,0.0,70.0,52.0,1008.2,6.9999999999999964,0.2857142857142857,0.3000000000000682
2025-09-06,34.5,28.7,0.0,72.0,55.0,1007.9,5.800000000000001,0.14285714285714285,-0.3000000000000682
2025-09-07,30.5,25.9,46.7,84.0,85.0,1006.2,4.600000000000001,0.2857142857142857,-1.6999999999999318
2025-09-08,28.6,25.0,85.6,86.0,91.0,1005.4,3.6000000000000014,0.42857142857142855,-0.8000000000000682
2025-09-09,29.9,27.7,13.1,84.0,86.0,1010.3,2.1999999999999993,0.42857142857142855,4.899999999999977
2025-09-10,32.4,27.5,0.1,80.0,83.0,1011.2,4.899999999999999,0.5714285714285714,0.900000000000091
2025-09-11,33.2,27.3,0.0,79.0,70.0,1011.1,5.900000000000002,0.5714285714285714,-0.10000000000002274
2025-09-12,33.6,28.0,0.0,73.0,31.0,1011.4,5.600000000000001,0.5714285714285714,0.2999999999999545
2025-09-13,33.9,28.0,0.0,71.0,27.0,1011.7,5.899999999999999,0.5714285714285714,0.3000000000000682
2025-09-14,34.0,27.7,0.0,72.0,24.0,1011.7,6.300000000000001,0.42857142857142855,0.0
2025-09-16,33.2,28.5,0.5,74.0,87.0,1011.2,4.700000000000003,0.42857142857142855,-0.5
2025-09-17,33.6,25.3,18.1,77.0,83.0,1009.9,8.3,0.42857142857142855,-1.3000000000000682
2025-09-18,33.3,28.2,1.4,74.0,74.0,1008.9,5.099999999999998,0.42857142857142855,-1.0
2025-09-19,30.0,27.0,0.4,73.0,85.0,1005.9,3.0,0.5714285714285714,-3.0
2025-09-20,28.5,25.0,98.4,91.0,98.0,1006.1,3.5,0.7142857142857143,0.20000000000004547
2025-09-21,27.5,25.7,81.6,94.0,93.0,1007.9,1.8000000000000007,0.8571428571428571,1.7999999999999545
2025-09-22,32.5,26.5,0.0,76.0,70.0,1006.3,6.0,0.8571428571428571,-1.6000000000000227
2025-09-23,31.4,26.2,10.2,70.0,89.0,999.5,5.199999999999999,0.8571428571428571,-6.7999999999999545
2025-09-24,27.2,25.0,170.1,91.0,95.0,994.0,2.1999999999999993,0.8571428571428571,-5.5
2025-09-25,28.5,27.0,1.7,86.0,91.0,1008.1,1.5,0.8571428571428571,14.100000000000023
2025-09-26,33.3,27.4,0.0,77.0,77.0,1012.7,5.899999999999999,0.7142857142857143,4.600000000000023
2025-09-28,31.4,28.1,0.7,79.0,86.0,1012.8,3.299999999999997,0.7142857142857143,0.09999999999990905
2025-09-29,32.7,27.8,0.0,78.0,85.0,1013.2,4.900000000000002,0.5714285714285714,0.40000000000009095
2025-09-30,32.8,27.0,0.0,74.0,80.0,1012.5,5.799999999999997,0.5714285714285714,-0.7000000000000455
2025-10-01,33.6,27.7,0.0,73.0,50.0,1012.2,5.900000000000002,0.42857142857142855,-0.2999999999999545
2025-10-03,33.4,27.8,0.0,73.0,43.0,1012.5,5.599999999999998,0.2857142857142857,0.2999999999999545
2025-10-04,33.4,27.5,0.6,70.0,60.0,1010.6,5.899999999999999,0.2857142857142857,-1.8999999999999773
2025-10-05,29.9,27.8,1.0,81.0,88.0,1010.8,2.099999999999998,0.42857142857142855,0.1999999999999318
2025-10-06,31.0,27.3,0.6,81.0,68.0,1013.1,3.6999999999999993,0.42857142857142855,2.300000000000068
2025-10-07,32.7,26.7,0.0,72.0,34.0,1013.6,6.0000000000000036,0.42857142857142855,0.5
2025-10-08,33.1,28.0,0.0,71.0,47.0,1012.8,5.100000000000001,0.42857142857142855,-0.8000000000000682
2025-10-10,32.1,27.8,0.1,75.0,56.0,1012.1,4.300000000000001,0.5714285714285714,-0.6999999999999318
2025-10-11,32.5,28.0,0.0,75.0,54.0,1011.4,4.5,0.5714285714285714,-0.7000000000000455
2025-10-12,29.1,26.6,15.7,85.0,83.0,1011.8,2.5,0.5714285714285714,0.39999999999997726
2025-10-13,31.0,27.1,3.8,84.0,75.0,1012.8,3.8999999999999986,0.5714285714285714,1.0
2025-10-14,32.0,26.7,5.5,80.0,55.0,1013.3,5.300000000000001,0.5714285714285714,0.5
2025-10-15,32.8,27.6,0.0,73.0,31.0,1013.4,5.199999999999996,0.5714285714285714,0.10000000000002274
2025-10-16,32.0,28.3,0.0,72.0,43.0,1013.8,3.6999999999999993,0.5714285714285714,0.39999999999997726
2025-10-17,32.2,28.1,0.0,72.0,49.0,1014.0,4.100000000000001,0.42857142857142855,0.20000000000004547
2025-10-18,32.8,28.3,0.0,74.0,48.0,1012.6,4.4999999999999964,0.42857142857142855,-1.3999999999999773
2025-10-19,32.9,28.2,0.0,67.0,66.0,1011.5,4.699999999999999,0.2857142857142857,-1.1000000000000227
2025-10-21,24.0,20.4,0.1,70.0,94.0,1014.4,3.6000000000000014,0.2857142857142857,2.8999999999999773
2025-10-22,20.9,18.2,3.3,76.0,92.0,1016.4,2.6999999999999993,0.2857142857142857,2.0
2025-10-23,22.8,18.7,0.0,65.0,88.0,1017.2,4.100000000000001,0.2857142857142857,0.8000000000000682
2025-10-26,29.2,24.2,0.0,57.0,79.0,1015.6,5.0,0.2857142857142857,-1.6000000000000227
2025-10-28,24.4,21.5,0.5,73.0,89.0,1017.1,2.8999999999999986,0.42857142857142855,1.5
2025-10-31,28.7,25.1,0.0,68.0,73.0,1015.6,3.599999999999998,0.42857142857142855,-1.5
2025-11-01,25.2,23.1,0.0,64.0,83.0,1017.2,2.099999999999998,0.42857142857142855,1.6000000000000227
2025-11-02,27.7,23.5,0.0,66.0,77.0,1017.4,4.199999999999999,0.2857142857142857,0.1999999999999318
2025-11-03,24.8,22.9,0.0,64.0,84.0,1017.9,1.9000000000000021,0.14285714285714285,0.5
2025-11-05,26.4,20.9,0.0,71.0,48.0,1013.6,5.5,0.14285714285714285,-4.2999999999999545
2025-11-06,27.3,23.0,0.3,75.0,79.0,1013.6,4.300000000000001,0.2857142857142857,0.0
2025-11-07,25.6,23.2,5.7,82.0,92.0,1014.8,2.400000000000002,0.2857142857142857,1.1999999999999318
2025-11-08,28.1,24.6,0.0,76.0,40.0,1015.4,3.5,0.2857142857142857,0.6000000000000227
2025-11-09,28.9,24.2,0.0,73.0,49.0,1012.0,4.699999999999999,0.2857142857142857,-3.3999999999999773
2025-11-10,27.2,23.3,0.0,65.0,82.0,1008.8,3.8999999999999986,0.2857142857142857,-3.2000000000000455
2025-11-12,25.3,20.8,0.0,63.0,78.0,1011.6,4.5,0.2857142857142857,2.800000000000068
2025-11-13,24.0,19.1,0.2,69.0,88.0,1015.4,4.899999999999999,0.42857142857142855,3.7999999999999545
2025-11-14,26.0,18.4,0.7,73.0,62.0,1017.1,7.600000000000001,0.42857142857142855,1.7000000000000455
2025-11-15,26.6,22.7,0.0,64.0,73.0,1019.4,3.900000000000002,0.2857142857142857,2.2999999999999545
2025-11-16,26.4,22.4,0.0,72.0,39.0,1020.3,4.0,0.2857142857142857,0.8999999999999773
2025-11-17,27.4,22.7,0.0,73.0,57.0,1019.9,4.699999999999999,0.2857142857142857,-0.39999999999997726
2025-11-19,16.8,13.2,0.1,41.0,89.0,1024.5,3.6000000000000014,0.42857142857142855,4.600000000000023
2025-11-21,22.5,17.3,0.0,41.0,77.0,1022.7,5.199999999999999,0.42857142857142855,-1.7999999999999545
2025-11-22,23.7,17.5,0.0,53.0,23.0,1021.4,6.199999999999999,0.2857142857142857,-1.3000000000000682
2025-11-23,25.2,20.3,0.0,67.0,55.0,1019.5,4.899999999999999,0.14285714285714285,-1.8999999999999773
2025-11-25,23.7,20.0,0.0,34.0,59.0,1018.9,3.6999999999999993,0.14285714285714285,-0.6000000000000227
2025-11-26,22.8,17.6,0.0,46.0,83.0,1019.5,5.199999999999999,0.14285714285714285,0.6000000000000227
2025-11-27,22.2,18.2,0.0,28.0,87.0,1020.3,4.0,0.14285714285714285,0.7999999999999545
2025-11-28,22.6,16.7,0.0,38.0,76.0,1017.9,5.900000000000002,0.0,-2.3999999999999773
2025-11-29,23.9,18.4,0.0,55.0,74.0,1016.0,5.5,0.0,-1.8999999999999773
2025-11-30,24.5,20.7,0.0,64.0,88.0,1015.1,3.8000000000000007,0.0,-0.8999999999999773
2025-12-01,25.6,21.0,1.3,79.0,74.0,1014.4,4.600000000000001,0.14285714285714285,-0.7000000000000455
2025-12-03,22.7,20.5,2.0,69.0,89.0,1019.4,2.1999999999999993,0.2857142857142857,5.0
2025-12-04,20.9,18.9,0.0,72.0,76.0,1021.4,2.0,0.2857142857142857,2.0
2025-12-05,22.8,18.9,0.0,72.0,45.0,1021.3,3.900000000000002,0.2857142857142857,-0.10000000000002274
2025-12-06,22.9,18.8,0.0,74.0,27.0,1019.8,4.099999999999998,0.2857142857142857,-1.5
2025-12-07,24.0,18.7,0.0,72.0,67.0,1019.5,5.300000000000001,0.2857142857142857,-0.2999999999999545
2025-12-08,25.5,20.5,0.0,59.0,30.0,1019.3,5.0,0.2857142857142857,-0.20000000000004547
2025-12-09,23.4,19.5,0.0,68.0,32.0,1019.8,3.8999999999999986,0.14285714285714285,0.5
2025-12-10,21.9,19.7,0.2,79.0,89.0,1018.8,2.1999999999999993,0.14285714285714285,-1.0
2025-12-11,26.0,20.4,0.0,70.0,69.0,1017.8,5.600000000000001,0.14285714285714285,-1.0
2025-12-12,21.8,20.3,0.0,71.0,56.0,1018.3,1.5,0.14285714285714285,0.5
2025-12-13,22.6,15.7,0.7,72.0,88.0,1019.8,6.900000000000002,0.2857142857142857,1.5
2025-12-15,19.9,15.6,0.0,56.0,23.0,1021.4,4.299999999999999,0.2857142857142857,1.6000000000000227
2025-12-16,22.9,18.0,0.0,69.0,34.0,1019.7,4.899999999999999,0.2857142857142857,-1.6999999999999318
2025-12-17,25.3,18.3,0.0,70.0,12.0,1019.7,7.0,0.2857142857142857,0.0
2025-12-18,22.4,19.1,0.0,73.0,52.0,1019.4,3.299999999999997,0.14285714285714285,-0.3000000000000682
2025-12-19,23.7,18.9,0.3,76.0,81.0,1016.6,4.800000000000001,0.2857142857142857,-2.7999999999999545
2025-12-20,24.9,21.2,0.0,64.0,65.0,1016.6,3.6999999999999993,0.2857142857142857,0.0
2025-12-21,24.7,19.9,0.0,74.0,41.0,1018.2,4.800000000000001,0.14285714285714285,1.6000000000000227
2025-12-22,21.0,19.0,0.0,74.0,76.0,1018.9,2.0,0.14285714285714285,0.6999999999999318
2025-12-23,21.3,18.9,0.3,74.0,73.0,1017.2,2.400000000000002,0.2857142857142857,-1.6999999999999318
2025-12-24,23.8,19.1,0.0,78.0,55.0,1014.6,4.699999999999999,0.2857142857142857,-2.6000000000000227
2025-12-25,20.8,14.8,1.7,66.0,77.0,1018.3,6.0,0.42857142857142855,3.699999999999932
2025-12-26,15.5,14.0,0.0,61.0,91.0,1021.2,1.5,0.2857142857142857,2.900000000000091
2025-12-27,19.5,13.8,0.0,66.0,44.0,1020.1,5.699999999999999,0.2857142857142857,-1.1000000000000227
2025-12-28,20.5,16.1,0.0,71.0,35.0,1019.0,4.399999999999999,0.2857142857142857,-1.1000000000000227
2025-12-29,21.5,16.8,0.0,75.0,20.0,1016.9,4.699999999999999,0.2857142857142857,-2.1000000000000227
2025-12-30,23.3,17.1,0.0,73.0,32.0,1015.4,6.199999999999999,0.14285714285714285,-1.5
2025-12-31,20.8,18.6,0.0,72.0,77.0,1014.8,2.1999999999999993,0.14285714285714285,-0.6000000000000227
