date,T_max,T_min,rain_mm,RH_mean,cloud,MSLP,DTR,rain_freq,MSLP_delta
2011-01-01,-1.7677674753969537,-1.804396953428921,-0.33691245782625123,-1.8612635904167314,-2.246610452981728,0.9943347471859112,-0.10274522077571516,-1.5335827028308142,
2011-01-02,-1.9338490744436103,-1.5360442603767914,-0.33691245782625123,-1.13260183449962,0.6321058642729436,1.1008642545912428,-1.5262657040397352,-1.5335827028308142,0.3113025851314078
2011-01-04,-2.2475587615317405,-1.9194052504512622,-0.2862622100825611,0.32472167733460267,1.1327521803172342,1.1921752609386824,-1.3405891192661679,-1.0905321949611295,0.26689217492554435
2011-01-05,-1.638592898360665,-1.5743803593842383,-0.33691245782625123,-0.039609200623953005,0.9658700749691373,0.9182422418963812,-0.4122061953983294,-1.0905321949611295,-0.798957670016138
2011-01-07,-2.4320938715835814,-2.4177745375480746,-0.33691245782625123,-1.3147672734788978,0.08973902189162859,1.7704783011391216,-0.3503140004738059,-1.0905321949611295,2.487412685220737
2011-01-08,-2.063023651479899,-2.4177745375480746,-0.33691245782625123,-1.13260183449962,-1.3287588735671951,1.3291417704598332,0.8875298980166468,-1.0905321949611295,-1.287472182281141
2011-01-09,-1.6201393873554806,-1.8619011019400915,-0.33691245782625123,-1.9523463099063703,-1.7876846632744616,1.1617382588228808,0.5780689233940336,-1.0905321949611295,-0.48808479857479087
2011-01-10,-2.0076631184643468,-2.1494218444959445,-0.33691245782625123,-2.0434290293960093,-1.1201562418820739,1.131301256707062,0.20671575384689803,-1.0905321949611295,-0.08839110672171677
2011-01-12,-3.0226062237494733,-2.858639676133716,-0.1596365907233357,0.962300713762075,0.8407084959580646,1.0399902503596223,-0.9073437547945093,-0.6474816870914448,-0.26603274754532213
2011-01-14,-1.3617902332829035,-1.6127164583916855,-0.33691245782625123,-0.6771882370514254,-0.11886360979349253,0.6899647260277908,0.6399611183185561,-1.0905321949611295,-1.0210097210456572
2011-01-15,-1.860035030422874,-2.28359819102201,-0.33691245782625123,-1.7701808709270925,-1.3287588735671951,1.359578772575652,1.1350986777147376,-1.0905321949611295,1.9544877627498705
2011-01-16,-2.4320938715835814,-2.436942587051798,-0.33691245782625123,-1.7701808709270925,-0.577789399500759,1.7704783011391216,-0.2884218055492835,-1.0905321949611295,1.1995107892495354
2011-01-17,-2.2475587615317405,-2.5327828345704155,-0.33691245782625123,-1.3147672734788978,-1.1201562418820739,1.7704783011391216,0.6399611183185561,-1.0905321949611295,0.00042971369011113775
2011-01-18,-1.7862209864021374,-1.8619011019400915,-0.33691245782625123,-0.4950227980721476,-0.36918676781563786,1.2682677662282127,0.02103916907333078,-1.0905321949611295,-1.4651138231047462
2011-01-19,-1.5463253433347444,-1.6893886564065796,-0.33691245782625123,0.14255623835532483,0.08973902189162859,0.9030237408384716,0.26860794877141936,-1.0905321949611295,-1.0654201312515712
2011-01-20,-1.490964810319192,-1.459372062361897,-0.33691245782625123,-0.6771882370514254,0.7572674432840162,0.7051832270857004,-0.2884218055492835,-1.5335827028308142,-0.5769056189866187
2011-01-21,-1.7862209864021374,-2.187757943503392,-0.33691245782625123,-1.4969327124581757,-1.704243610600413,1.0247717493017128,1.0732064827902164,-1.5335827028308142,0.9330483280140518
2011-01-22,-2.210651739521372,-1.9194052504512622,-0.33691245782625123,-0.6771882370514254,0.3817827062507982,1.3747972736335616,-1.216804729417122,-1.5335827028308142,1.0218691484259301
2011-01-23,-1.7493139643917692,-1.727724755414027,-0.33691245782625123,-0.7682709565410644,-0.6195099258377832,1.4052342757493632,-0.28842180554928243,-1.5335827028308142,0.08925053410188855
2011-01-24,-1.9153955634384265,-1.881069151443815,-0.33691245782625123,-1.223684553989259,0.5486648115988951,1.6487302926758631,-0.350314000473807,-1.5335827028308142,0.710996276984583
2011-01-25,-1.7493139643917692,-1.8235650029326445,-0.33691245782625123,-0.5861055175617865,-0.41090729415266214,1.7856968021970137,0.02103916907333078,-1.5335827028308142,0.4001234055432357
2011-01-26,-1.4725112993140077,-1.9002372009475388,-0.33691245782625123,-0.22177463960323085,-1.6208025579263647,1.8313523053707248,1.196990872639261,-1.5335827028308142,0.1336609443078025
2011-01-27,-1.4356042773036395,-1.5360442603767914,-0.33691245782625123,-0.039609200623953005,0.3817827062507982,1.8161338043128328,0.1448235589223756,-1.5335827028308142,-0.04398069651575233
2011-01-28,-1.7493139643917692,-1.7085567059103033,-0.33691245782625123,-0.8593536760307032,0.3817827062507982,1.7248227979653932,-0.35031400047380484,-1.5335827028308142,-0.26603274754532213
2011-01-29,-2.044570140474715,-2.168589893999668,-0.33691245782625123,-2.407759907354565,-0.07714308345646831,1.9226633117181817,0.1448235589223745,-1.5335827028308142,0.5777650463668916
2011-01-30,-2.1183841844954516,-2.513614785066692,-0.33691245782625123,-2.3166771878649257,0.4235032325878224,2.1052853244130607,1.0113142878656927,-1.5335827028308142,0.5333546361609777
2011-02-01,-1.8046744974073217,-1.9577413494587093,-0.33691245782625123,-0.6771882370514254,-0.41090729415266214,1.5422007852705313,0.26860794877142047,-1.5335827028308142,-1.6427554639283517
2011-02-02,-1.5094183213243757,-1.881069151443815,-0.33691245782625123,-1.223684553989259,-1.5373615052523162,1.2682677662282127,1.0113142878656927,-1.5335827028308142,-0.7989576700161886
2011-02-03,-1.5094183213243757,-1.7085567059103033,-0.33691245782625123,-0.22177463960323085,-1.495640978915292,1.1465197577649713,0.4542845335449899,-1.5335827028308142,-0.35485356795709955
2011-02-04,-1.0849875682051418,-1.6510525573991326,-0.33691245782625123,-0.22177463960323085,-2.6638157163519702,0.7508387302594114,1.6921284320354404,-1.5335827028308142,-1.1542409516633991
2011-02-05,-0.9373594801636688,-1.4402040128581737,-0.33691245782625123,-0.7682709565410644,-2.580374663677922,0.7508387302594114,1.506451847261873,-1.5335827028308142,0.00042971369011113775
2011-02-06,-0.9189059691584844,-1.4018679138507264,-0.33691245782625123,-1.4969327124581757,-1.704243610600413,0.5225612143908211,1.4445596523373507,-1.5335827028308142,-0.6657264393984467
2011-02-07,-0.8450919251377482,-0.9993388742725323,-0.33691245782625123,-1.13260183449962,-0.32746624147861364,0.005132178422020021,0.3923923386204664,-1.5335827028308142,-1.5095242333106098
2011-02-08,-0.5313822380496185,-0.9418347257613615,-0.33691245782625123,-0.039609200623953005,-0.7446715048488559,-0.4514228533151605,1.2588830675637823,-1.5335827028308142,-1.3318825924870046
2011-02-09,-0.5867427710651704,-1.0568430227837025,-0.33691245782625123,0.5068871163138805,-0.03542255711944408,-0.39054884908353993,1.4445596523373507,-1.5335827028308142,0.17807135451371647
2011-02-10,-1.048080546194773,-1.210187418813491,-0.33691245782625123,0.14255623835532483,-0.9949946628710012,0.06600618265364064,0.3923923386204664,-1.5335827028308142,1.3327420198672268
2011-02-12,-1.9892096074591628,-1.6127164583916855,-0.33691245782625123,-0.5861055175617865,0.7989879696210405,1.0856457535333508,-1.4643735091152128,-1.5335827028308142,2.9759271974856896
2011-02-13,-2.339826316557661,-2.264430141518286,0.38063271854269254,0.8712179942724362,0.8824290222950889,0.7508387302594114,-0.5359905852473743,-1.0905321949611295,-0.9765993108397938
2011-02-14,-2.727350047666527,-2.5902869830815862,-0.31158733395440613,-0.31285735909286977,0.9241495486321131,1.2530492651703031,-0.783559364945464,-0.6474816870914448,1.4659732504849181
2011-02-15,-2.7827105806820795,-2.2069259930071157,-0.20184513050974415,0.6890525552931583,0.8824290222950889,1.2682677662282127,-2.207079848209485,-0.20443117922176018,0.04484012389602509
2011-02-19,-2.376733338568029,-1.9002372009475388,-0.2524953782534343,1.2355488722309917,1.3413548120023553,0.7812757323752304,-1.8357266786623483,0.2386193286479245,-1.4207034128987819
2011-02-20,-2.063023651479899,-1.9002372009475388,-0.2989247720184836,0.32472167733460267,0.9658700749691373,1.0399902503596223,-0.783559364945464,0.6816698365176094,0.7554066871904465
2011-02-22,-1.675499920371033,-1.4977081613693441,-0.33691245782625123,-1.223684553989259,0.5903853379359193,0.9638977450700922,-0.7835593649454651,0.6816698365176094,-0.22162233733940814
2011-02-23,-1.1403481012206935,-1.3060276663321086,-0.33691245782625123,-0.7682709565410644,-0.32746624147861364,0.7964942334331225,0.3923923386204664,0.6816698365176094,-0.4880847985748413
2011-02-24,-0.7712778811170115,-1.171851319806044,-0.33691245782625123,0.14255623835532483,-0.20230466246754097,0.5377797154487306,1.196990872639261,0.2386193286479245,-0.7545472598102241
2011-02-25,-0.8081849031273801,-0.9801708247688086,-0.33691245782625123,0.32472167733460267,-0.03542255711944408,0.5682167175645323,0.4542845335449877,-0.20443117922176018,0.08925053410188855
2011-02-26,-0.7712778811170115,-1.0760110722874263,-0.33691245782625123,-0.22177463960323085,0.4235032325878224,0.7812757323752304,0.887529898016648,-0.6474816870914448,0.6221754565728055
2011-02-28,0.022223092105904722,-0.9226666762576378,-0.33691245782625123,-0.4039400785825087,-1.87112571594851,0.2181911932327008,3.053756720374938,-1.0905321949611295,-1.6427554639283517
2011-03-03,-0.9004524581533007,-1.3060276663321086,-0.3326916038476104,-0.13069192011359193,-0.16058413613051675,0.9030237408384716,1.1969908726392589,-1.0905321949611295,1.9988981729557844
2011-03-04,-1.2326156562466142,-1.3635318148432793,-0.33691245782625123,-0.7682709565410644,0.34006217991377397,1.0856457535333508,0.2686079487714215,-1.0905321949611295,0.5333546361609777
2011-03-05,-1.6201393873554806,-1.344363765339556,-0.33691245782625123,-0.5861055175617865,0.5903853379359193,0.7964942334331225,-1.093020339568077,-1.0905321949611295,-0.8433680802221025
2011-03-06,-0.8081849031273801,-0.9226666762576378,-0.3326916038476104,0.14255623835532483,0.7989879696210405,0.3551577027538515,0.26860794877141936,-0.6474816870914448,-1.2874721822810906
2011-03-07,-0.5313822380496185,-1.210187418813491,-0.315808187933047,-0.4950227980721476,-0.07714308345646831,0.6290907217961702,2.1253737965070987,-0.20443117922176018,0.7998170973964108
2011-03-08,-1.638592898360665,-1.727724755414027,-0.23983281631751177,-0.22177463960323085,0.7989879696210405,1.1921752609386824,0.0829313639978521,0.2386193286479245,1.6436148913085236
2011-03-09,-1.7308604533865855,-1.842733052436368,-0.23561196233887094,-1.0415191150099812,0.8407084959580646,1.4052342757493632,0.1448235589223745,0.6816698365176094,0.6221754565727551
2011-03-10,-1.4356042773036395,-1.3635318148432793,-0.3326916038476104,-1.0415191150099812,0.8407084959580646,1.3900157746914712,-0.41220619539832837,0.6816698365176094,-0.04398069651575233
2011-03-11,-1.1403481012206935,-1.1910193693097675,-0.33691245782625123,-0.31285735909286977,0.7989879696210405,1.1160827556491524,0.02103916907333078,0.6816698365176094,-0.7989576700161886
2011-03-12,-0.6605568150859071,-0.9993388742725323,-0.33691245782625123,0.05147351886568591,-0.7029509785118317,0.7964942334331225,1.0113142878656927,0.6816698365176094,-0.9321889006338799
2011-03-13,-0.2730330839770406,-0.9418347257613615,-0.33691245782625123,0.23363895784496375,-1.2453178208931466,0.46168721015920056,2.1253737965071005,0.2386193286479245,-0.9765993108397434
2011-03-14,-0.05159095191483145,-0.4434654386645491,-0.33691245782625123,0.14255623835532483,-0.8281125575229044,0.30950219958014036,1.2588830675637823,-0.20443117922176018,-0.4436743883689274
2011-03-17,-1.6016858763502964,-1.459372062361897,-0.30736647997576527,-2.225594468375287,0.9658700749691373,1.3747972736335616,-0.659774975096418,-0.20443117922176018,3.109158428103381
2011-03-18,-1.8784885414280579,-1.516876210873068,-0.2440536702961526,0.05147351886568591,1.0075906013061615,0.7356202292015019,-1.4024813141906893,-0.20443117922176018,-1.8648075149578711
2011-03-19,-1.638592898360665,-1.382699864347003,0.1316023338028826,1.6909624696791865,1.2996342856653311,0.12688018688526123,-1.0311281446435558,-0.20443117922176018,-1.775986694546043
2011-03-21,0.11449064713182526,-0.30928909213848443,-0.33691245782625123,1.1444661527413529,-0.32746624147861364,-0.10139732898332902,1.3826674574128273,-0.20443117922176018,-0.6657264393984467
2011-03-23,-1.5647788543399281,-1.4785401118656205,-0.33691245782625123,-0.5861055175617865,0.8407084959580646,1.359578772575652,-0.4740983903228508,-0.20443117922176018,4.263829093456891
2011-03-25,-0.9558129911688524,-1.4402040128581737,-0.33691245782625123,-1.4058499929685369,0.6738263906099677,1.6182932905600613,1.4445596523373518,-0.20443117922176018,0.7554066871904969
2011-03-26,-0.9189059691584844,-1.1143471712948732,-0.33691245782625123,-1.4969327124581757,0.6738263906099677,1.5726377873863329,0.5161767284695112,-0.20443117922176018,-0.1328015169276307
2011-03-27,-1.823128008412506,-1.6318845078954092,-0.30314562599712447,-0.6771882370514254,0.7572674432840162,1.5422007852705313,-0.8454515598699874,-0.20443117922176018,-0.08839110672166628
2011-03-29,-1.1034410792103255,-1.3251957158358325,-0.33691245782625123,-2.498842626844204,0.6738263906099677,1.4965452820968028,0.5780689233940347,-0.6474816870914448,-0.1328015169276307
2011-03-30,-1.0665340571999573,-1.0376749732799793,-0.3284707498689695,-2.407759907354565,0.8407084959580646,1.2682677662282127,-0.22652961062475999,-0.6474816870914448,-0.6657264393984467
2011-04-01,-0.143858506940752,-0.9993388742725323,-0.33691245782625123,-0.6771882370514254,-1.9545667686225585,0.5986537196803513,2.744295745752327,-0.6474816870914448,-1.9536283353696486
2011-04-02,0.11449064713182526,-0.5968098346943376,-0.33691245782625123,-0.4950227980721476,-1.9962872949595827,0.33993920169594205,2.311050381280667,-0.6474816870914448,-0.7545472598102746
2011-04-06,-0.5682892600599866,-0.9034986267539146,-0.33691245782625123,-1.0415191150099812,-0.11886360979349253,0.8269312355489415,1.0113142878656927,-0.6474816870914448,1.4215628402790548
2011-04-07,0.040676603111089095,-0.6159778841980614,-0.33691245782625123,-0.039609200623953005,-1.1201562418820739,0.6443092228540624,2.1253737965071005,-0.6474816870914448,-0.5324952087807553
2011-04-08,0.29902575718366636,-0.48180153767199607,-0.33691245782625123,-0.4039400785825087,-2.16316940030768,0.7204017281435925,2.5586191609787563,-1.0905321949611295,0.2224817647196304
2011-04-12,-0.18076552895112008,-0.30928909213848443,-0.33691245782625123,-0.4039400785825087,0.34006217991377397,0.7964942334331225,0.3923923386204664,-1.0905321949611295,0.2224817647196304
2011-04-14,0.5204678892458762,-0.2134488446198667,-0.33691245782625123,-0.22177463960323085,-1.3287588735671951,0.0203506794799295,2.434834771129714,-1.5335827028308142,-2.2645012068109454
2011-04-15,0.4835608672355074,-0.021768349582631272,-0.33691245782625123,-0.039609200623953005,-0.16058413613051675,-0.3448933459098288,1.6921284320354404,-1.5335827028308142,-1.0654201312516218
2011-04-16,0.26211873517329826,0.11240799694343341,-0.33691245782625123,0.4158043968242416,-0.20230466246754097,-0.39054884908353993,0.5161767284695112,-1.5335827028308142,-0.13280151692758022
2011-04-17,0.24366522416811454,0.15074409595088037,0.7900555544708545,1.2355488722309917,1.0075906013061615,-0.5883893628363113,0.33050014369594505,-1.0905321949611295,-0.5769056189866187
2011-04-19,0.13294415813700963,-0.15594469610869596,-0.33691245782625123,-1.223684553989259,-1.2453178208931466,0.2790651974643214,0.9494220929411692,-1.0905321949611295,2.5318230954266006
2011-04-20,-0.4022076610133292,-0.30928909213848443,-0.33691245782625123,-0.039609200623953005,0.5069442852618709,0.6443092228540624,-0.35031400047380484,-1.0905321949611295,1.0662795586317937
2011-04-22,0.26211873517329826,-0.07927249809380205,-0.3284707498689695,0.14255623835532483,-0.03542255711944408,-0.14705283215704015,1.1350986777147376,-0.6474816870914448,-2.308911617016859
2011-04-23,-0.6605568150859071,-0.46263348816827293,-0.23983281631751177,0.6890525552931583,0.6738263906099677,0.2334096942906103,-0.7216671700209415,-0.20443117922176018,1.1106899688377077
2011-04-24,0.29902575718366636,-0.46263348816827293,-0.33691245782625123,-2.498842626844204,-1.495640978915292,0.30950219958014036,2.496726966054235,-0.20443117922176018,0.2224817647196304
2011-04-25,0.3912933122095869,-0.23261689412359055,-0.33691245782625123,-1.13260183449962,-1.5373615052523162,0.035569180537821675,2.063481601582577,-0.20443117922176018,-0.7989576700161886
2011-04-26,0.22521171316293018,-0.07927249809380205,-0.33691245782625123,-0.8593536760307032,-0.8281125575229044,-0.39054884908353993,1.0113142878656927,-0.6474816870914448,-1.2430617720751767
2011-04-27,0.4282003342199556,0.2465843434694981,-0.33691245782625123,-0.039609200623953005,-0.03542255711944408,-0.7253558723574792,0.6399611183185583,-0.6474816870914448,-0.9765993108397938
2011-04-28,0.151397669142194,0.2849204424769457,-0.3200290419116878,0.8712179942724362,0.8824290222950889,-0.39054884908353993,-0.41220619539832837,-0.20443117922176018,0.9774587382200162
2011-04-29,-0.5313822380496185,0.07407189793598645,-0.07099865717187795,1.4177143112102697,1.1327521803172342,-0.14705283215704015,-2.021403263435918,-0.20443117922176018,0.710996276984583
2011-04-30,0.05913011411627346,0.20824824446205112,-0.3326916038476104,0.7801352747827972,0.715546916946992,-0.2840193416781909,-0.47409839032284967,-0.20443117922176018,-0.39926397816301346
2011-05-04,-0.014683929904463364,0.189080194958328,-0.30736647997576527,0.6890525552931583,0.7572674432840162,-0.31445634379400983,-0.6597749750964202,0.2386193286479245,-0.08839110672171677
2011-05-08,0.5020143782406918,0.6491133830476928,-0.33691245782625123,0.5068871163138805,0.5903853379359193,-0.6188263649521302,-0.41220619539832837,0.2386193286479245,-0.887778490427966
2011-05-09,0.6865494882925329,0.6107772840402459,-0.33691245782625123,0.5068871163138805,-0.20230466246754097,-0.7710113755311904,0.3305001436959429,0.2386193286479245,-0.4436743883689274
2011-05-11,1.1478872634221355,1.0324743731221637,-0.33691245782625123,0.14255623835532483,0.2566211272397255,-0.9688518892839617,0.5161767284695112,0.2386193286479245,-0.5769056189866187
2011-05-12,1.055619708396215,1.0708104721296106,-0.3284707498689695,0.14255623835532483,0.29834165357674974,-0.7405743734153714,0.0829313639978532,0.2386193286479245,0.666585866778669
2011-05-13,0.3728398012044032,0.5149370365216281,1.077073625018432,0.962300713762075,0.715546916946992,-0.436204352257251,-0.41220619539832837,0.2386193286479245,0.8886379178081882
2011-05-14,0.24366522416811454,0.2465843434694981,0.2751113690766714,1.2355488722309917,0.8824290222950889,-0.025304823693798936,0.02103916907333188,0.2386193286479245,1.199510789249485
2011-05-15,-0.3099401059874087,0.2849204424769457,-0.21450769244566673,1.3266315917206308,0.8824290222950889,0.24862819534851976,-1.9595110685113943,0.2386193286479245,0.7998170973964108
2011-05-16,0.3543862901992188,0.2657523929732219,-0.020348409428187803,1.2355488722309917,0.9658700749691373,0.0203506794799295,0.3305001436959429,0.6816698365176094,-0.6657264393984467
2011-05-17,-0.3837541500081455,0.054903848432262634,-0.3242498958903287,0.7801352747827972,0.7572674432840162,-0.20792683638866077,-1.4643735091152128,1.124720344387294,-0.6657264393984467
2011-05-19,0.5204678892458762,0.2849204424769457,-0.33691245782625123,0.14255623835532483,0.0062979692175801445,-0.39054884908353993,0.8256377030921244,1.124720344387294,-0.5324952087807553
2011-05-20,0.7050029992977173,0.47660093751418114,-0.33691245782625123,0.4158043968242416,0.08973902189162859,-0.6492633670679492,0.8256377030921244,0.6816698365176094,-0.7545472598102746
2011-05-21,0.5204678892458762,0.47660093751418114,1.4696130450320304,1.053383433251714,0.6321058642729436,-0.86232238187863,0.20671575384689803,0.6816698365176094,-0.6213160291925327
2011-05-22,0.0037695811007210068,0.20824824446205112,2.6092436192650585,1.5087970306999086,0.9241495486321131,-1.0145073924576902,-0.659774975096418,0.6816698365176094,-0.4436743883689274
2011-05-23,-0.07004446292001582,0.20824824446205112,0.055626962187347445,0.7801352747827972,0.9658700749691373,-0.8014483776470093,-0.9073437547945099,0.6816698365176094,0.6221754565727551
2011-05-24,-0.3837541500081455,-0.4434654386645491,-0.13009061287284976,0.5979698358035194,0.8407084959580646,-0.4818598554309795,0.1448235589223745,0.6816698365176094,0.9330483280141022
2011-05-25,-0.3837541500081455,-0.2134488446198667,-0.3242498958903287,0.5068871163138805,0.8407084959580646,-0.39054884908353993,-0.5978827801718967,0.6816698365176094,0.26689217492554435
2011-05-26,0.5204678892458762,0.11240799694343341,-0.33691245782625123,-0.9504363955203422,-0.36918676781563786,-0.5275153586046906,1.3826674574128295,0.6816698365176094,-0.39926397816301346
2011-05-27,0.5942819332666124,0.3999287394992866,-0.33691245782625123,-0.6771882370514254,-0.4943483468267106,-0.831885379762811,0.7018533132430795,0.6816698365176094,-0.887778490427966
2011-05-28,0.6311889552769804,0.45743288801045734,-0.33691245782625123,-1.13260183449962,-1.87112571594851,-0.9231963861102506,0.6399611183185561,0.2386193286479245,-0.26603274754532213
2011-05-29,0.4835608672355074,0.6107772840402459,-0.33691245782625123,0.14255623835532483,-0.7029509785118317,-0.2992378427361003,-0.350314000473807,-0.20443117922176018,1.8212565321321792
2011-05-30,0.5389214002510598,0.30408849198066884,-0.33691245782625123,-0.6771882370514254,-1.662523084263389,-0.14705283215704015,0.8256377030921244,-0.6474816870914448,0.44453381574914974
2011-05-31,1.055619708396215,0.22741629396577495,-0.33691245782625123,-0.9504363955203422,-1.0784357155450497,-0.7862298765890998,2.8061879406768484,-1.0905321949611295,-1.8648075149578711
2011-06-01,0.8341775763340059,0.6682814325514166,-0.33691245782625123,-0.4039400785825087,-1.1618767682190982,-0.907977885052341,0.6399611183185561,-1.5335827028308142,-0.35485356795709955
2011-06-02,0.8710845983443739,0.7641216800700343,-0.33691245782625123,0.23363895784496375,-0.20230466246754097,-0.4818598554309795,0.4542845335449877,-1.5335827028308142,1.243921199455399
2011-06-03,0.7788170433184534,0.8791299770923752,-0.33691245782625123,-0.22177463960323085,0.0062979692175801445,-0.4514228533151605,-0.22652961062475999,-1.5335827028308142,0.08925053410193905
2011-06-04,0.8895381093495583,0.9558021751072698,-0.33691245782625123,0.14255623835532483,0.3817827062507982,-0.573170861778419,-0.10274522077571516,-1.5335827028308142,-0.35485356795715
2011-06-09,1.4246899284998973,0.7641216800700343,-0.21872854642430756,-0.13069192011359193,-0.36918676781563786,-0.9688518892839617,2.311050381280667,-1.0905321949611295,-1.1542409516633487
2011-06-10,1.2217013074428718,0.9558021751072698,-0.33691245782625123,-0.31285735909286977,0.08973902189162859,-1.3188774136158106,1.0113142878656907,-1.0905321949611295,-1.0210097210457079
2011-06-11,1.0002591753806633,0.936634125603546,0.15270660369608685,0.23363895784496375,0.6738263906099677,-1.1666924030367503,0.33050014369594505,-0.6474816870914448,0.44453381574914974
2011-06-12,0.5020143782406918,0.5341050860253512,0.8618100721077488,0.6890525552931583,0.8407084959580646,-0.7557928744732809,-0.04085302585119164,-0.20443117922176018,1.1995107892495354
2011-06-13,0.907991620354742,0.8791299770923752,-0.08788207308644132,0.4158043968242416,0.29834165357674974,-0.7101373712995698,0.20671575384689803,0.2386193286479245,0.1336609443078025
2011-06-14,0.907991620354742,1.2049868186556754,-0.23561196233887094,0.14255623835532483,0.5069442852618709,-0.831885379762811,-0.8454515598699863,0.6816698365176094,-0.35485356795709955
2011-06-15,1.0002591753806633,1.0708104721296106,-0.23561196233887094,-0.039609200623953005,0.2566211272397255,-1.0145073924576902,-0.10274522077571295,1.124720344387294,-0.5324952087807553
2011-06-16,0.29902575718366636,0.5341050860253512,2.837169734111665,1.5087970306999086,0.7989879696210405,-1.1362554009209314,-0.7216671700209415,1.124720344387294,-0.35485356795709955
2011-06-17,0.5758284222614279,0.7641216800700343,2.934249375620404,1.5087970306999086,0.9658700749691373,-0.9688518892839617,-0.5359905852473754,1.5677708522569789,0.4889442259550637
2011-06-18,1.055619708396215,0.9558021751072698,-0.2862622100825611,0.4158043968242416,-0.07714308345646831,-1.0297258935155995,0.4542845335449877,1.5677708522569789,-0.17721192713354467
2011-06-20,1.2401548184480562,1.0516424226258876,-0.33691245782625123,-0.22177463960323085,-1.2035972945561224,-1.273221910442082,0.7637455081676009,1.124720344387294,-0.7101368496043101
2011-06-21,1.1847942854325044,0.8216258285812045,0.013418422400938991,0.32472167733460267,-0.03542255711944408,-1.5928104326581118,1.3207752624883082,1.124720344387294,-0.9321889006338799
2011-06-22,0.3359327791940351,0.629945333543969,1.4105210893310587,1.4177143112102697,0.8824290222950889,-2.247205978148081,-0.9073437547945077,1.124720344387294,-1.909217925163785
2011-06-24,0.7972705543236378,0.9174660760998221,-0.31158733395440613,0.5979698358035194,0.17318007456567705,-1.9428359569899607,-0.2884218055492813,1.124720344387294,0.8886379178081882
2011-06-25,1.0002591753806633,0.9558021751072698,-0.33691245782625123,0.05147351886568591,-0.16058413613051675,-1.8667434517004307,0.2686079487714215,0.6816698365176094,0.2224817647196304
2011-06-28,0.40974682321477124,0.4957689870179043,4.16251788340489,1.4177143112102697,1.09103165398021,-1.227566407268371,-0.22652961062475999,0.6816698365176094,1.8656669423380932
2011-06-29,0.3912933122095869,0.47660093751418114,2.892040835833996,1.4177143112102697,1.09103165398021,-1.0449443945734918,-0.22652961062476218,0.6816698365176094,0.5333546361609777
2011-06-30,0.6865494882925329,0.5341050860253512,-0.1132071969582864,0.962300713762075,0.7572674432840162,-0.7557928744732809,0.5780689233940347,1.124720344387294,0.8442275076022743
2011-07-01,0.5573749112562443,0.8024577790774813,0.13582318778152344,0.7801352747827972,0.2566211272397255,-0.5579523607205096,-0.7216671700209415,1.124720344387294,0.5777650463668411
2011-07-04,1.1109802414117669,1.0708104721296106,-0.33691245782625123,-0.22177463960323085,-1.4539204525782679,-0.5275153586046906,0.26860794877141936,0.6816698365176094,0.08925053410193905
2011-07-05,1.0925267304065838,1.0708104721296106,-0.33691245782625123,-0.22177463960323085,-1.7459641369374372,-0.7405743734153714,0.20671575384690022,0.2386193286479245,-0.6213160291925327
2011-07-06,1.129433752416951,1.1283146206407815,-0.33691245782625123,-0.4039400785825087,-1.2035972945561224,-1.1971294051525518,0.1448235589223745,0.2386193286479245,-1.3318825924870046
2011-07-07,1.0925267304065838,1.1666507196482283,-0.33691245782625123,-0.4039400785825087,-1.0784357155450497,-1.2884404114999914,-0.10274522077571295,-0.20443117922176018,-0.26603274754532213
2011-07-08,1.129433752416951,1.2049868186556754,-0.33691245782625123,-0.13069192011359193,-0.36918676781563786,-1.227566407268371,-0.10274522077571516,-0.6474816870914448,0.17807135451371647
2011-07-09,0.9818056643754789,1.1666507196482283,-0.33691245782625123,0.05147351886568591,-0.03542255711944408,-1.3645329167895215,-0.47409839032284967,-1.0905321949611295,-0.39926397816301346
2011-07-11,0.7972705543236378,0.9558021751072698,1.0644110630825097,0.6890525552931583,0.8407084959580646,-1.7145584411213703,-0.41220619539832837,-1.0905321949611295,-1.0210097210457079
2011-07-12,0.3912933122095869,0.8599619275886521,0.12316062584560096,1.053383433251714,0.8407084959580646,-1.6689029379476419,-1.464373509115215,-0.6474816870914448,0.133660944307853
2011-07-13,0.5942819332666124,0.7449536305663105,0.5832337095174531,1.3266315917206308,0.5069442852618709,-1.5928104326581118,-0.41220619539832837,-0.20443117922176018,0.2224817647196304
2011-07-14,0.3543862901992188,0.7257855810625867,0.18647343552521364,1.2355488722309917,0.7989879696210405,-1.5775919316002023,-1.1549125344925995,0.2386193286479245,0.04484012389602509
2011-07-15,0.28057224617848264,0.591609234536522,1.1361655807194038,1.4177143112102697,0.7989879696210405,-1.5775919316002023,-0.9692359497190312,0.6816698365176094,0.00042971369011113775
2011-07-16,0.22521171316293018,0.47660093751418114,2.2167041992514602,1.053383433251714,0.8407084959580646,-1.6232474347739307,-0.7835593649454651,1.124720344387294,-0.1328015169276307
2011-07-17,0.5758284222614279,0.9558021751072698,-0.3284707498689695,0.5068871163138805,0.5903853379359193,-1.8971804538162322,-1.1549125344926017,1.5677708522569789,-0.798957670016138
2011-07-18,0.760363532313269,0.6682814325514166,-0.15541573674469486,0.6890525552931583,0.6738263906099677,-1.9884914601636718,0.3923923386204642,1.5677708522569789,-0.26603274754532213
2011-07-19,0.5942819332666124,0.6682814325514166,-0.10054463502236388,0.7801352747827972,0.7572674432840162,-1.851524950642521,-0.16463741570023868,1.5677708522569789,0.4001234055432357
2011-07-20,0.3359327791940351,0.7257855810625867,0.3046573469271573,0.8712179942724362,0.8824290222950889,-1.6080289337160214,-1.216804729417121,1.5677708522569789,0.710996276984583
2011-07-21,0.8157240653288215,0.8791299770923752,-0.33691245782625123,0.14255623835532483,0.0062979692175801445,-1.2123479062104614,-0.10274522077571516,1.124720344387294,1.1551003790436216
2011-07-22,1.129433752416951,0.8407938780849282,-0.1596365907233357,0.32472167733460267,-0.16058413613051675,-0.9840703903418712,1.0732064827902141,1.124720344387294,0.666585866778669
2011-07-23,1.055619708396215,1.0899785216333344,-0.33691245782625123,-0.13069192011359193,-1.0367151892080255,-0.8014483776470093,0.02103916907332968,0.6816698365176094,0.5333546361609272
2011-07-24,1.0002591753806633,0.9941382741147168,-0.33691245782625123,0.05147351886568591,-1.5790820315893404,-0.7710113755311904,0.14482355892237672,0.2386193286479245,0.08925053410193905
2011-07-25,1.2217013074428718,1.1858187691519522,-0.33691245782625123,0.05147351886568591,-0.7029509785118317,-0.8775408829365394,0.26860794877141936,-0.20443117922176018,-0.31044315775123604
2011-07-26,1.16634077442732,1.0899785216333344,-0.33691245782625123,-0.13069192011359193,-0.8281125575229044,-0.7862298765890998,0.3923923386204664,-0.6474816870914448,0.26689217492554435
2011-07-29,0.6127354442717967,0.7257855810625867,0.18647343552521364,0.8712179942724362,0.7572674432840162,-1.4862809252527802,-0.2884218055492813,-0.6474816870914448,-2.0424491557814766
2011-07-31,1.055619708396215,0.9558021751072698,-0.33691245782625123,0.23363895784496375,-0.32746624147861364,-1.1666924030367503,0.4542845335449877,-0.6474816870914448,0.9330483280141022
2011-08-01,1.2770618404584249,0.898298026596099,-0.33691245782625123,-0.13069192011359193,-1.2035972945561224,-1.0753813966893107,1.3826674574128295,-1.0905321949611295,0.26689217492554435
2011-08-02,1.129433752416951,0.9941382741147168,-0.33691245782625123,-0.4039400785825087,-1.87112571594851,-0.8927593839944316,0.5780689233940325,-1.0905321949611295,0.5333546361609777
2011-08-03,1.0740732194013993,0.9749702246109929,-0.33691245782625123,-0.4039400785825087,-1.9128462422855343,-1.0297258935155995,0.4542845335449899,-1.0905321949611295,-0.39926397816306397
2011-08-04,1.3693293954843453,0.9941382741147168,-0.33691245782625123,-0.22177463960323085,-1.2035972945561224,-1.4710624241948707,1.3826674574128295,-1.0905321949611295,-1.2874721822810906
2011-08-05,1.2401548184480562,1.0899785216333344,-0.33691245782625123,-0.31285735909286977,-0.5360688731637347,-1.7449954432371722,0.6399611183185561,-1.0905321949611295,-0.798957670016138
2011-08-06,1.1847942854325044,1.1283146206407815,-0.33691245782625123,-0.31285735909286977,-0.9532741365339771,-1.8819619527583227,0.33050014369594505,-1.5335827028308142,-0.39926397816301346
2011-08-07,1.5169574835258177,1.2433229176631229,-0.33691245782625123,-0.22177463960323085,-0.2440251888045652,-1.5928104326581118,1.0732064827902141,-1.5335827028308142,0.8442275076022743
2011-08-08,0.7972705543236378,0.6682814325514166,0.5958962714533758,0.14255623835532483,0.3817827062507982,-1.2580034093841899,0.5161767284695112,-1.0905321949611295,0.9774587382199657
2011-08-09,0.8710845983443739,0.7449536305663105,0.0809520860591925,0.7801352747827972,0.7572674432840162,-1.227566407268371,0.5161767284695112,-0.6474816870914448,0.08925053410193905
2011-08-10,0.28057224617848264,0.591609234536522,2.2167041992514602,1.3266315917206308,0.715546916946992,-1.0297258935155995,-0.9692359497190312,-0.20443117922176018,0.5777650463668411
2011-08-11,1.0002591753806633,0.7449536305663105,0.4186204043504601,0.5068871163138805,-0.03542255711944408,-0.7101373712995698,0.9494220929411714,0.2386193286479245,0.9330483280141022
2011-08-12,0.9633521533702945,1.0516424226258876,-0.33691245782625123,0.05147351886568591,-0.11886360979349253,-0.6949188702416602,-0.16463741570023868,0.2386193286479245,0.04484012389602509
2011-08-13,1.129433752416951,1.1091465711370576,-0.33691245782625123,-0.22177463960323085,-0.6195099258377832,-0.573170861778419,0.20671575384689803,0.2386193286479245,0.35571299533732176
2011-08-15,0.9448986423651101,1.1091465711370576,-0.33691245782625123,-0.13069192011359193,-0.9532741365339771,-0.23836383850447973,-0.41220619539832837,0.2386193286479245,0.9774587382200162
2011-08-16,1.0187126863858462,1.1474826701445053,0.021860130358220653,0.05147351886568591,-1.3704793999042193,-0.4057673501414494,-0.2884218055492857,0.2386193286479245,-0.4880847985748413
2011-08-17,0.6865494882925329,0.9749702246109929,0.08939379401647417,0.32472167733460267,-1.0784357155450497,-0.4818598554309795,-0.8454515598699863,0.2386193286479245,-0.22162233733940814
2011-08-18,1.055619708396215,0.9558021751072698,-0.33691245782625123,0.23363895784496375,-0.6195099258377832,-0.39054884908353993,0.4542845335449877,-0.20443117922176018,0.26689217492554435
2011-08-19,1.1478872634221355,1.0899785216333344,-0.33691245782625123,0.14255623835532483,-0.2857457151415894,-0.2535823395623892,0.3305001436959429,-0.6474816870914448,0.4001234055432357
2011-08-20,1.1478872634221355,0.6682814325514166,-0.18074086061653993,0.23363895784496375,-0.9532741365339771,-0.23836383850447973,1.6921284320354404,-0.20443117922176018,0.04484012389602509
2011-08-22,0.6680959772873485,1.1474826701445053,-0.2778205021252794,0.5068871163138805,-0.7029509785118317,-0.6797003691837508,-1.464373509115215,0.2386193286479245,-1.2874721822810906
2011-08-23,1.0371661973910307,1.1666507196482283,-0.33691245782625123,-0.13069192011359193,-0.5360688731637347,-0.907977885052341,-0.2884218055492835,0.2386193286479245,-0.6657264393984467
2011-08-24,1.0371661973910307,0.9558021751072698,-0.17229915265925827,-0.13069192011359193,-0.7863920311858802,-0.9840703903418712,0.3923923386204642,0.2386193286479245,-0.22162233733940814
2011-08-25,0.760363532313269,0.8216258285812045,0.2413445372475446,0.32472167733460267,0.04801849555460437,-1.0449443945734918,-0.10274522077571516,0.2386193286479245,-0.17721192713349418
2011-08-27,1.129433752416951,1.0324743731221637,-0.11742805093692724,-0.22177463960323085,-0.577789399500759,-1.2123479062104614,0.4542845335449877,0.6816698365176094,-0.4880847985748413
2011-08-28,0.9633521533702945,1.1283146206407815,-0.33691245782625123,-0.7682709565410644,0.29834165357674974,-1.455843923136961,-0.41220619539832837,0.6816698365176094,-0.7101368496043606
2011-08-29,1.2770618404584249,1.0708104721296106,-0.3284707498689695,-0.9504363955203422,0.29834165357674974,-1.5623734305423103,0.8256377030921266,0.6816698365176094,-0.31044315775123604
2011-08-30,1.2032477964376873,1.28165901667057,-0.33691245782625123,-0.7682709565410644,0.0062979692175801445,-1.7602139442950815,-0.10274522077571735,0.2386193286479245,-0.5769056189866187
2011-08-31,1.2217013074428718,1.262490967166846,-0.315808187933047,-1.223684553989259,-0.41090729415266214,-2.018928462279491,0.02103916907332968,0.6816698365176094,-0.7545472598102746
2011-09-01,0.6127354442717967,1.0133063236184399,-0.3326916038476104,-0.31285735909286977,0.5903853379359193,-1.8363064495846115,-1.216804729417121,0.6816698365176094,0.5333546361609777
2011-09-02,0.8157240653288215,0.9749702246109929,-0.33691245782625123,0.05147351886568591,0.715546916946992,-1.5167179273685818,-0.41220619539832837,0.2386193286479245,0.9330483280141022
2011-09-03,0.7234565103029009,0.7066175315588635,0.61700054134658,1.053383433251714,0.3817827062507982,-0.9231963861102506,0.1448235589223745,0.2386193286479245,1.7324357117203515
2011-09-04,0.8710845983443739,0.8599619275886521,-0.260937086210716,0.5979698358035194,-0.16058413613051675,-0.6949188702416602,0.1448235589223745,0.6816698365176094,0.666585866778669
2011-09-05,1.0002591753806633,1.0708104721296106,-0.33691245782625123,0.23363895784496375,-0.2440251888045652,-0.7862298765890998,-0.10274522077571295,0.2386193286479245,-0.26603274754532213
2011-09-06,0.9448986423651101,1.1091465711370576,-0.33691245782625123,0.05147351886568591,-0.4943483468267106,-0.7862298765890998,-0.41220619539832837,0.2386193286479245,0.00042971369011113775
2011-09-07,0.9633521533702945,0.936634125603546,-0.3284707498689695,0.05147351886568591,-0.41090729415266214,-0.907977885052341,0.20671575384689803,0.2386193286479245,-0.35485356795709955
2011-09-10,0.907991620354742,0.8599619275886521,-0.22717025438158922,0.05147351886568591,-0.7029509785118317,-0.2535823395623892,0.26860794877141936,0.2386193286479245,1.9100773525439565
2011-09-11,0.7419100213080854,0.7832897295737575,0.5241417538164812,0.5068871163138805,0.3817827062507982,-0.2992378427361003,-0.04085302585119164,0.6816698365176094,-0.13280151692758022
2011-09-12,1.0371661973910307,0.7257855810625867,-0.31158733395440613,0.4158043968242416,0.5486648115988951,-0.2992378427361003,1.1350986777147376,0.6816698365176094,0.00042971369011113775
2011-09-13,1.0740732194013993,0.7641216800700343,-0.2229494004029484,-0.039609200623953005,-0.7863920311858802,-0.49707835648888893,1.1350986777147376,0.6816698365176094,-0.5769056189866693
2011-09-14,1.0925267304065838,0.7449536305663105,-0.2229494004029484,-0.22177463960323085,-0.9115536101969528,-0.7862298765890998,1.2588830675637845,1.124720344387294,-0.843368080222052
2011-09-15,0.9633521533702945,0.38076068999556345,0.12316062584560096,0.5068871163138805,-0.07714308345646831,-0.86232238187863,2.0015894066580535,1.5677708522569789,-0.22162233733940814
2011-09-16,1.0187126863858462,0.898298026596099,-0.29470391803984275,0.4158043968242416,-0.20230466246754097,-1.0753813966893107,0.516176728469509,1.5677708522569789,-0.6213160291925327
2011-09-17,1.1109802414117669,0.9749702246109929,-0.3284707498689695,0.14255623835532483,-0.2857457151415894,-1.227566407268371,0.5780689233940325,1.5677708522569789,-0.4436743883689274
2011-09-18,0.5758284222614279,1.0133063236184399,-0.315808187933047,0.32472167733460267,0.17318007456567705,-0.8166668787049015,-1.3405891192661679,1.5677708522569789,1.1995107892495354
2011-09-19,0.907991620354742,0.6107772840402459,0.342645032734925,0.23363895784496375,0.3817827062507982,-0.436204352257251,1.0732064827902141,1.5677708522569789,1.1106899688377077
2011-09-21,0.1698511801473777,0.20824824446205112,-0.33691245782625123,-0.7682709565410644,-0.4943483468267106,-0.2840193416781909,-0.10274522077571516,1.124720344387294,0.44453381574914974
2011-09-23,0.13294415813700963,0.2465843434694981,-0.3242498958903287,-0.4039400785825087,0.7572674432840162,-0.436204352257251,-0.35031400047380484,1.124720344387294,-0.4436743883689274
2011-09-25,-0.10695148493038391,0.3424245909881158,-0.1596365907233357,0.32472167733460267,0.8407084959580646,-0.6036078638942207,-1.4643735091152128,1.124720344387294,-0.4880847985748413
2011-09-26,0.7419100213080854,0.5724411850327988,-0.3284707498689695,0.05147351886568591,0.5486648115988951,-0.5579523607205096,0.6399611183185561,1.124720344387294,0.1336609443078025
2011-09-28,0.8341775763340059,0.7832897295737575,-0.23139110836023008,-0.4950227980721476,0.13145954822865283,-1.455843923136961,0.2686079487714215,1.124720344387294,-2.6197844884582064
2011-09-29,0.26211873517329826,0.6107772840402459,0.9631105675951293,0.962300713762075,0.8407084959580646,-1.4710624241948707,-1.0930203395680782,1.124720344387294,-0.04398069651580282
2011-09-30,0.3912933122095869,0.936634125603546,-0.2229494004029484,1.053383433251714,0.46522375892484663,-0.4818598554309795,-1.7119422888133047,1.124720344387294,2.8871063770738616
2011-10-01,0.13294415813700963,0.629945333543969,0.19913599746113614,0.7801352747827972,0.6321058642729436,-0.2840193416781909,-1.5881578989642575,1.5677708522569789,0.5777650463668916
2011-10-02,0.05913011411627346,0.2657523929732219,-0.19762427653110332,0.5979698358035194,0.5903853379359193,-0.5122968575467811,-0.659774975096418,1.5677708522569789,-0.6657264393984467
2011-10-03,-0.5129287270444342,-0.11760859710124899,-0.26937879416799765,0.32472167733460267,0.8407084959580646,-0.5275153586046906,-1.3405891192661679,1.5677708522569789,-0.04398069651580282
2011-10-05,-0.143858506940752,0.22741629396577495,-0.3326916038476104,0.14255623835532483,0.715546916946992,0.1573171890010802,-1.2168047294171231,1.5677708522569789,1.9988981729557844
2011-10-06,0.2067582021577458,0.22741629396577495,-0.3326916038476104,0.14255623835532483,0.8407084959580646,0.26384669640641195,-0.04085302585119384,1.5677708522569789,0.3113025851314078
2011-10-09,0.6311889552769804,0.47660093751418114,-0.33691245782625123,-0.13069192011359193,0.34006217991377397,0.035569180537821675,0.5780689233940325,1.124720344387294,-0.6657264393984467
2011-10-10,0.40974682321477124,0.43826483850673353,-0.1132071969582864,0.23363895784496375,0.7572674432840162,-0.1166158300412385,-0.04085302585119164,1.124720344387294,-0.4436743883689274
2011-10-11,-0.23612606196667252,0.3999287394992866,-0.04567353330003286,1.4177143112102697,0.8407084959580646,0.06600618265364064,-2.083295458360439,1.124720344387294,0.5333546361609777
2011-10-12,-0.3099401059874087,0.2849204424769457,4.1287510515757635,1.7820451891688254,0.9241495486321131,-0.05574182580960059,-1.9595110685113943,1.124720344387294,-0.35485356795709955
2011-10-13,-0.10695148493038391,0.38076068999556345,0.9588897136164883,1.7820451891688254,0.7572674432840162,-0.2992378427361003,-1.5881578989642597,1.124720344387294,-0.7101368496043606
2011-10-14,0.05913011411627346,0.4190967890030104,-0.1765200066378991,1.053383433251714,0.6321058642729436,-0.39054884908353993,-1.1549125344925995,1.124720344387294,-0.26603274754532213
2011-10-15,0.28057224617848264,0.2465843434694981,-0.33691245782625123,-0.4039400785825087,-0.577789399500759,-0.05574182580960059,0.14482355892237672,0.6816698365176094,0.9774587382200162
2011-10-16,0.5204678892458762,0.15074409595088037,-0.33691245782625123,-1.4058499929685369,-1.5790820315893404,0.17253569005898967,1.2588830675637845,0.6816698365176094,0.666585866778669
2011-10-17,0.4835608672355074,0.16991214545460417,-0.33691245782625123,-0.7682709565410644,-2.246610452981728,0.47690571121711006,1.0732064827902141,0.2386193286479245,0.8886379178081882
2011-10-18,0.11449064713182526,0.11240799694343341,-0.33691245782625123,-0.4950227980721476,-1.87112571594851,0.6595277239119719,0.02103916907332968,-0.20443117922176018,0.5333546361609272
2011-10-20,0.151397669142194,-0.07927249809380205,-0.33691245782625123,-0.4950227980721476,-1.704243610600413,0.41603170698547215,0.7637455081676031,-0.6474816870914448,-0.7101368496043606
2011-10-21,0.3912933122095869,0.054903848432262634,-0.33691245782625123,-0.31285735909286977,-1.87112571594851,0.26384669640641195,1.1350986777147376,-1.0905321949611295,-0.4436743883689274
2011-10-22,0.2067582021577458,0.2849204424769457,-0.33691245782625123,0.05147351886568591,-1.0784357155450497,0.2181911932327008,-0.22652961062476218,-1.5335827028308142,-0.13280151692758022
2011-10-23,0.11449064713182526,0.3424245909881158,-0.33691245782625123,0.14255623835532483,-0.2440251888045652,0.26384669640641195,-0.7216671700209415,-1.5335827028308142,0.1336609443078025
2011-10-24,0.3912933122095869,0.189080194958328,-0.33691245782625123,0.14255623835532483,-1.7876846632744616,0.18775419111688185,0.7018533132430774,-1.5335827028308142,-0.22162233733940814
2011-10-25,-0.03313744090964708,0.054903848432262634,-0.315808187933047,0.32472167733460267,-0.45262782048968636,0.4921242122750022,-0.2884218055492813,-1.0905321949611295,0.8886379178081882
2011-10-26,-0.19921903995630444,-0.021768349582631272,-0.3326916038476104,-0.039609200623953005,0.46522375892484663,0.7508387302594114,-0.5978827801718967,-0.6474816870914448,0.7554066871904969
2011-10-27,-0.143858506940752,-0.15594469610869596,-0.2735996481466385,0.14255623835532483,-0.6612304521748075,0.7964942334331225,0.02103916907332968,-0.20443117922176018,0.1336609443078025
2011-10-29,0.11449064713182526,-0.07927249809380205,-0.33691245782625123,-0.7682709565410644,-0.2440251888045652,0.5529982165066402,0.6399611183185561,-0.20443117922176018,-0.7101368496043101
2011-11-01,0.1698511801473777,0.0357357989285395,-0.33691245782625123,-0.5861055175617865,-0.577789399500759,0.5073427133329117,0.4542845335449877,-0.20443117922176018,-0.1328015169276307
2011-11-02,0.3912933122095869,0.22741629396577495,-0.33691245782625123,-0.31285735909286977,0.08973902189162859,0.2181911932327008,0.5780689233940325,-0.20443117922176018,-0.843368080222052
2011-11-03,0.40974682321477124,0.38076068999556345,-0.33691245782625123,-0.039609200623953005,0.5069442852618709,0.1573171890010802,0.1448235589223745,-0.20443117922176018,-0.17721192713349418
2011-11-08,-0.4575681940288817,-0.04093639908635509,0.2497862452048263,1.5087970306999086,0.8824290222950889,-0.4818598554309795,-1.4024813141906893,-0.20443117922176018,-1.8648075149578711
2011-11-09,-0.8635454361429319,-0.6351459337017846,1.5287050007330025,1.4177143112102697,1.09103165398021,-0.5883893628363113,-0.8454515598699863,-0.20443117922176018,-0.3104431577511856
2011-11-10,-1.0296270351895893,-0.8459944782427439,-0.3284707498689695,-0.039609200623953005,0.8407084959580646,-0.08617882792541955,-0.7216671700209415,-0.20443117922176018,1.4659732504849181
2011-11-12,-0.3837541500081455,-0.48180153767199607,-0.33691245782625123,-0.4039400785825087,-0.577789399500759,0.6443092228540624,0.26860794877141936,-0.20443117922176018,2.132129403573476
2011-11-13,-0.03313744090964708,-0.1942807951161429,-0.33691245782625123,0.05147351886568591,-0.9532741365339771,0.6899647260277908,0.5161767284695112,-0.20443117922176018,0.133660944307853
2011-11-15,-0.10695148493038391,-0.002600300078907455,-0.33691245782625123,-0.13069192011359193,-0.5360688731637347,0.8573682376647604,-0.350314000473807,-0.20443117922176018,0.4889442259550637
2011-11-16,-0.23612606196667252,-0.07927249809380205,-0.33691245782625123,0.23363895784496375,0.3817827062507982,0.47690571121711006,-0.5359905852473732,-0.20443117922176018,-1.1098305414574852
2011-11-17,-0.4206611720185136,0.09323994743971027,0.42706211230774194,0.8712179942724362,0.6321058642729436,-0.05574182580960059,-1.7119422888133047,-0.20443117922176018,-1.5539346435165238
2011-11-18,0.022223092105904722,0.09323994743971027,0.02608098433686148,1.4177143112102697,0.8407084959580646,-0.5122968575467811,-0.22652961062476218,-0.20443117922176018,-1.3318825924870046
2011-11-19,-0.07004446292001582,0.30408849198066884,-0.2904830640612019,0.5979698358035194,0.3817827062507982,-0.08617882792541955,-1.2168047294171231,-0.20443117922176018,1.243921199455399
2011-11-24,-0.7528243701118277,-0.6543139832055084,-0.33691245782625123,-0.8593536760307032,0.21490060090270127,1.2987047683440316,-0.41220619539832837,-0.20443117922176018,4.041777042427372
2011-11-25,-1.0111735241844049,-0.48180153767199607,-0.33691245782625123,-0.4950227980721476,0.8407084959580646,1.1921752609386824,-1.8357266786623494,-0.20443117922176018,-0.31044315775123604
2011-11-27,-0.4206611720185136,-0.5393056861831669,-0.33691245782625123,-0.13069192011359193,-2.371772031992801,0.5225612143908211,0.3305001436959429,-0.20443117922176018,-1.9536283353696486
2011-11-28,-0.3837541500081455,-0.36679324064965524,-0.33691245782625123,0.23363895784496375,-1.495640978915292,0.2790651974643214,-0.10274522077571516,-0.20443117922176018,-0.7101368496043606
2011-11-29,-0.32839361699259306,-0.09844054759752519,-0.33691245782625123,0.05147351886568591,-1.0367151892080255,0.40081320592757996,-0.7835593649454651,-0.6474816870914448,0.3557129953373723
2011-12-01,-0.9189059691584844,-1.382699864347003,-0.33691245782625123,-0.8593536760307032,-0.36918676781563786,0.7051832270857004,1.3826674574128284,-1.0905321949611295,0.8886379178081882
2011-12-02,-1.6570464093658488,-1.670220606902856,-0.33691245782625123,-1.6790981514374534,-1.3704793999042193,0.6747462249698813,-0.16463741570023757,-1.5335827028308142,-0.08839110672171677
2011-12-03,-1.3617902332829035,-1.9769093989624327,-0.33691245782625123,-2.134511748885648,-2.7055362426889946,0.7508387302594114,1.8159128218844853,-1.5335827028308142,0.2224817647196304
2011-12-04,-1.2141621452414304,-1.4785401118656205,-0.33691245782625123,-1.13260183449962,-1.6208025579263647,0.9791162461280017,0.7018533132430784,-1.5335827028308142,0.666585866778669
2011-12-05,-1.2141621452414304,-0.7693222802278492,-0.2862622100825611,0.14255623835532483,0.8407084959580646,0.8878052397805621,-1.5881578989642597,-1.0905321949611295,-0.26603274754532213
2011-12-06,-0.9189059691584844,-0.865162527746467,-0.2862622100825611,0.6890525552931583,0.6738263906099677,0.8573682376647604,-0.2884218055492835,-0.6474816870914448,-0.08839110672166628
2011-12-07,-0.4206611720185136,-0.32845714164220824,-0.33691245782625123,0.23363895784496375,0.6321058642729436,0.6290907217961702,-0.35031400047380484,-0.6474816870914448,-0.6657264393984467
2011-12-08,-0.7159173481014596,-1.2293554683172148,-0.33691245782625123,-1.13260183449962,-0.07714308345646831,0.766057231317321,1.5683440421863957,-0.6474816870914448,0.4001234055432357
2011-12-10,-2.0076631184643468,-2.130253794992221,-0.33691245782625123,-2.9542562242923984,-1.5790820315893404,1.7096042969074836,0.1448235589223756,-0.6474816870914448,2.7538751464561195
2011-12-11,-1.9338490744436103,-2.3986064880443507,-0.33691245782625123,-3.045338943782037,-2.288330979318752,1.5422007852705313,1.2588830675637834,-0.6474816870914448,-0.48808479857479087
2011-12-12,-1.5094183213243757,-1.9960774484661565,-0.33691245782625123,-2.6810080658234816,-2.038007821296607,1.207393761996592,1.3826674574128295,-0.6474816870914448,-0.9765993108397938
2011-12-14,-0.9558129911688524,-0.8459944782427439,-0.33691245782625123,-1.3147672734788978,0.715546916946992,0.9486792440121827,-0.47409839032284967,-1.0905321949611295,-0.7545472598102746
2011-12-15,-0.8450919251377482,-0.8843305772501908,-0.33691245782625123,-1.5880154319478146,-1.2035972945561224,1.0856457535333508,0.02103916907332968,-1.5335827028308142,0.40012340554328624
2011-12-16,-1.4356042773036395,-1.344363765339556,-0.33691245782625123,-1.9523463099063703,-0.7863920311858802,1.6335117916179536,-0.4740983903228508,-1.5335827028308142,1.5992044811026096
2011-12-19,-1.3986972552932715,-1.5552123098805148,-0.33691245782625123,-0.4039400785825087,-1.0367151892080255,1.3443602715177427,0.3305001436959429,-1.5335827028308142,-0.843368080222052
2011-12-21,-0.8819989471481163,-0.9418347257613615,-0.33691245782625123,-0.8593536760307032,0.46522375892484663,0.8725867387226527,0.0829313639978532,-1.5335827028308142,-1.3762930026929185
2011-12-22,-1.158801612225878,-1.1526832703023202,-0.33691245782625123,-1.4969327124581757,-1.1201562418820739,1.0095532482438208,-0.16463741570023868,-1.5335827028308142,0.40012340554328624
2011-12-23,-1.675499920371033,-1.8235650029326445,-0.33691245782625123,-1.3147672734788978,-1.495640978915292,1.313923269401941,0.26860794877142047,-1.5335827028308142,0.8886379178081882
2011-12-24,-2.063023651479899,-2.2069259930071157,-0.33691245782625123,-3.500752541230232,-2.455213084666849,1.7096042969074836,0.20671575384689803,-1.5335827028308142,1.155100379043571
2011-12-25,-2.0076631184643468,-2.264430141518286,-0.33691245782625123,-2.9542562242923984,-2.038007821296607,1.9226633117181817,0.5780689233940336,-1.5335827028308142,0.6221754565728055
2011-12-26,-1.638592898360665,-1.5743803593842383,-0.33691245782625123,-1.7701808709270925,0.6738263906099677,1.907444810660255,-0.4122061953983294,-1.5335827028308142,-0.043980696515853304
2011-12-27,-1.6201393873554806,-1.344363765339556,-0.33691245782625123,-0.13069192011359193,-0.5360688731637347,1.6943857958495914,-1.093020339568077,-1.5335827028308142,-0.6213160291924822
2011-12-28,-1.1403481012206935,-1.344363765339556,-0.33691245782625123,0.32472167733460267,-2.5386541373408975,1.4661082799810012,0.5161767284695123,-1.5335827028308142,-0.6657264393984467
2011-12-29,-1.1218945902155097,-1.1526832703023202,-0.33691245782625123,0.32472167733460267,-1.287038347230171,1.2226122630545015,-0.04085302585119384,-1.5335827028308142,-0.7101368496043606
2011-12-31,-1.2879761892621666,-1.4018679138507264,-0.3200290419116878,0.23363895784496375,0.0062979692175801445,1.6487302926758631,0.20671575384689803,-1.0905321949611295,1.243921199455399
2012-01-01,-1.2510691672517984,-1.2868596168283852,-0.33691245782625123,-0.13069192011359193,-0.9949946628710012,1.4813267810388935,-0.040853025851192735,-1.0905321949611295,-0.4880847985748413
2012-01-02,-1.5647788543399281,-1.2676915673246616,-0.33691245782625123,-0.13069192011359193,-0.2857457151415894,1.313923269401941,-1.1549125344925995,-1.0905321949611295,-0.48808479857479087
2012-01-03,-1.3248832112725346,-1.2676915673246616,-0.33691245782625123,-0.31285735909286977,0.3817827062507982,1.1921752609386824,-0.35031400047380484,-1.0905321949611295,-0.35485356795715
2012-01-05,-2.745803558671711,-2.28359819102201,-0.30314562599712447,0.14255623835532483,0.9241495486321131,1.6487302926758631,-1.8357266786623483,-0.6474816870914448,1.3327420198672268
2012-01-06,-2.063023651479899,-2.187757943503392,-0.315808187933047,0.4158043968242416,0.8407084959580646,1.5574192863284235,0.1448235589223756,-0.20443117922176018,-0.26603274754532213
2012-01-07,-2.1368376955006356,-1.727724755414027,-0.33691245782625123,0.32472167733460267,0.8407084959580646,1.9531003138340006,-1.5881578989642586,-0.20443117922176018,1.155100379043672
2012-01-08,-1.6201393873554806,-1.5743803593842383,-0.33691245782625123,-0.13069192011359193,0.17318007456567705,1.8465708064286517,-0.3503140004738059,-0.6474816870914448,-0.31044315775123604
2012-01-09,-1.4725112993140077,-1.6893886564065796,-0.33691245782625123,-0.22177463960323085,-0.03542255711944408,1.5726377873863329,0.5161767284695112,-0.6474816870914448,-0.7989576700161886
2012-01-10,-1.5647788543399281,-1.593548408887962,-0.33691245782625123,-0.039609200623953005,-0.2440251888045652,1.4965452820968028,-0.10274522077571516,-0.6474816870914448,-0.22162233733940814
2012-01-11,-1.5647788543399281,-1.382699864347003,-0.3200290419116878,-0.31285735909286977,0.715546916946992,1.6943857958495914,-0.783559364945464,-0.20443117922176018,0.5777650463668916
2012-01-12,-1.8415815194176899,-1.6318845078954092,-0.2989247720184836,0.14255623835532483,0.8824290222950889,1.5269822842126217,-0.9073437547945088,-0.20443117922176018,-0.4880847985748413
2012-01-13,-1.7493139643917692,-1.382699864347003,-0.23983281631751177,0.8712179942724362,0.8407084959580646,1.0704272524754412,-1.4024813141906902,-0.20443117922176018,-1.3318825924870046
2012-01-14,-1.454057788308824,-1.171851319806044,-0.31158733395440613,1.1444661527413529,0.8407084959580646,0.38559470486967046,-1.0930203395680782,0.2386193286479245,-1.9980387455755626
2012-01-15,-1.5832323653451126,-1.171851319806044,0.46927065209415036,1.8731279086584642,1.1327521803172342,-0.16227133321494963,-1.5262657040397363,0.6816698365176094,-1.5983450537224377
2012-01-16,-1.8784885414280579,-1.459372062361897,0.030301838315502313,1.053383433251714,0.6738263906099677,0.0203506794799295,-1.5881578989642575,1.124720344387294,0.5333546361609777
2012-01-17,-1.490964810319192,-1.3251957158358325,-0.33691245782625123,0.05147351886568591,-0.41090729415266214,0.33993920169594205,-0.7216671700209415,1.124720344387294,0.9330483280140518
2012-01-18,-1.3064297002673508,-1.2485235178209382,-0.33691245782625123,0.5068871163138805,0.13145954822865283,0.2334096942906103,-0.3503140004738059,0.6816698365176094,-0.3104431577511856
2012-01-19,-0.8081849031273801,-0.8459944782427439,-0.33691245782625123,0.8712179942724362,-0.11886360979349253,0.26384669640641195,0.02103916907332968,0.2386193286479245,0.08925053410188855
2012-01-20,-1.3986972552932715,-1.09517912179115,-0.33691245782625123,0.7801352747827972,0.7572674432840162,0.4464687091012911,-1.1549125344925995,-0.20443117922176018,0.5333546361609777
2012-01-23,-2.764257069676895,-2.436942587051798,-0.2820413561039202,0.5979698358035194,1.1744727066542584,1.1465197577649713,-1.4024813141906902,-0.20443117922176018,2.0433085831616986
2012-01-24,-2.690443025656159,-2.5327828345704155,-0.14697402878741317,1.1444661527413529,1.2996342856653311,0.9182422418963812,-0.8454515598699874,-0.20443117922176018,-0.6657264393984467
2012-01-25,-3.0595132457598413,-2.8203035771262686,-0.2440536702961526,0.962300713762075,0.8824290222950889,1.2987047683440316,-1.1549125344926006,-0.20443117922176018,1.1106899688377077
2012-01-26,-2.4690008935939494,-2.513614785066692,-0.30314562599712447,1.1444661527413529,1.09103165398021,1.0856457535333508,-0.16463741570023757,0.2386193286479245,-0.6213160291925327
2012-01-27,-2.0261166294695307,-1.6893886564065796,-0.33691245782625123,1.2355488722309917,1.2161932329912828,0.6138722207382608,-1.3405891192661679,0.2386193286479245,-1.3762930026929185
2012-01-28,-1.2510691672517984,-1.4018679138507264,-0.33691245782625123,0.7801352747827972,-0.9949946628710012,0.5377797154487306,0.3305001436959429,0.2386193286479245,-0.22162233733940814
2012-01-29,-1.8969420524332423,-1.593548408887962,-0.33691245782625123,0.8712179942724362,0.5486648115988951,0.9182422418963812,-1.2168047294171231,0.2386193286479245,1.1106899688377077
2012-01-30,-1.638592898360665,-1.5743803593842383,-0.33691245782625123,-0.5861055175617865,0.08973902189162859,1.207393761996592,-0.4122061953983294,-0.20443117922176018,0.8442275076022743
2012-01-31,-1.6939534313762168,-1.670220606902856,-0.33691245782625123,-0.9504363955203422,-0.8698330838599286,1.3291417704598332,-0.28842180554928243,-0.6474816870914448,0.35571299533732176
2012-02-01,-1.5463253433347444,-1.6127164583916855,-0.33691245782625123,-0.039609200623953005,-0.9532741365339771,1.131301256707062,0.02103916907332968,-1.0905321949611295,-0.5769056189866187
2012-02-05,-1.380243744288087,-1.210187418813491,-0.3326916038476104,0.5068871163138805,0.4235032325878224,0.5529982165066402,-0.7216671700209415,-1.0905321949611295,-1.687165874134215
2012-02-06,-1.2326156562466142,-0.8843305772501908,-0.3200290419116878,1.3266315917206308,0.8407084959580646,-0.1927083353307686,-1.2786969243416444,-0.6474816870914448,-2.1756803863992182
2012-02-07,-1.1034410792103255,-2.0344135474736036,-0.20606598448838498,0.32472167733460267,0.4235032325878224,0.370376203811761,2.868080135601372,-0.20443117922176018,1.643614891308574
2012-02-08,-2.395186849573213,-2.130253794992221,-0.30736647997576527,0.4158043968242416,0.8407084959580646,1.313923269401941,-1.1549125344925995,0.2386193286479245,2.75387514645617
2012-02-11,-1.8415815194176899,-1.9385732999549858,-0.33691245782625123,0.4158043968242416,0.8407084959580646,1.3443602715177427,0.0829313639978532,0.2386193286479245,0.08925053410188855
2012-02-14,-1.0111735241844049,-0.8076583792352969,-0.3242498958903287,1.053383433251714,0.9241495486321131,0.3551577027538515,-0.7835593649454629,0.6816698365176094,-2.8862469496936396
2012-02-18,-1.9338490744436103,-2.01524549796988,-0.33691245782625123,-0.4950227980721476,0.3817827062507982,1.5269822842126217,0.02103916907333078,0.6816698365176094,3.420031299544728
2012-02-19,-1.638592898360665,-1.881069151443815,-0.33691245782625123,-0.5861055175617865,-0.36918676781563786,1.4508897789230917,0.5780689233940325,0.2386193286479245,-0.22162233733940814
2012-02-20,-1.7862209864021374,-1.6893886564065796,-0.33691245782625123,-0.13069192011359193,0.5486648115988951,0.9030237408384716,-0.5359905852473732,-0.20443117922176018,-1.5983450537224377
2012-02-21,-1.4356042773036395,-1.2485235178209382,-0.26515794018935684,0.5979698358035194,0.8407084959580646,0.2334096942906103,-0.783559364945464,-0.20443117922176018,-1.9536283353696486
2012-02-22,-1.380243744288087,-0.9418347257613615,-0.2820413561039202,1.5998797501895474,0.8824290222950889,-0.2688008406202987,-1.5881578989642575,-0.20443117922176018,-1.4651138231047462
2012-02-23,-1.0111735241844049,-0.6351459337017846,-0.21450769244566673,1.964210628148103,0.9658700749691373,-0.5579523607205096,-1.3405891192661679,0.2386193286479245,-0.843368080222052
2012-02-24,-1.0665340571999573,-1.1910193693097675,-0.315808187933047,1.7820451891688254,0.6738263906099677,-0.39054884908353993,0.26860794877142047,0.2386193286479245,0.4889442259550637
2012-02-28,-2.1183841844954516,-2.3602703890369034,0.422841258329101,1.3266315917206308,0.8407084959580646,0.0964431847694596,0.5161767284695112,0.6816698365176094,1.4215628402790548
2012-02-29,-2.0261166294695307,-1.593548408887962,-0.315808187933047,1.053383433251714,0.8824290222950889,0.24862819534851976,-1.650050093888781,1.124720344387294,0.44453381574914974
2012-03-02,-0.439114683023698,-0.7501542307241261,-0.33691245782625123,1.3266315917206308,0.3817827062507982,-0.010086322635889457,0.9494220929411692,1.124720344387294,-0.7545472598102746
2012-03-03,-1.0665340571999573,-0.9993388742725323,-0.3284707498689695,1.5998797501895474,0.9658700749691373,0.18775419111688185,-0.35031400047380484,1.124720344387294,0.5777650463668411
2012-03-04,-1.3248832112725346,-1.09517912179115,-0.315808187933047,1.6909624696791865,0.8824290222950889,0.035569180537821675,-0.9073437547945077,1.124720344387294,-0.4436743883689274
2012-03-06,0.11449064713182526,-0.04093639908635509,-0.3242498958903287,1.053383433251714,0.7572674432840162,-0.6188263649521302,0.5161767284695112,1.124720344387294,-1.9092179251637347
2012-03-08,-1.675499920371033,-1.09517912179115,-0.19762427653110332,1.5998797501895474,0.9241495486321131,-0.2840193416781909,-2.083295458360439,1.124720344387294,0.9774587382200162
2012-03-09,-1.7862209864021374,-1.5743803593842383,-0.3284707498689695,1.3266315917206308,1.257913759328307,0.26384669640641195,-0.9073437547945088,1.124720344387294,1.5992044811026096
2012-03-11,-2.2844657835421085,-1.9960774484661565,0.01763927637957982,1.5087970306999086,1.1327521803172342,1.131301256707062,-1.216804729417122,1.124720344387294,2.5318230954266507
2012-03-12,-2.4505473825887654,-2.053581596977327,-0.058336095235955426,1.6909624696791865,1.1744727066542584,1.3900157746914712,-1.5881578989642586,1.5677708522569789,0.7554066871904969
2012-03-13,-2.044570140474715,-1.7660608544214738,-0.26515794018935684,1.4177143112102697,1.2996342856653311,1.283486267286122,-1.1549125344926006,1.5677708522569789,-0.31044315775123604
2012-03-15,-1.380243744288087,-1.344363765339556,-0.31158733395440613,0.962300713762075,0.8407084959580646,0.5986537196803513,-0.28842180554928243,1.5677708522569789,-1.9980387455755626
2012-03-16,-0.7712778811170115,-0.7693222802278492,-0.3284707498689695,1.5998797501895474,0.6321058642729436,0.1420986879431707,-0.10274522077571516,1.5677708522569789,-1.3318825924870046
2012-03-18,0.3728398012044032,-0.4051293396571022,-0.33691245782625123,0.32472167733460267,-1.3704793999042193,0.05078768159573115,2.5586191609787585,1.124720344387294,-0.26603274754532213
2012-03-23,-0.2730330839770406,-1.0376749732799793,-0.33691245782625123,0.23363895784496375,0.7989879696210405,0.26384669640641195,2.434834771129714,0.6816698365176094,0.6221754565727551
2012-03-24,-0.9558129911688524,-1.6318845078954092,-0.3326916038476104,-1.9523463099063703,-0.6612304521748075,1.0095532482438208,2.0634816015825783,0.6816698365176094,2.1765398137794403
2012-03-25,-0.7712778811170115,-1.2676915673246616,-0.33691245782625123,-1.223684553989259,-2.16316940030768,1.1465197577649713,1.5064518472618742,0.2386193286479245,0.4001234055432357
2012-03-26,-0.5498357490548023,-1.2676915673246616,-0.33691245782625123,-2.498842626844204,-1.8294051896114858,1.2226122630545015,2.2491581863561456,-0.20443117922176018,0.2224817647196304
2012-03-27,-0.5498357490548023,-0.8459944782427439,-0.33691245782625123,-1.6790981514374534,-1.662523084263389,1.2987047683440316,0.887529898016648,-0.6474816870914448,0.2224817647196304
2012-03-28,-0.47602170503406604,-0.5776417851906138,-0.33691245782625123,-0.9504363955203422,-0.7863920311858802,1.1160827556491524,0.26860794877141936,-1.0905321949611295,-0.5324952087807553
2012-03-29,-0.12540499593556761,-0.46263348816827293,-0.33691245782625123,-0.4950227980721476,-0.07714308345646831,0.7812757323752304,1.0732064827902164,-1.0905321949611295,-0.9765993108397434
2012-03-30,-0.32839361699259306,-0.2134488446198667,-0.33691245782625123,0.4158043968242416,0.7989879696210405,0.4464687091012911,-0.41220619539832837,-1.0905321949611295,-0.9765993108397938
2012-04-01,-0.623649793075539,-0.5968098346943376,-0.33691245782625123,-0.4039400785825087,0.5903853379359193,1.0095532482438208,-0.16463741570023868,-1.5335827028308142,1.643614891308574
2012-04-02,-0.4022076610133292,-0.3859612901533784,-0.33691245782625123,0.5068871163138805,0.715546916946992,0.5073427133329117,-0.10274522077571516,-1.5335827028308142,-1.4651138231047462
2012-04-03,0.29902575718366636,-0.021768349582631272,-0.33691245782625123,0.32472167733460267,0.5069442852618709,0.6595277239119719,1.0732064827902141,-1.5335827028308142,0.44453381574914974
2012-04-04,-0.5313822380496185,-0.23261689412359055,-0.33691245782625123,0.14255623835532483,0.7572674432840162,0.6138722207382608,-1.0311281446435547,-1.5335827028308142,-0.13280151692758022
2012-04-05,-0.6605568150859071,-0.32845714164220824,1.7102017218145587,1.3266315917206308,1.09103165398021,0.17253569005898967,-1.1549125344925995,-1.0905321949611295,-1.2874721822810906
2012-04-06,-1.1218945902155097,-0.7501542307241261,0.12316062584560096,1.6909624696791865,1.1327521803172342,0.41603170698547215,-1.3405891192661679,-0.6474816870914448,0.7109962769845325
2012-04-07,-0.9927200131792212,-0.7118181317166792,-0.33691245782625123,-0.8593536760307032,0.9658700749691373,0.6899647260277908,-1.0311281446435547,-0.6474816870914448,0.7998170973964108
2012-04-08,-0.8635454361429319,-0.424297389160826,-0.3242498958903287,0.6890525552931583,0.8824290222950889,0.47690571121711006,-1.526265704039734,-0.20443117922176018,-0.6213160291925327
2012-04-09,-0.16231201794593636,-0.3476251911459314,0.8829143420009531,1.2355488722309917,0.6321058642729436,0.26384669640641195,0.5780689233940325,0.2386193286479245,-0.6213160291925832
2012-04-10,0.2067582021577458,-0.09844054759752519,-0.33691245782625123,0.962300713762075,0.08973902189162859,0.18775419111688185,1.0113142878656907,0.2386193286479245,-0.22162233733940814
2012-04-11,0.3174792681888507,0.0357357989285395,-0.33691245782625123,0.32472167733460267,-0.577789399500759,-0.1927083353307686,0.9494220929411692,0.2386193286479245,-1.1098305414574852
2012-04-12,0.1883046911525621,0.30408849198066884,-0.33691245782625123,0.5068871163138805,-0.07714308345646831,-0.39054884908353993,-0.35031400047380484,-0.20443117922176018,-0.5769056189866187
2012-04-16,0.3728398012044032,0.07407189793598645,0.16114831165336857,0.7801352747827972,0.715546916946992,-0.6188263649521302,1.0113142878656927,-0.20443117922176018,-0.6657264393984467
2012-04-17,-0.5313822380496185,-0.4051293396571022,0.3637493026281292,1.4177143112102697,1.0493111276431857,-0.4514228533151605,-0.47409839032285184,0.2386193286479245,0.4889442259550637
2012-04-19,-0.7159173481014596,-0.07927249809380205,0.8533683641504672,1.6909624696791865,0.5069442852618709,-0.4514228533151605,-2.1451876532849625,0.2386193286479245,0.00042971369011113775
2012-04-20,-0.6790103260910909,-0.2517849436273137,2.4572928760339883,1.6909624696791865,0.5903853379359193,-0.5883893628363113,-1.4643735091152128,0.2386193286479245,-0.39926397816301346
2012-04-21,-0.18076552895112008,-0.1942807951161429,-0.33691245782625123,0.4158043968242416,0.3817827062507982,-0.573170861778419,0.02103916907332968,0.2386193286479245,0.044840123895974596
2012-04-22,0.3174792681888507,-0.04093639908635509,-0.33691245782625123,0.14255623835532483,-0.7446715048488559,-0.4057673501414494,1.196990872639261,0.2386193286479245,0.4889442259550637
2012-04-23,0.22521171316293018,0.2657523929732219,-0.3242498958903287,0.7801352747827972,0.715546916946992,-0.5883893628363113,-0.10274522077571516,0.6816698365176094,-0.5324952087807048
2012-04-25,0.40974682321477124,0.2849204424769457,-0.13431146685149065,0.5068871163138805,0.8407084959580646,-0.8927593839944316,0.4542845335449877,0.6816698365176094,-0.887778490427966
2012-04-27,-0.5867427710651704,-0.11760859710124899,1.1192821648048406,1.3266315917206308,0.8407084959580646,-0.46664135437306997,-1.5881578989642575,0.6816698365176094,1.243921199455399
2012-04-28,-0.16231201794593636,-0.15594469610869596,0.6001171254320165,1.5998797501895474,0.8407084959580646,-0.5579523607205096,-0.04085302585119384,0.6816698365176094,-0.26603274754532213
2012-04-29,0.6311889552769804,0.3424245909881158,0.5579085856456081,1.053383433251714,0.5486648115988951,-0.8014483776470093,1.0113142878656927,0.6816698365176094,-0.7101368496043606
2012-04-30,0.6127354442717967,0.8599619275886521,-0.315808187933047,0.4158043968242416,0.3817827062507982,-1.0297258935155995,-0.7216671700209415,1.124720344387294,-0.6657264393984467
2012-05-02,0.9448986423651101,1.0899785216333344,-0.3200290419116878,0.32472167733460267,0.2566211272397255,-0.907977885052341,-0.350314000473807,1.5677708522569789,0.3557129953373723
2012-05-04,0.8157240653288215,0.43826483850673353,1.1699324125485309,1.053383433251714,0.6738263906099677,-0.9840703903418712,1.320775262488306,1.5677708522569789,-0.22162233733940814
2012-05-05,-0.10695148493038391,0.38076068999556345,-0.19340342255246248,1.4177143112102697,0.7572674432840162,-0.4818598554309795,-1.5881578989642597,1.5677708522569789,1.4659732504849181
2012-05-06,0.26211873517329826,0.43826483850673353,-0.33691245782625123,0.5979698358035194,0.46522375892484663,-0.31445634379400983,-0.5359905852473732,1.124720344387294,0.4889442259550637
2012-05-07,0.3912933122095869,0.47660093751418114,-0.33691245782625123,0.5068871163138805,-0.2857457151415894,-0.39054884908353993,-0.22652961062476218,0.6816698365176094,-0.22162233733940814
2012-05-08,0.9448986423651101,0.7641216800700343,-0.33691245782625123,0.05147351886568591,-0.36918676781563786,-0.573170861778419,0.7018533132430774,0.2386193286479245,-0.5324952087807553
2012-05-09,1.055619708396215,0.936634125603546,-0.33691245782625123,0.14255623835532483,-1.4539204525782679,-0.5579523607205096,0.5161767284695112,-0.20443117922176018,0.04484012389602509
2012-05-10,1.055619708396215,0.9174660760998221,-0.07944036512915965,0.32472167733460267,-0.45262782048968636,-0.573170861778419,0.5780689233940347,-0.20443117922176018,-0.04398069651580282
2012-05-11,0.2067582021577458,0.4957689870179043,-0.2778205021252794,1.2355488722309917,0.8407084959580646,-0.6340448660100396,-0.9073437547945099,-0.20443117922176018,-0.17721192713349418
2012-05-12,0.3543862901992188,0.45743288801045734,-0.3326916038476104,0.962300713762075,0.5069442852618709,-0.8471038808207204,-0.2884218055492835,-0.20443117922176018,-0.6213160291925327
2012-05-13,0.5204678892458762,0.7449536305663105,-0.14275317480877234,0.4158043968242416,0.34006217991377397,-1.1058183988051298,-0.659774975096418,0.2386193286479245,-0.7545472598102746
2012-05-14,1.0002591753806633,0.6874494820551398,-0.2567162322320752,0.4158043968242416,-0.03542255711944408,-0.86232238187863,1.1350986777147398,0.6816698365176094,0.710996276984583
2012-05-15,0.6496424662821648,0.8216258285812045,0.5958962714533758,1.053383433251714,0.13145954822865283,-0.7557928744732809,-0.47409839032284967,1.124720344387294,0.3113025851314583
2012-05-16,0.44665384522513935,0.6874494820551398,0.2708905150980305,1.4177143112102697,0.5486648115988951,-0.9840703903418712,-0.7216671700209415,1.5677708522569789,-0.6657264393984467
2012-05-17,0.3912933122095869,0.6491133830476928,-0.2524953782534343,1.1444661527413529,0.6321058642729436,-0.9231963861102506,-0.7835593649454651,1.5677708522569789,0.17807135451371647
2012-05-18,0.07758362512145718,0.5149370365216281,3.2001631762747773,1.8731279086584642,0.8824290222950889,-0.6797003691837508,-1.4024813141906913,1.5677708522569789,0.710996276984583
2012-05-19,0.5942819332666124,0.45743288801045734,-0.024569263406828634,1.3266315917206308,0.46522375892484663,-0.831885379762811,0.5161767284695112,1.5677708522569789,-0.4436743883689274
2012-05-20,0.7234565103029009,0.5724411850327988,1.7566311155796082,1.2355488722309917,0.4235032325878224,-1.0601628956314013,0.5780689233940325,1.5677708522569789,-0.6657264393984467
2012-05-23,0.3174792681888507,0.45743288801045734,-0.33691245782625123,0.05147351886568591,0.17318007456567705,-0.7557928744732809,-0.41220619539832837,1.124720344387294,0.8886379178081882
2012-05-26,0.26211873517329826,0.7066175315588635,0.8618100721077488,1.1444661527413529,0.8407084959580646,-0.907977885052341,-1.4024813141906913,1.124720344387294,-0.4436743883689274
2012-05-27,0.5020143782406918,0.6874494820551398,-0.09210292706508218,1.1444661527413529,0.9241495486321131,-0.7862298765890998,-0.5359905852473732,1.124720344387294,0.35571299533732176
2012-05-28,-0.10695148493038391,0.5532731355290751,0.10627720993103756,1.5998797501895474,0.8407084959580646,-0.6036078638942207,-2.1451876532849625,1.124720344387294,0.5333546361609777
2012-05-29,-0.10695148493038391,0.5341050860253512,-0.3326916038476104,0.8712179942724362,0.8407084959580646,-0.4209858511993589,-2.083295458360439,1.124720344387294,0.5333546361609272
2012-06-01,0.28057224617848264,0.5341050860253512,-0.33691245782625123,-0.22177463960323085,0.2566211272397255,-0.6949188702416602,-0.7835593649454629,0.6816698365176094,-0.798957670016138
2012-06-02,0.6311889552769804,0.5149370365216281,0.02608098433686148,0.4158043968242416,0.6321058642729436,-0.9536333882260695,0.4542845335449877,0.6816698365176094,-0.7545472598102746
2012-06-05,0.8895381093495583,0.7066175315588635,-0.33691245782625123,0.14255623835532483,-0.6612304521748075,-1.273221910442082,0.7018533132430795,0.6816698365176094,-0.9321889006338294
2012-06-06,0.8157240653288215,0.8407938780849282,-0.33691245782625123,0.4158043968242416,-0.41090729415266214,-1.303658912557901,0.02103916907332968,0.2386193286479245,-0.08839110672171677
2012-06-08,1.129433752416951,1.0708104721296106,-0.33691245782625123,0.32472167733460267,0.34006217991377397,-1.227566407268371,0.3305001436959429,-0.20443117922176018,0.2224817647196304
2012-06-09,0.9448986423651101,0.8791299770923752,-0.2735996481466385,0.4158043968242416,0.715546916946992,-1.379751417847431,0.3305001436959429,-0.20443117922176018,-0.4436743883689274
2012-06-10,0.6680959772873485,0.7257855810625867,0.7942764084494954,0.8712179942724362,0.8407084959580646,-1.7449954432371722,-0.10274522077571516,-0.20443117922176018,-1.0654201312515712
2012-06-11,0.6680959772873485,1.1474826701445053,-0.3284707498689695,0.5979698358035194,0.7572674432840162,-2.003709961221581,-1.464373509115215,0.2386193286479245,-0.7545472598102746
2012-06-12,0.907991620354742,0.8599619275886521,-0.21872854642430756,0.5068871163138805,0.7989879696210405,-1.958054458047853,0.26860794877141936,0.2386193286479245,0.133660944307853
2012-06-13,0.24366522416811454,0.5532731355290751,0.6127796873679391,1.4177143112102697,0.7989879696210405,-1.7602139442950815,-0.9692359497190312,0.6816698365176094,0.5777650463668411
2012-06-16,0.2067582021577458,0.4957689870179043,2.208262491294178,1.4177143112102697,0.8407084959580646,-1.8667434517004307,-0.9073437547945099,1.124720344387294,-0.31044315775123604
2012-06-17,0.26211873517329826,0.6491133830476928,0.7014176209193969,1.4177143112102697,0.7989879696210405,-1.7145584411213703,-1.2168047294171231,1.5677708522569789,0.44453381574914974
2012-06-18,0.5942819332666124,0.6491133830476928,0.41017869639317844,1.2355488722309917,0.7989879696210405,-2.1254579696848226,-0.10274522077571516,1.5677708522569789,-1.1986513618692627
2012-06-19,0.9818056643754789,0.7641216800700343,-0.2778205021252794,0.6890525552931583,0.6321058642729436,-2.6733240077694425,0.8256377030921244,1.5677708522569789,-1.5983450537224377
2012-06-20,1.1478872634221355,1.1283146206407815,-0.33691245782625123,-0.039609200623953005,0.34006217991377397,-2.247205978148081,0.20671575384689803,1.124720344387294,1.243921199455399
2012-06-21,0.5204678892458762,0.7641216800700343,0.9799939835096926,1.053383433251714,0.7572674432840162,-1.4406254220790518,-0.7216671700209415,1.124720344387294,2.3541814546030455
2012-06-22,0.6865494882925329,0.8216258285812045,0.3384241787562841,0.5068871163138805,0.7572674432840162,-1.273221910442082,-0.35031400047380484,1.124720344387294,0.4889442259550637
2012-06-24,0.6680959772873485,1.0133063236184399,-0.13009061287284976,0.32472167733460267,0.715546916946992,-1.3493144157316121,-1.0311281446435547,1.124720344387294,-0.22162233733940814
2012-06-25,0.7234565103029009,1.1283146206407815,-0.3284707498689695,0.14255623835532483,0.7572674432840162,-1.3493144157316121,-1.2168047294171231,1.124720344387294,0.00042971369011113775
2012-06-26,0.5942819332666124,1.1474826701445053,-0.30314562599712447,0.32472167733460267,0.4235032325878224,-1.3645329167895215,-1.7119422888133047,1.124720344387294,-0.04398069651580282
2012-06-28,1.1109802414117669,1.0516424226258876,-0.33691245782625123,0.14255623835532483,-0.9115536101969528,-1.1514739019788407,0.33050014369594066,0.6816698365176094,0.6221754565727551
2012-06-29,1.2032477964376873,0.8407938780849282,-0.17229915265925827,0.14255623835532483,-0.11886360979349253,-1.851524950642521,1.3207752624883038,1.124720344387294,-2.0424491557814766
2012-06-30,0.5758284222614279,0.6874494820551398,1.271232908035911,1.3266315917206308,0.21490060090270127,-1.2123479062104614,-0.2884218055492835,1.124720344387294,1.8656669423380932
2012-07-01,0.7788170433184534,0.6874494820551398,-0.15541573674469486,0.7801352747827972,-0.20230466246754097,-0.6188263649521302,0.3923923386204664,1.124720344387294,1.7324357117203515
2012-07-03,1.1847942854325044,0.898298026596099,-0.33691245782625123,0.14255623835532483,-1.2453178208931466,-1.1058183988051298,1.0732064827902164,0.6816698365176094,-1.4207034128988323
2012-07-04,1.295515351463608,0.9749702246109929,-0.33691245782625123,0.05147351886568591,-1.2035972945561224,-1.1819109040946598,1.1969908726392589,0.2386193286479245,-0.22162233733940814
2012-07-05,0.3728398012044032,0.7449536305663105,0.5916754174747348,1.3266315917206308,0.6738263906099677,-1.1514739019788407,-1.1549125344925995,0.2386193286479245,0.08925053410193905
2012-07-06,0.8710845983443739,0.8599619275886521,-0.30314562599712447,0.5979698358035194,0.2566211272397255,-0.9840703903418712,0.1448235589223745,0.6816698365176094,0.4889442259550637
2012-07-07,1.0740732194013993,0.9174660760998221,-0.2229494004029484,0.32472167733460267,-0.20230466246754097,-1.0145073924576902,0.6399611183185583,0.6816698365176094,-0.08839110672171677
2012-07-08,1.0187126863858462,1.0899785216333344,-0.3200290419116878,0.05147351886568591,0.08973902189162859,-0.8927593839944316,-0.10274522077571735,0.6816698365176094,0.3557129953373723
2012-07-12,1.0740732194013993,1.0899785216333344,-0.2820413561039202,-0.4039400785825087,-0.5360688731637347,-0.86232238187863,0.0829313639978532,0.6816698365176094,0.08925053410188855
2012-07-13,0.907991620354742,0.9558021751072698,0.04296440025142488,0.14255623835532483,0.04801849555460437,-0.9992888913997806,-0.04085302585119384,1.124720344387294,-0.39926397816301346
2012-07-14,1.0187126863858462,0.898298026596099,-0.04145267932139203,0.23363895784496375,0.29834165357674974,-1.1971294051525518,0.516176728469509,1.5677708522569789,-0.5769056189866187
2012-07-15,1.1478872634221355,1.262490967166846,-0.24827452427479343,-0.039609200623953005,0.4235032325878224,-1.0601628956314013,-0.22652961062475999,1.5677708522569789,0.4001234055432357
2012-07-16,0.9448986423651101,1.0324743731221637,0.43972467424366435,0.23363895784496375,0.715546916946992,-0.9840703903418712,-0.16463741570023868,1.5677708522569789,0.2224817647196304
2012-07-17,0.9818056643754789,1.262490967166846,-0.29470391803984275,0.05147351886568591,0.6321058642729436,-0.9992888913997806,-0.7835593649454629,1.5677708522569789,-0.04398069651580282
2012-07-18,1.0371661973910307,0.629945333543969,1.1108404568475587,0.5979698358035194,0.46522375892484663,-0.907977885052341,1.4445596523373507,1.5677708522569789,0.26689217492554435
2012-07-20,1.1478872634221355,1.2049868186556754,-0.1596365907233357,-0.22177463960323085,0.2566211272397255,-1.0905998977472202,-0.04085302585119164,1.5677708522569789,-0.5324952087807553
2012-07-21,1.2770618404584249,0.898298026596099,-0.2440536702961526,-0.13069192011359193,0.4235032325878224,-1.5775919316002023,1.3826674574128295,1.5677708522569789,-1.4207034128987819
2012-07-22,1.0371661973910307,0.8407938780849282,-0.29470391803984275,0.14255623835532483,0.6321058642729436,-2.110239468626913,0.7637455081676009,1.5677708522569789,-1.5539346435165238
2012-07-23,0.2067582021577458,0.6107772840402459,4.390443998251496,1.1444661527413529,0.715546916946992,-3.099442037390804,-1.2786969243416466,1.5677708522569789,-2.8862469496936396
2012-07-24,0.44665384522513935,0.6682814325514166,3.86283725092139,1.2355488722309917,0.8407084959580646,-2.445046491900852,-0.6597749750964202,1.5677708522569789,1.9100773525439565
2012-07-25,0.28057224617848264,0.43826483850673353,3.136850366595165,1.5998797501895474,0.9658700749691373,-1.0905998977472202,-0.47409839032284967,1.5677708522569789,3.952956222015544
2012-07-26,-0.10695148493038391,0.5532731355290751,0.8491475101718264,1.7820451891688254,0.715546916946992,-0.907977885052341,-2.1451876532849625,1.5677708522569789,0.5333546361609777
2012-07-27,0.040676603111089095,0.5724411850327988,0.747847014684446,1.6909624696791865,0.8407084959580646,-1.1514739019788407,-1.7119422888133047,1.5677708522569789,-0.7101368496043606
2012-07-29,1.2217013074428718,0.8216258285812045,-0.33691245782625123,0.05147351886568591,-0.8281125575229044,-1.2427849083262803,1.4445596523373507,1.124720344387294,-0.26603274754532213
2012-07-30,1.129433752416951,0.898298026596099,-0.33691245782625123,-0.31285735909286977,-1.2453178208931466,-1.7297769421792626,0.8875298980166457,0.6816698365176094,-1.4207034128987819
2012-07-31,1.055619708396215,0.8024577790774813,0.06406867014462911,0.05147351886568591,-0.07714308345646831,-2.0493654643952923,0.9494220929411692,0.6816698365176094,-0.9321889006338799
2012-08-01,1.2586083294532404,1.0133063236184399,-0.3284707498689695,-0.4039400785825087,0.5486648115988951,-2.338516984495503,0.9494220929411714,0.6816698365176094,-0.843368080222052
2012-08-02,1.350875884479161,1.3774992641891877,-0.33691245782625123,-1.0415191150099812,-0.5360688731637347,-2.353735485553413,0.0829313639978532,0.2386193286479245,-0.04398069651580282
2012-08-04,0.6865494882925329,1.3774992641891877,-0.3200290419116878,0.23363895784496375,0.46522375892484663,-2.110239468626913,-2.1451876532849625,0.2386193286479245,0.710996276984583
2012-08-05,0.8341775763340059,1.1474826701445053,-0.04989438727867373,0.5068871163138805,0.7572674432840162,-1.8210879485267022,-0.9073437547945099,0.2386193286479245,0.8442275076022743
2012-08-06,1.055619708396215,0.6107772840402459,-0.21872854642430756,0.5979698358035194,0.2566211272397255,-1.5775919316002023,1.5683440421863957,0.6816698365176094,0.710996276984583
2012-08-08,1.2217013074428718,1.2433229176631229,-0.33691245782625123,-0.039609200623953005,-0.11886360979349253,-1.9276174559320511,0.082931363997851,0.6816698365176094,-1.0210097210457079
2012-08-09,1.3877829064895284,1.2241548681593992,-0.33691245782625123,-0.31285735909286977,-1.3287588735671951,-1.775432445352991,0.7018533132430774,0.2386193286479245,0.44453381574914974
2012-08-10,0.9633521533702945,0.936634125603546,-0.011906701470906104,-0.039609200623953005,0.17318007456567705,-1.455843923136961,0.20671575384689803,0.2386193286479245,0.9330483280141022
2012-08-11,0.5020143782406918,0.6491133830476928,2.3939800663543758,0.7801352747827972,0.6738263906099677,-1.273221910442082,-0.41220619539832837,0.6816698365176094,0.5333546361609777
2012-08-12,0.5204678892458762,0.5724411850327988,0.18647343552521364,0.8712179942724362,0.7989879696210405,-1.41018841996325,-0.10274522077571516,0.6816698365176094,-0.39926397816306397
2012-08-13,0.6127354442717967,0.8216258285812045,0.06406867014462911,0.962300713762075,0.7572674432840162,-1.41018841996325,-0.5978827801718944,0.6816698365176094,0.00042971369011113775
2012-08-14,0.9448986423651101,0.8791299770923752,-0.2567162322320752,0.6890525552931583,-0.577789399500759,-1.1819109040946598,0.3305001436959429,0.6816698365176094,0.666585866778669
2012-08-15,1.2770618404584249,0.9749702246109929,-0.33691245782625123,-0.039609200623953005,-1.0367151892080255,-1.3188774136158106,1.1350986777147398,0.6816698365176094,-0.39926397816301346
2012-08-16,1.0740732194013993,0.7066175315588635,0.313099054884439,0.5979698358035194,0.7572674432840162,-1.6841214390055514,1.320775262488306,1.124720344387294,-1.0654201312515712
2012-08-18,1.0740732194013993,1.1283146206407815,-0.3326916038476104,0.32472167733460267,0.8407084959580646,-0.6036078638942207,-0.04085302585119164,1.124720344387294,3.153568838309295
2012-08-19,0.9633521533702945,1.0516424226258876,-0.33691245782625123,0.05147351886568591,-0.03542255711944408,-0.6797003691837508,-0.16463741570023868,0.6816698365176094,-0.22162233733940814
2012-08-20,1.129433752416951,1.0324743731221637,-0.33691245782625123,-0.13069192011359193,-0.7029509785118317,-0.9536333882260695,0.4542845335449877,0.2386193286479245,-0.7989576700161886
2012-08-22,0.3912933122095869,0.8599619275886521,-0.12164890491556811,0.32472167733460267,0.5069442852618709,-0.9536333882260695,-1.464373509115215,0.2386193286479245,0.00042971369011113775
2012-08-23,0.9264451313599265,0.8599619275886521,-0.33691245782625123,-0.22177463960323085,-0.6195099258377832,-0.9992888913997806,0.3305001436959429,-0.20443117922176018,-0.13280151692758022
2012-08-24,1.1109802414117669,0.9941382741147168,-0.33691245782625123,-0.6771882370514254,-0.36918676781563786,-1.1514739019788407,0.516176728469509,-0.20443117922176018,-0.4436743883689274
2012-08-26,1.1109802414117669,1.3008270661742931,-0.33691245782625123,-1.5880154319478146,0.7989879696210405,-1.7145584411213703,-0.47409839032285184,-0.6474816870914448,-1.6427554639283517
2012-08-27,1.2217013074428718,1.2433229176631229,-0.33691245782625123,-1.6790981514374534,0.34006217991377397,-1.699339940063461,0.082931363997851,-1.0905321949611295,0.04484012389602509
2012-08-28,1.4246899284998973,1.3008270661742931,-0.33691245782625123,-0.31285735909286977,-0.7446715048488559,-1.2580034093841899,0.5780689233940347,-1.0905321949611295,1.2883316096613129
2012-08-29,0.9264451313599265,0.8791299770923752,-0.23561196233887094,-0.13069192011359193,0.2566211272397255,-0.8166668787049015,0.2686079487714215,-0.6474816870914448,1.2883316096613633
2012-08-31,0.760363532313269,0.7449536305663105,0.5241417538164812,0.6890525552931583,0.5069442852618709,-0.7557928744732809,0.1448235589223745,-0.6474816870914448,0.17807135451371647
2012-09-01,0.8526310873391896,0.8216258285812045,0.1316023338028826,1.1444661527413529,0.4235032325878224,-0.7101373712995698,0.20671575384689803,-0.20443117922176018,0.1336609443078025
2012-09-02,0.9633521533702945,0.7066175315588635,-0.05411524125731456,0.4158043968242416,-0.45262782048968636,-0.6492633670679492,0.9494220929411692,0.2386193286479245,0.17807135451371647
2012-09-04,0.9448986423651101,0.6874494820551398,-0.01612755544954697,0.6890525552931583,0.46522375892484663,-0.3448933459098288,0.9494220929411692,0.6816698365176094,0.8886379178081882
2012-09-05,0.8895381093495583,0.6491133830476928,-0.315808187933047,0.4158043968242416,-0.11886360979349253,0.005132178422020021,0.887529898016648,1.124720344387294,1.0218691484259301
2012-09-06,1.0002591753806633,0.8791299770923752,-0.23983281631751177,0.4158043968242416,0.6738263906099677,0.08122468371155012,0.5161767284695135,1.5677708522569789,0.2224817647196304
2012-09-07,0.6680959772873485,1.0324743731221637,-0.13853232083013148,0.7801352747827972,0.34006217991377397,0.11166168582735177,-1.0930203395680782,1.5677708522569789,0.08925053410188855
2012-09-08,0.8157240653288215,0.9749702246109929,0.0007558604650164249,0.32472167733460267,-0.32746624147861364,-0.07096032686751007,-0.41220619539832837,1.5677708522569789,-0.5324952087807048
2012-09-10,0.9264451313599265,1.0708104721296106,-0.33691245782625123,-0.039609200623953005,-0.36918676781563786,-0.3448933459098288,-0.35031400047380484,1.124720344387294,-0.7989576700161886
2012-09-13,1.1109802414117669,0.9749702246109929,-0.30736647997576527,-0.22177463960323085,-0.32746624147861364,-0.6188263649521302,0.5780689233940325,1.124720344387294,-0.798957670016138
2012-09-14,0.6865494882925329,0.5149370365216281,-0.33691245782625123,-1.13260183449962,-0.2857457151415894,-0.49707835648888893,0.6399611183185561,0.6816698365176094,0.35571299533732176
2012-09-16,0.5020143782406918,0.4190967890030104,-0.33691245782625123,-1.3147672734788978,-1.87112571594851,-0.2688008406202987,0.3305001436959429,0.2386193286479245,0.666585866778669
2012-09-17,0.7419100213080854,0.2849204424769457,-0.33691245782625123,-2.134511748885648,-2.6638157163519702,-0.1927083353307686,1.5683440421863957,-0.20443117922176018,0.2224817647196304
2012-09-18,0.6680959772873485,0.6107772840402459,-0.33691245782625123,-1.6790981514374534,0.0062979692175801445,-0.3753303480256304,0.26860794877141936,-0.6474816870914448,-0.5324952087807048
2012-09-19,0.1698511801473777,0.7449536305663105,-0.33691245782625123,-0.4039400785825087,0.715546916946992,-0.23836383850447973,-1.8357266786623494,-1.0905321949611295,0.4001234055432357
2012-09-20,0.4835608672355074,0.6491133830476928,-0.260937086210716,0.23363895784496375,0.8407084959580646,-0.14705283215704015,-0.47409839032285184,-0.6474816870914448,0.26689217492554435
2012-09-21,0.4835608672355074,0.8024577790774813,-0.2862622100825611,0.32472167733460267,0.8407084959580646,-0.2840193416781909,-0.9692359497190334,-0.6474816870914448,-0.39926397816301346
2012-09-22,0.6865494882925329,0.7449536305663105,0.6338839572611433,0.962300713762075,0.46522375892484663,-0.5275153586046906,-0.10274522077571516,-0.20443117922176018,-0.7101368496043606
2012-09-23,0.6865494882925329,0.936634125603546,-0.2989247720184836,0.5979698358035194,0.17318007456567705,-0.8014483776470093,-0.7216671700209415,0.2386193286479245,-0.7989576700161886
2012-09-24,0.9633521533702945,0.5149370365216281,4.791425126222376,0.962300713762075,0.5903853379359193,-0.7862298765890998,1.5683440421863957,0.6816698365176094,0.04484012389602509
2012-09-25,0.4835608672355074,0.5341050860253512,0.61700054134658,0.5979698358035194,0.8407084959580646,-0.4057673501414494,-0.10274522077571516,1.124720344387294,1.1106899688377077
2012-09-26,0.4835608672355074,0.6491133830476928,-0.3200290419116878,0.32472167733460267,0.7572674432840162,-0.2840193416781909,-0.47409839032285184,1.5677708522569789,0.3557129953373723
2012-09-28,0.8526310873391896,0.7641216800700343,-0.33691245782625123,-1.7701808709270925,-0.41090729415266214,-0.49707835648888893,0.3923923386204642,1.124720344387294,-0.6213160291925832
2012-09-29,0.8157240653288215,0.5341050860253512,-0.33691245782625123,-1.5880154319478146,-1.87112571594851,-0.1927083353307686,1.0113142878656927,0.6816698365176094,0.8886379178081882
2012-10-02,0.46510735623032373,0.4190967890030104,-0.33691245782625123,-0.4950227980721476,-0.16058413613051675,0.11166168582735177,0.20671575384689803,0.2386193286479245,0.8886379178081882
2012-10-03,0.5020143782406918,0.3999287394992866,-0.33691245782625123,-0.31285735909286977,-0.9949946628710012,-0.2688008406202987,0.3923923386204664,-0.20443117922176018,-1.1098305414574852
2012-10-04,0.46510735623032373,0.36159264049183965,-0.33691245782625123,-0.13069192011359193,-0.7029509785118317,-0.3296748448519193,0.3923923386204664,-0.6474816870914448,-0.17721192713349418
2012-10-05,0.5942819332666124,0.5341050860253512,-0.3326916038476104,-0.7682709565410644,-1.1201562418820739,0.12688018688526123,0.2686079487714215,-0.6474816870914448,1.3327420198672268
2012-10-08,0.40974682321477124,0.591609234536522,-0.33691245782625123,-0.4950227980721476,0.4235032325878224,0.2334096942906103,-0.5359905852473732,-1.0905321949611295,0.3113025851314583
2012-10-09,0.44665384522513935,0.3999287394992866,-0.33691245782625123,-0.4039400785825087,-0.32746624147861364,0.06600618265364064,0.20671575384689803,-1.0905321949611295,-0.4880847985748413
2012-10-10,0.5204678892458762,0.36159264049183965,-0.33691245782625123,-1.3147672734788978,-1.87112571594851,0.035569180537821675,0.5780689233940347,-1.0905321949611295,-0.08839110672171677
2012-10-11,0.40974682321477124,0.22741629396577495,-0.33691245782625123,-1.223684553989259,-0.5360688731637347,0.05078768159573115,0.6399611183185561,-1.0905321949611295,0.04484012389602509
2012-10-12,0.26211873517329826,0.2849204424769457,-0.33691245782625123,-0.5861055175617865,-0.9949946628710012,0.05078768159573115,-0.04085302585119384,-1.0905321949611295,0.00042971369011113775
2012-10-13,0.1883046911525621,0.189080194958328,-0.33691245782625123,-0.31285735909286977,-0.03542255711944408,-0.010086322635889457,0.02103916907332968,-1.0905321949611295,-0.17721192713349418
2012-10-14,0.3174792681888507,0.32325654148439265,-0.33691245782625123,-0.039609200623953005,0.13145954822865283,0.1573171890010802,0.02103916907332968,-1.5335827028308142,0.4889442259550637
2012-10-15,0.4282003342199556,0.5341050860253512,-0.33691245782625123,-0.31285735909286977,-0.41090729415266214,0.38559470486967046,-0.2884218055492813,-1.5335827028308142,0.666585866778669
2012-10-17,0.5020143782406918,0.43826483850673353,-0.33691245782625123,-0.7682709565410644,-0.7029509785118317,0.2334096942906103,0.2686079487714215,-1.5335827028308142,-0.4436743883689274
2012-10-18,-0.07004446292001582,0.20824824446205112,-0.33691245782625123,-0.7682709565410644,0.6738263906099677,0.5834352186224417,-0.9073437547945099,-1.5335827028308142,1.0218691484258797
2012-10-21,0.3543862901992188,0.054903848432262634,-0.33691245782625123,-0.4950227980721476,-1.495640978915292,0.7356202292015019,1.0113142878656927,-1.5335827028308142,0.44453381574914974
2012-10-22,0.5573749112562443,0.15074409595088037,-0.33691245782625123,-0.4039400785825087,-1.9962872949595827,0.5073427133329117,1.3826674574128295,-1.5335827028308142,-0.6657264393984467
2012-10-24,0.3543862901992188,0.36159264049183965,-0.33691245782625123,-0.31285735909286977,-0.7446715048488559,0.370376203811761,0.02103916907332968,-1.5335827028308142,-0.39926397816301346
2012-10-25,0.3728398012044032,0.3999287394992866,-0.33691245782625123,-0.22177463960323085,-0.9949946628710012,0.32472070063804986,-0.04085302585119164,-1.5335827028308142,-0.13280151692758022
2012-10-26,-0.014683929904463364,0.32325654148439265,-0.30736647997576527,-0.039609200623953005,0.715546916946992,0.2334096942906103,-1.0930203395680782,-1.0905321949611295,-0.26603274754532213
2012-10-27,0.1883046911525621,0.36159264049183965,-0.30314562599712447,0.05147351886568591,0.5903853379359193,0.32472070063804986,-0.5359905852473732,-0.6474816870914448,0.26689217492554435
2012-10-28,0.28057224617848264,0.5341050860253512,-0.33691245782625123,-0.039609200623953005,0.46522375892484663,0.5073427133329117,-0.7835593649454629,-0.6474816870914448,0.5333546361609272
2012-10-29,-0.19921903995630444,0.47660093751418114,-0.3200290419116878,0.32472167733460267,0.8407084959580646,0.24862819534851976,-2.207079848209486,-0.20443117922176018,-0.7545472598102241
2012-10-30,-0.36530063900296117,-0.424297389160826,1.0686319170611502,1.5998797501895474,0.9241495486321131,-0.010086322635889457,0.14482355892237672,0.2386193286479245,-0.7545472598102746
2012-10-31,-0.7343708591066433,-0.8459944782427439,0.1316023338028826,0.14255623835532483,-0.03542255711944408,0.5073427133329117,0.2686079487714215,0.6816698365176094,1.510383660690832
2012-11-01,-0.4206611720185136,-0.7693222802278492,-0.33691245782625123,-1.4058499929685369,-0.9949946628710012,0.6595277239119719,1.0732064827902141,0.6816698365176094,0.44453381574914974
2012-11-02,-0.21767255096148816,-0.36679324064965524,-0.33691245782625123,-0.4950227980721476,-0.41090729415266214,0.4921242122750022,0.4542845335449899,0.2386193286479245,-0.4880847985748413
2012-11-04,0.1883046911525621,-0.06010444859007823,-0.33691245782625123,-1.0415191150099812,-0.7863920311858802,0.30950219958014036,0.8256377030921244,-0.20443117922176018,-0.5324952087807048
2012-11-05,-0.014683929904463364,0.054903848432262634,-0.33691245782625123,-0.6771882370514254,-0.7029509785118317,0.4464687091012911,-0.22652961062475999,-0.20443117922176018,0.4001234055432357
2012-11-06,-0.05159095191483145,-0.07927249809380205,-0.33691245782625123,-0.9504363955203422,-1.1618767682190982,0.6290907217961702,0.0829313639978532,-0.6474816870914448,0.5333546361609777
2012-11-07,-0.4575681940288817,0.07407189793598645,-0.33691245782625123,-0.13069192011359193,0.5069442852618709,0.46168721015920056,-1.773834483737826,-1.0905321949611295,-0.4880847985748413
2012-11-08,-0.3099401059874087,0.11240799694343341,-0.2567162322320752,0.5979698358035194,0.6321058642729436,0.11166168582735177,-1.4024813141906893,-1.0905321949611295,-1.0210097210457079
2012-11-10,0.1698511801473777,0.4190967890030104,-0.33691245782625123,0.962300713762075,-0.577789399500759,0.0964431847694596,-0.7835593649454651,-1.0905321949611295,-0.04398069651575233
2012-11-11,-0.291486594982225,-0.2517849436273137,-0.3242498958903287,-0.5861055175617865,0.6738263906099677,0.6595277239119719,-0.16463741570023868,-0.6474816870914448,1.6436148913085236
2012-11-12,-0.5313822380496185,-0.2709529931310375,-0.33691245782625123,-0.31285735909286977,0.6738263906099677,0.842149736606851,-0.9073437547945099,-0.6474816870914448,0.5333546361609777
2012-11-13,-0.18076552895112008,-0.2709529931310375,-0.33691245782625123,-0.13069192011359193,-1.1618767682190982,0.5682167175645323,0.2686079487714215,-0.6474816870914448,-0.7989576700161886
2012-11-14,-0.21767255096148816,0.016567749424815682,-0.33691245782625123,-0.039609200623953005,0.3817827062507982,0.5073427133329117,-0.7835593649454629,-0.6474816870914448,-0.17721192713349418
2012-11-17,-0.5682892600599866,-0.6734820327092316,-0.21028683846702584,0.14255623835532483,0.8824290222950889,0.5529982165066402,0.26860794877141936,-0.20443117922176018,0.133660944307853
2012-11-18,-1.0296270351895893,-0.6351459337017846,-0.3326916038476104,0.6890525552931583,0.8407084959580646,0.6290907217961702,-1.4024813141906913,-0.20443117922176018,0.2224817647196304
2012-11-19,-0.5867427710651704,-0.2709529931310375,-0.33691245782625123,-0.039609200623953005,-0.20230466246754097,0.6443092228540624,-1.093020339568076,-0.20443117922176018,0.044840123895974596
2012-11-20,-0.6974638370962752,-0.17511274561241977,-0.3242498958903287,0.23363895784496375,0.8407084959580646,0.5529982165066402,-1.773834483737826,-0.20443117922176018,-0.2660327475452716
2012-11-21,-0.6051962820703547,-0.06010444859007823,-0.21028683846702584,1.4177143112102697,0.9241495486321131,0.08122468371155012,-1.8357266786623494,0.2386193286479245,-1.3762930026929185
2012-11-22,0.07758362512145718,0.09323994743971027,-0.3200290419116878,0.962300713762075,0.46522375892484663,-0.22314533744657025,-0.04085302585119384,0.6816698365176094,-0.887778490427966
2012-11-23,-0.07004446292001582,-0.5201376366794437,0.41017869639317844,0.5068871163138805,0.7572674432840162,0.1420986879431707,1.4445596523373507,1.124720344387294,1.0662795586317937
2012-11-25,-0.8450919251377482,-0.4051293396571022,0.14848574971744602,1.7820451891688254,1.1744727066542584,0.4464687091012911,-1.5262657040397363,1.124720344387294,0.8886379178081882
2012-11-26,-0.6421033040807228,-1.171851319806044,-0.31158733395440613,1.053383433251714,0.5903853379359193,0.4921242122750022,1.6302362371109191,1.124720344387294,0.1336609443078025
2012-11-27,-1.5647788543399281,-1.4402040128581737,0.4861540680087137,1.5998797501895474,0.9658700749691373,0.7812757323752304,-0.5978827801718956,1.5677708522569789,0.8442275076023248
2012-11-28,-1.158801612225878,-0.865162527746467,-0.2904830640612019,1.5087970306999086,1.09103165398021,0.33993920169594205,-1.0930203395680782,1.5677708522569789,-1.287472182281141
2012-11-29,-1.0111735241844049,-0.5009695871757199,-0.22717025438158922,1.5087970306999086,1.257913759328307,0.2942836985222309,-1.773834483737826,1.5677708522569789,-0.13280151692758022
2012-11-30,-0.8266384141325639,-0.36679324064965524,-0.2567162322320752,1.5998797501895474,1.3413548120023553,0.11166168582735177,-1.5881578989642575,1.5677708522569789,-0.5324952087807553
2012-12-01,-0.9927200131792212,-0.3859612901533784,-0.3242498958903287,1.3266315917206308,1.2161932329912828,0.370376203811761,-2.0832954583604413,1.5677708522569789,0.7554066871904969
2012-12-02,-1.0849875682051418,-1.0185069237762554,-0.20184513050974415,0.8712179942724362,0.9241495486321131,0.46168721015920056,-0.350314000473807,1.5677708522569789,0.26689217492554435
2012-12-03,-1.5647788543399281,-1.0568430227837025,0.12316062584560096,1.2355488722309917,0.9241495486321131,0.7204017281435925,-1.8357266786623494,1.5677708522569789,0.7554066871904465
2012-12-04,-1.638592898360665,-1.0760110722874263,0.030301838315502313,0.962300713762075,0.8407084959580646,0.5682167175645323,-2.021403263435918,1.5677708522569789,-0.4436743883689274
2012-12-05,-1.6570464093658488,-1.382699864347003,-0.06255694921459626,0.7801352747827972,0.8824290222950889,0.766057231317321,-1.093020339568077,1.5677708522569789,0.5777650463668916
2012-12-06,-1.5647788543399281,-1.4402040128581737,-0.33691245782625123,-0.4950227980721476,0.2566211272397255,0.8573682376647604,-0.5978827801718956,1.124720344387294,0.26689217492554435
2012-12-08,-1.2879761892621666,-0.9801708247688086,-0.2989247720184836,0.14255623835532483,0.7572674432840162,0.5682167175645323,-1.1549125344925995,1.124720344387294,-0.8433680802221025
2012-12-09,-1.048080546194773,-0.9226666762576378,-0.33691245782625123,-0.039609200623953005,-0.8698330838599286,0.5377797154487306,-0.5359905852473732,0.6816698365176094,-0.08839110672166628
2012-12-10,-1.343336722277719,-0.865162527746467,-0.33691245782625123,-0.31285735909286977,0.13145954822865283,0.6443092228540624,-1.7119422888133047,0.2386193286479245,0.3113025851314078
2012-12-11,-1.0849875682051418,-0.9034986267539146,-0.33691245782625123,-0.22177463960323085,0.21490060090270127,0.8573682376647604,-0.7216671700209415,-0.20443117922176018,0.6221754565728055
2012-12-12,-1.2695226782569828,-1.0568430227837025,-0.33691245782625123,-0.31285735909286977,0.04801849555460437,1.2378307641124109,-0.8454515598699885,-0.6474816870914448,1.1106899688377077
2012-12-13,-1.1403481012206935,-1.0376749732799793,-0.33691245782625123,-0.039609200623953005,-0.7863920311858802,1.131301256707062,-0.47409839032284967,-1.0905321949611295,-0.31044315775123604
2012-12-14,-0.6790103260910909,-0.5968098346943376,-0.33691245782625123,0.32472167733460267,0.04801849555460437,0.9182422418963812,-0.35031400047380484,-1.0905321949611295,-0.6213160291925327
2012-12-15,-0.47602170503406604,-0.29012104263476063,-0.33691245782625123,0.962300713762075,0.21490060090270127,0.4312502080433816,-0.6597749750964202,-1.5335827028308142,-1.4207034128988323
2012-12-16,-0.10695148493038391,-0.002600300078907455,-0.33691245782625123,0.8712179942724362,0.08973902189162859,0.40081320592757996,-0.350314000473807,-1.5335827028308142,-0.08839110672166628
2012-12-17,-0.7343708591066433,-0.2709529931310375,-0.33691245782625123,0.6890525552931583,0.6738263906099677,0.5986537196803513,-1.5881578989642575,-1.5335827028308142,0.5777650463668411
2012-12-18,-1.1034410792103255,-1.6127164583916855,-0.23983281631751177,0.14255623835532483,0.46522375892484663,1.176956759880773,1.5064518472618742,-1.0905321949611295,1.6880253015144375
2012-12-19,-1.7493139643917692,-1.7468928049177503,-0.2904830640612019,0.14255623835532483,0.8407084959580646,1.131301256707062,-0.22652961062475999,-0.6474816870914448,-0.13280151692758022
2012-12-20,-1.4171507662984553,-1.1526832703023202,-0.33691245782625123,0.7801352747827972,0.8407084959580646,0.7356202292015019,-1.0311281446435547,-0.6474816870914448,-1.1542409516633991
2012-12-22,-1.0296270351895893,-1.4402040128581737,-0.33691245782625123,-0.31285735909286977,-0.16058413613051675,0.9791162461280017,1.19699087263926,-0.6474816870914448,0.710996276984583
2012-12-23,-1.9892096074591628,-2.264430141518286,-0.33691245782625123,-2.134511748885648,-1.1618767682190982,1.8922263096023628,0.6399611183185561,-0.6474816870914448,2.6650543260443422
2012-12-24,-2.099930673490267,-2.302766240525733,-0.33691245782625123,-0.8593536760307032,-0.8698330838599286,1.679167294791682,0.3923923386204664,-0.6474816870914448,-0.6213160291925327
2012-12-25,-1.490964810319192,-1.4018679138507264,-0.33691245782625123,-0.4039400785825087,0.8407084959580646,1.176956759880773,-0.47409839032285184,-0.6474816870914448,-1.4651138231047462
2012-12-29,-1.3064297002673508,-1.8235650029326445,0.5958962714533758,0.5979698358035194,0.9241495486321131,0.5682167175645323,1.506451847261873,-0.6474816870914448,-1.775986694546043
2012-12-31,-2.505907915604318,-2.8778077256374397,-0.33691245782625123,-2.7720907853131207,-1.662523084263389,1.5269822842126217,0.8875298980166468,-1.0905321949611295,2.7982855566620843
2013-01-01,-1.7308604533865855,-2.168589893999668,-0.33691245782625123,-2.134511748885648,-0.03542255711944408,1.2226122630545015,1.1969908726392589,-1.0905321949611295,-0.887778490427966
2013-01-02,-1.380243744288087,-1.382699864347003,-0.33691245782625123,-1.223684553989259,-0.45262782048968636,1.0399902503596223,-0.16463741570023757,-1.0905321949611295,-0.5324952087807553
2013-01-03,-1.4171507662984553,-1.459372062361897,-0.33691245782625123,-0.4950227980721476,0.6738263906099677,1.5726377873863329,-0.04085302585119164,-1.0905321949611295,1.554794070896746
2013-01-04,-2.2475587615317405,-2.0727496464810504,-0.33691245782625123,-0.4950227980721476,0.8407084959580646,1.283486267286122,-0.8454515598699874,-1.0905321949611295,-0.843368080222052
2013-01-05,-1.8046744974073217,-1.9577413494587093,-0.33691245782625123,-0.4950227980721476,-0.41090729415266214,0.9030237408384716,0.26860794877142047,-1.0905321949611295,-1.1098305414574852
2013-01-06,-1.7862209864021374,-1.5743803593842383,-0.33691245782625123,-0.5861055175617865,-1.3287588735671951,0.9943347471859112,-0.9073437547945088,-1.5335827028308142,0.26689217492554435
2013-01-07,-1.7124069423814012,-1.804396953428921,-0.33691245782625123,-0.5861055175617865,-0.9949946628710012,0.8725867387226527,0.0829313639978532,-1.5335827028308142,-0.35485356795715
2013-01-08,-1.195708634236246,-1.171851319806044,-0.33691245782625123,-1.13260183449962,-0.03542255711944408,0.7508387302594114,-0.22652961062475999,-1.5335827028308142,-0.35485356795709955
2013-01-09,-1.5647788543399281,-1.4402040128581737,-0.33691245782625123,-1.3147672734788978,-0.45262782048968636,1.055208751417532,-0.5978827801718956,-1.5335827028308142,0.8886379178081882
2013-01-10,-1.9338490744436103,-1.727724755414027,-0.33691245782625123,-1.13260183449962,0.6321058642729436,1.283486267286122,-0.9073437547945088,-1.5335827028308142,0.666585866778669
2013-01-11,-1.4725112993140077,-1.4402040128581737,-0.33691245782625123,-0.4039400785825087,-1.0367151892080255,1.2378307641124109,-0.28842180554928243,-1.5335827028308142,-0.13280151692758022
2013-01-13,-1.3986972552932715,-1.5360442603767914,-0.33691245782625123,-0.7682709565410644,-1.8294051896114858,0.4464687091012911,0.26860794877142047,-1.5335827028308142,-2.3089116170169097
2013-01-14,-1.490964810319192,-1.7852289039251972,-0.33691245782625123,-1.0415191150099812,-2.455213084666849,0.9943347471859112,0.7637455081676009,-1.5335827028308142,1.59920448110266
2013-01-15,-1.7862209864021374,-1.5360442603767914,-0.33691245782625123,-0.31285735909286977,0.3817827062507982,1.3291417704598332,-1.0311281446435536,-1.5335827028308142,0.9774587382199657
2013-01-16,-0.9927200131792212,-1.382699864347003,-0.33691245782625123,-0.5861055175617865,-2.6638157163519702,1.313923269401941,1.1350986777147365,-1.5335827028308142,-0.04398069651575233
2013-01-17,-1.3248832112725346,-1.3251957158358325,-0.33691245782625123,-0.9504363955203422,-1.7459641369374372,1.8009153032549405,-0.16463741570023646,-1.5335827028308142,1.4215628402790548
2013-01-18,-1.8784885414280579,-1.6893886564065796,-0.33691245782625123,-0.7682709565410644,0.08973902189162859,2.1661593286446643,-0.8454515598699863,-1.5335827028308142,1.066279558631743
2013-01-19,-1.7308604533865855,-1.7660608544214738,-0.33691245782625123,-0.6771882370514254,-0.32746624147861364,1.6487302926758631,-0.10274522077571625,-1.5335827028308142,-1.5095242333106098
2013-01-20,-1.4171507662984553,-1.210187418813491,-0.33691245782625123,-0.22177463960323085,0.715546916946992,1.2226122630545015,-0.8454515598699863,-1.5335827028308142,-1.2430617720751767
2013-01-21,-0.7343708591066433,-0.6159778841980614,-0.33691245782625123,-0.13069192011359193,0.4235032325878224,1.0704272524754412,-0.47409839032284967,-1.5335827028308142,-0.4436743883689274
2013-01-23,-1.2510691672517984,-1.0185069237762554,-0.33691245782625123,0.7801352747827972,0.5486648115988951,1.0247717493017128,-0.9073437547945099,-1.5335827028308142,-0.1328015169276307
2013-01-24,-0.9742665021740369,-1.0568430227837025,-0.33691245782625123,0.05147351886568591,-0.9949946628710012,0.8878052397805621,0.1448235589223745,-1.5335827028308142,-0.39926397816301346
2013-01-25,-1.1034410792103255,-1.1910193693097675,-0.33691245782625123,-0.31285735909286977,-1.1618767682190982,1.0095532482438208,0.1448235589223756,-1.5335827028308142,0.3557129953373723
2013-01-26,-1.2879761892621666,-1.1143471712948732,-0.21872854642430756,0.23363895784496375,0.2566211272397255,0.9638977450700922,-0.7216671700209415,-1.0905321949611295,-0.1328015169276307
2013-01-27,-1.675499920371033,-1.2676915673246616,-0.31158733395440613,0.6890525552931583,0.7572674432840162,1.4356712778651823,-1.5262657040397363,-0.6474816870914448,1.3771524300731408
2013-01-28,-1.5094183213243757,-1.516876210873068,-0.33691245782625123,-1.0415191150099812,-0.7863920311858802,1.4965452820968028,-0.16463741570023646,-0.6474816870914448,0.17807135451371647
2013-01-30,-1.1772551232310624,-1.0568430227837025,-0.33691245782625123,-0.31285735909286977,-0.4943483468267106,1.5269822842126217,-0.5359905852473754,-0.6474816870914448,0.08925053410193905
2013-01-31,-1.0849875682051418,-0.9993388742725323,-0.33691245782625123,-1.0415191150099812,-0.5360688731637347,1.3900157746914712,-0.41220619539832837,-0.6474816870914448,-0.39926397816301346
2013-02-01,-0.34684712799777745,-0.9034986267539146,-0.33691245782625123,-0.4039400785825087,-1.495640978915292,1.1465197577649713,1.7540206269599639,-0.6474816870914448,-0.7101368496043606
2013-02-02,-0.143858506940752,-0.6159778841980614,-0.33691245782625123,-0.31285735909286977,-0.20230466246754097,1.1008642545912428,1.5064518472618742,-0.6474816870914448,-0.1328015169276307
2013-02-08,-1.490964810319192,-1.4785401118656205,-0.3284707498689695,0.7801352747827972,0.8407084959580646,1.0247717493017128,-0.2265296106247611,-0.6474816870914448,-0.22162233733940814
2013-02-15,-0.439114683023698,-0.7884903297315731,-0.315808187933047,-0.039609200623953005,0.715546916946992,0.6595277239119719,1.0732064827902141,-0.6474816870914448,-1.0654201312515712
2013-02-16,-1.3617902332829035,-1.133515220798597,-0.3326916038476104,0.4158043968242416,0.5903853379359193,0.9943347471859112,-0.9073437547945099,-0.20443117922176018,0.9774587382200162
2013-02-17,-1.0665340571999573,-1.0760110722874263,-0.33691245782625123,0.14255623835532483,0.13145954822865283,0.46168721015920056,-0.10274522077571516,-0.20443117922176018,-1.5539346435165238
2013-02-18,-0.2545795729718569,-0.6926500822129553,-0.33691245782625123,0.5979698358035194,0.46522375892484663,0.08122468371155012,1.3826674574128273,-0.20443117922176018,-1.1098305414574852
2013-02-22,-0.8081849031273801,-1.133515220798597,-0.33691245782625123,-0.4039400785825087,-0.2440251888045652,1.359578772575652,0.9494220929411692,-0.20443117922176018,3.7309041709860247
2013-02-23,-0.9189059691584844,-1.133515220798597,-0.33691245782625123,-0.4950227980721476,-0.577789399500759,1.603074789502152,0.5780689233940347,-0.20443117922176018,0.710996276984583
2013-02-25,-0.6790103260910909,-0.9226666762576378,-0.33691245782625123,-0.5861055175617865,0.46522375892484663,0.9638977450700922,0.7018533132430795,-0.6474816870914448,-1.8648075149578711
2013-02-26,-0.5498357490548023,-0.5776417851906138,-0.3284707498689695,0.4158043968242416,0.8407084959580646,0.5529982165066402,0.02103916907332968,-0.6474816870914448,-1.1986513618692627
2013-02-28,-0.9004524581533007,-0.7309861812204023,-0.315808187933047,1.2355488722309917,0.8407084959580646,0.18775419111688185,-0.6597749750964202,-0.6474816870914448,-1.0654201312516218
2013-03-01,-0.8819989471481163,-0.7501542307241261,-0.3326916038476104,1.2355488722309917,0.8407084959580646,0.24862819534851976,-0.5359905852473732,-0.20443117922176018,0.17807135451376696
2013-03-02,-0.9927200131792212,-1.344363765339556,-0.30314562599712447,0.962300713762075,0.8407084959580646,1.1921752609386824,1.0113142878656916,0.2386193286479245,2.7538751464561195
2013-03-03,-1.7308604533865855,-1.6318845078954092,-0.33691245782625123,-1.13260183449962,0.7572674432840162,1.6943857958495914,-0.5359905852473743,0.2386193286479245,1.4659732504849687
2013-03-04,-0.9373594801636688,-1.7085567059103033,-0.33691245782625123,-2.134511748885648,-0.5360688731637347,1.6487302926758631,2.3729425762051903,0.2386193286479245,-0.1328015169276307
2013-03-05,-0.8266384141325639,-1.2485235178209382,-0.33691245782625123,-2.6810080658234816,-1.6208025579263647,1.6182932905600613,1.2588830675637834,0.2386193286479245,-0.08839110672166628
2013-03-06,-0.5867427710651704,-1.1143471712948732,-0.33691245782625123,-1.4969327124581757,-2.5386541373408975,1.313923269401941,1.6302362371109191,-0.20443117922176018,-0.887778490427966
2013-03-07,-0.34684712799777745,-0.9418347257613615,-0.33691245782625123,-1.3147672734788978,-2.7472567690260186,1.1008642545912428,1.8778050168090088,-0.6474816870914448,-0.6213160291925832
2013-03-08,-0.07004446292001582,-0.865162527746467,-0.33691245782625123,-2.5899253463338425,-2.8306978217000673,0.6443092228540624,2.5586191609787563,-1.0905321949611295,-1.3318825924870046
2013-03-09,-0.12540499593556761,-0.7693222802278492,-0.33691245782625123,-1.13260183449962,-2.371772031992801,0.3551577027538515,2.063481601582577,-1.5335827028308142,-0.843368080222052
2013-03-10,-0.07004446292001582,-0.6926500822129553,-0.33691245782625123,-0.7682709565410644,-2.7055362426889946,0.32472070063804986,2.0015894066580535,-1.5335827028308142,-0.08839110672166628
2013-03-12,-0.6051962820703547,-0.7693222802278492,-0.3284707498689695,0.14255623835532483,0.13145954822865283,0.4921242122750022,0.4542845335449877,-1.0905321949611295,0.4889442259550132
2013-03-15,-0.8266384141325639,-0.8459944782427439,-0.33691245782625123,-0.13069192011359193,0.04801849555460437,1.3291417704598332,-0.04085302585119164,-1.0905321949611295,2.443002275014823
2013-03-16,-0.6605568150859071,-0.6926500822129553,-0.33691245782625123,0.05147351886568591,-0.7029509785118317,1.0399902503596223,0.02103916907332968,-1.0905321949611295,-0.843368080222052
2013-03-17,-0.623649793075539,-0.5968098346943376,-0.33691245782625123,0.7801352747827972,0.5903853379359193,0.17253569005898967,-0.16463741570023868,-1.0905321949611295,-2.5309636680463785
2013-03-18,-0.08849797392519954,-0.17511274561241977,-0.33691245782625123,0.5979698358035194,0.5486648115988951,-0.2992378427361003,0.2686079487714215,-1.0905321949611295,-1.3762930026929185
2013-03-19,0.151397669142194,0.054903848432262634,0.4312829662863827,0.962300713762075,0.7572674432840162,-0.2688008406202987,0.33050014369594505,-0.6474816870914448,0.08925053410188855
2013-03-21,-0.5498357490548023,-0.5968098346943376,-0.30314562599712447,1.1444661527413529,0.715546916946992,0.18775419111688185,0.0829313639978532,-0.20443117922176018,1.3327420198672268
2013-03-22,-0.143858506940752,-0.6159778841980614,-0.33691245782625123,0.7801352747827972,0.2566211272397255,0.11166168582735177,1.5064518472618742,-0.6474816870914448,-0.22162233733940814
2013-03-23,-0.10695148493038391,-0.15594469610869596,-0.33691245782625123,0.5068871163138805,0.4235032325878224,-0.16227133321494963,0.1448235589223745,-0.6474816870914448,-0.798957670016138
2013-03-24,-0.19921903995630444,-0.13677664660497282,-0.2904830640612019,0.962300713762075,0.46522375892484663,-0.3296748448519193,-0.22652961062475999,-0.20443117922176018,-0.4880847985748413
2013-03-25,-0.6790103260910909,-0.5009695871757199,-0.2989247720184836,1.2355488722309917,0.8407084959580646,-0.08617882792541955,-0.659774975096418,0.2386193286479245,0.710996276984583
2013-03-26,-1.2879761892621666,-0.7118181317166792,0.23712368326890376,1.7820451891688254,0.9241495486321131,-0.1774898342728591,-2.0214032634359156,0.6816698365176094,-0.26603274754532213
2013-03-27,-0.9373594801636688,-0.6734820327092316,-0.2735996481466385,1.1444661527413529,0.6738263906099677,0.08122468371155012,-0.9692359497190334,0.6816698365176094,0.7554066871904969
2013-03-28,-1.1772551232310624,-0.6351459337017846,0.9884356914669742,1.5087970306999086,0.8824290222950889,-0.010086322635889457,-1.8976188735868729,0.6816698365176094,-0.26603274754532213
2013-03-29,-0.8081849031273801,-0.6543139832055084,-0.2229494004029484,1.3266315917206308,0.8824290222950889,0.0964431847694596,-0.5978827801718967,1.124720344387294,0.3113025851314583
2013-03-30,-1.3248832112725346,-0.82682642873902,2.119624557742721,1.5998797501895474,1.09103165398021,0.08122468371155012,-1.773834483737826,1.5677708522569789,-0.04398069651580282
2013-03-31,-1.0665340571999573,-0.5968098346943376,-0.29470391803984275,1.5087970306999086,0.8407084959580646,0.2942836985222309,-1.650050093888781,1.5677708522569789,0.6221754565727551
2013-04-01,-0.8081849031273801,-0.6734820327092316,-0.3326916038476104,0.5979698358035194,0.715546916946992,0.4312502080433816,-0.5359905852473754,1.5677708522569789,0.4001234055432357
2013-04-02,-0.7897313921221958,-0.4051293396571022,0.22446112133298127,1.4177143112102697,0.7572674432840162,0.2181911932327008,-1.3405891192661679,1.5677708522569789,-0.6213160291925327
2013-04-03,-1.2510691672517984,-0.7501542307241261,0.05140610820870654,1.2355488722309917,0.9241495486321131,-0.08617882792541955,-1.773834483737826,1.5677708522569789,-0.887778490427966
2013-04-04,-1.2141621452414304,-0.6926500822129553,-0.315808187933047,1.6909624696791865,0.8407084959580646,-0.7253558723574792,-1.8357266786623494,1.5677708522569789,-1.8648075149578711
2013-04-05,-0.10695148493038391,-0.46263348816827293,1.1277238727621224,1.5998797501895474,0.8407084959580646,-1.455843923136961,1.1350986777147376,1.5677708522569789,-2.131269976193254
2013-04-06,-0.32839361699259306,-0.9610027752650847,1.21636180631358,-0.039609200623953005,0.46522375892484663,-0.6949188702416602,2.0015894066580535,1.5677708522569789,2.220950223985304
2013-04-07,-1.4356042773036395,-1.3251957158358325,-0.33691245782625123,-1.0415191150099812,0.3817827062507982,0.06600618265364064,-0.5359905852473732,1.124720344387294,2.220950223985304
2013-04-09,-1.0296270351895893,-0.7118181317166792,0.7225218908126011,1.5998797501895474,0.8407084959580646,0.26384669640641195,-1.1549125344925995,1.124720344387294,0.5777650463668411
2013-04-10,-1.2879761892621666,-0.8459944782427439,0.258227953162108,1.4177143112102697,0.8824290222950889,0.7051832270857004,-1.5881578989642575,1.124720344387294,1.2883316096613633
2013-04-11,-1.5463253433347444,-1.171851319806044,0.24556539122618548,1.053383433251714,0.8407084959580646,0.7812757323752304,-1.4024813141906913,1.124720344387294,0.2224817647196304
2013-04-12,-1.4356042773036395,-1.2293554683172148,-0.24827452427479343,0.8712179942724362,0.5903853379359193,1.0399902503596223,-0.8454515598699863,1.124720344387294,0.7554066871904465
2013-04-13,-0.6790103260910909,-0.8843305772501908,-0.33691245782625123,-1.223684553989259,0.4235032325878224,0.6747462249698813,0.5780689233940347,0.6816698365176094,-1.0654201312515712
2013-04-14,-0.4575681940288817,-0.46263348816827293,-0.33691245782625123,-0.7682709565410644,-0.2857457151415894,0.1573171890010802,-0.04085302585119164,0.2386193286479245,-1.5095242333106098
2013-04-15,0.05913011411627346,-0.5009695871757199,-0.33691245782625123,0.14255623835532483,-1.5790820315893404,-0.2535823395623892,1.8159128218844875,0.2386193286479245,-1.198651361869313
2013-04-16,-0.291486594982225,-0.2134488446198667,-0.3200290419116878,1.053383433251714,0.21490060090270127,-0.5579523607205096,-0.2884218055492835,0.2386193286479245,-0.887778490427966
2013-04-17,-0.12540499593556761,0.16991214545460417,0.3215407628417207,1.5087970306999086,0.8407084959580646,-0.6797003691837508,-0.9692359497190312,0.2386193286479245,-0.35485356795709955
2013-04-18,0.1883046911525621,0.3999287394992866,0.009197568422298085,1.2355488722309917,0.715546916946992,-0.6188263649521302,-0.659774975096418,0.2386193286479245,0.17807135451371647
2013-04-19,0.24366522416811454,-0.07927249809380205,0.03874354627278405,1.4177143112102697,0.7572674432840162,-0.5427338596626001,1.0732064827902164,0.2386193286479245,0.2224817647196304
2013-04-20,-0.2545795729718569,-0.2517849436273137,0.1780317275679319,1.3266315917206308,0.5903853379359193,-0.23836383850447973,-0.04085302585119384,0.6816698365176094,0.8886379178081882
2013-04-21,-0.5313822380496185,-0.32845714164220824,-0.3242498958903287,0.962300713762075,0.7989879696210405,0.2334096942906103,-0.7216671700209415,1.124720344387294,1.3771524300731408
2013-04-22,-1.158801612225878,-0.6159778841980614,-0.29470391803984275,1.053383433251714,0.8407084959580646,0.4464687091012911,-1.8976188735868709,1.5677708522569789,0.6221754565727551
2013-04-23,-0.07004446292001582,-0.5201376366794437,-0.315808187933047,1.053383433251714,0.34006217991377397,0.2942836985222309,1.4445596523373507,1.5677708522569789,-0.4436743883689274
2013-04-24,0.5573749112562443,-0.021768349582631272,-0.33691245782625123,0.5068871163138805,-0.36918676781563786,0.0203506794799295,1.9396972117335323,1.124720344387294,-0.798957670016138
2013-04-25,0.7050029992977173,0.189080194958328,0.942006297701925,0.6890525552931583,0.2566211272397255,-0.22314533744657025,1.7540206269599639,1.124720344387294,-0.7101368496043606
2013-04-26,-0.6051962820703547,-0.1942807951161429,-0.21450769244566673,0.5979698358035194,0.7989879696210405,0.06600618265364064,-1.4024813141906913,1.124720344387294,0.8442275076022743
2013-04-30,0.46510735623032373,-0.1942807951161429,0.6676507890902701,1.053383433251714,0.6321058642729436,-0.5427338596626001,2.187265991431622,1.124720344387294,-1.775986694546043
2013-05-01,-0.3099401059874087,-0.3859612901533784,-0.2862622100825611,0.7801352747827972,0.34006217991377397,-0.46664135437306997,0.20671575384689803,1.124720344387294,0.2224817647196304
2013-05-02,-0.9004524581533007,-1.0568430227837025,-0.2989247720184836,-0.4039400785825087,0.7989879696210405,-0.2992378427361003,0.3923923386204642,1.124720344387294,0.4889442259550637
2013-05-03,-0.8635454361429319,-0.6543139832055084,1.0897361869543545,0.6890525552931583,0.8407084959580646,-0.22314533744657025,-0.7835593649454629,1.124720344387294,0.2224817647196304
2013-05-08,-0.6605568150859071,0.0357357989285395,0.9166811738300799,1.4177143112102697,0.9241495486321131,-0.22314533744657025,-2.330864238058531,1.5677708522569789,0.00042971369011113775
2013-05-09,0.44665384522513935,0.13157604644715723,0.9842148374883335,1.2355488722309917,0.4235032325878224,-0.39054884908353993,1.0732064827902141,1.5677708522569789,-0.4880847985748413
2013-05-10,0.3359327791940351,0.2465843434694981,0.6507673731757067,1.2355488722309917,0.3817827062507982,-0.6644818681258413,0.33050014369594505,1.5677708522569789,-0.798957670016138
2013-05-11,0.3912933122095869,0.16991214545460417,-0.3326916038476104,0.5979698358035194,0.04801849555460437,-0.907977885052341,0.7637455081676009,1.5677708522569789,-0.7101368496043606
2013-05-12,-0.05159095191483145,0.38076068999556345,-0.2778205021252794,1.3266315917206308,0.7572674432840162,-0.7253558723574792,-1.4024813141906913,1.5677708522569789,0.5333546361609272
2013-05-13,0.5758284222614279,0.3424245909881158,-0.3284707498689695,0.962300713762075,0.21490060090270127,-0.7557928744732809,0.8256377030921244,1.5677708522569789,-0.08839110672166628
2013-05-16,0.5942819332666124,0.4957689870179043,-0.10898634297964555,0.7801352747827972,0.6321058642729436,-1.0753813966893107,0.3923923386204664,1.5677708522569789,-0.9321889006338799
2013-05-17,0.13294415813700963,0.5149370365216281,0.2497862452048263,1.5087970306999086,0.7572674432840162,-0.7405743734153714,-1.2168047294171231,1.5677708522569789,0.9774587382200162
2013-05-18,0.7419100213080854,0.7066175315588635,0.5494668776883264,0.962300713762075,0.715546916946992,-0.8775408829365394,0.20671575384689803,1.5677708522569789,-0.39926397816306397
2013-05-19,0.760363532313269,1.1666507196482283,-0.3326916038476104,0.5979698358035194,0.8407084959580646,-1.0905998977472202,-1.2168047294171231,1.5677708522569789,-0.6213160291925327
2013-05-20,0.8895381093495583,0.6874494820551398,0.7605095766203687,0.4158043968242416,0.5903853379359193,-1.1819109040946598,0.7637455081676031,1.5677708522569789,-0.26603274754532213
2013-05-21,0.40974682321477124,0.2657523929732219,0.7731721385562912,1.2355488722309917,0.7572674432840162,-1.0753813966893107,0.5161767284695112,1.5677708522569789,0.3113025851314583
2013-05-22,-0.10695148493038391,0.2465843434694981,9.40481852487682,1.5998797501895474,0.9241495486321131,-0.9840703903418712,-1.1549125344925995,1.5677708522569789,0.26689217492554435
2013-05-25,0.022223092105904722,0.47660093751418114,1.8579316110669883,1.6909624696791865,0.8824290222950889,-0.436204352257251,-1.464373509115215,1.5677708522569789,1.59920448110266
2013-05-26,0.5389214002510598,0.6491133830476928,0.14004404176016436,0.8712179942724362,0.715546916946992,-0.7557928744732809,-0.2884218055492835,1.5677708522569789,-0.9321889006338799
2013-05-27,0.5573749112562443,1.1091465711370576,-0.3326916038476104,0.4158043968242416,0.7572674432840162,-0.86232238187863,-1.7119422888133025,1.5677708522569789,-0.31044315775123604
2013-05-29,0.9448986423651101,1.0899785216333344,-0.3200290419116878,0.32472167733460267,0.34006217991377397,-0.2535823395623892,-0.350314000473807,1.5677708522569789,1.7768461219262652
2013-05-30,1.055619708396215,0.9749702246109929,-0.33691245782625123,0.05147351886568591,-0.577789399500759,-0.2840193416781909,0.3923923386204664,1.124720344387294,-0.08839110672166628
2013-05-31,1.1478872634221355,0.9749702246109929,-0.33691245782625123,-0.22177463960323085,-1.662523084263389,-0.4818598554309795,0.7018533132430795,0.6816698365176094,-0.5769056189866693
2013-06-01,1.0371661973910307,1.0708104721296106,-0.33691245782625123,-0.13069192011359193,-1.704243610600413,-0.7405743734153714,0.02103916907332968,0.2386193286479245,-0.7545472598102241
2013-06-03,1.2770618404584249,1.0899785216333344,-0.33691245782625123,-0.039609200623953005,-0.20230466246754097,-0.8471038808207204,0.7637455081676031,-0.20443117922176018,-0.31044315775123604
2013-06-04,0.9818056643754789,0.591609234536522,0.5157000458591996,0.8712179942724362,0.5069442852618709,-0.39054884908353993,1.3826674574128295,-0.20443117922176018,1.3327420198672268
2013-06-05,0.3728398012044032,0.6682814325514166,-0.23561196233887094,1.053383433251714,0.5069442852618709,-0.22314533744657025,-0.9073437547945099,-0.20443117922176018,0.4889442259550637
2013-06-06,0.5389214002510598,0.5724411850327988,0.23712368326890376,1.1444661527413529,0.46522375892484663,-0.39054884908353993,-0.04085302585119384,-0.20443117922176018,-0.4880847985748413
2013-06-07,1.0187126863858462,0.9558021751072698,-0.3284707498689695,0.05147351886568591,-0.11886360979349253,-0.8775408829365394,0.33050014369594066,0.2386193286479245,-1.4207034128988323
2013-06-08,0.907991620354742,1.0324743731221637,0.1104980639096784,0.23363895784496375,0.5069442852618709,-1.3645329167895215,-0.2884218055492835,0.6816698365176094,-1.4207034128987819
2013-06-09,0.8341775763340059,0.9558021751072698,0.3257616168203615,0.7801352747827972,0.5069442852618709,-1.5775919316002023,-0.2884218055492835,1.124720344387294,-0.6213160291925327
2013-06-10,0.8157240653288215,0.8216258285812045,0.1949151434824953,0.5979698358035194,0.7572674432840162,-1.5623734305423103,0.0829313639978532,1.5677708522569789,0.044840123895974596
2013-06-11,0.24366522416811454,0.054903848432262634,6.792109912098137,1.5998797501895474,0.8824290222950889,-1.2884404114999914,0.6399611183185583,1.5677708522569789,0.7998170973964108
2013-06-12,-0.05159095191483145,0.13157604644715723,-0.2904830640612019,0.4158043968242416,0.7572674432840162,-1.0753813966893107,-0.5978827801718967,1.5677708522569789,0.6221754565727551
2013-06-13,0.022223092105904722,0.2849204424769457,-0.2778205021252794,0.7801352747827972,0.8407084959580646,-1.1819109040946598,-0.8454515598699885,1.5677708522569789,-0.31044315775123604
2013-06-14,-0.10695148493038391,0.32325654148439265,0.9631105675951293,1.5087970306999086,0.9658700749691373,-1.379751417847431,-1.4024813141906913,1.5677708522569789,-0.5769056189866187
2013-06-15,-0.10695148493038391,0.5724411850327988,2.2800170089310727,1.8731279086584642,0.9658700749691373,-1.1971294051525518,-2.207079848209486,1.5677708522569789,0.5333546361609777
2013-06-16,0.1883046911525621,0.7066175315588635,-0.10898634297964555,1.6909624696791865,0.8407084959580646,-0.9992888913997806,-1.650050093888781,1.5677708522569789,0.5777650463668411
2013-06-17,0.5758284222614279,0.8216258285812045,-0.06255694921459626,1.5087970306999086,0.5903853379359193,-1.273221910442082,-0.7216671700209415,1.5677708522569789,-0.798957670016138
2013-06-19,1.1478872634221355,0.9941382741147168,-0.33691245782625123,-0.13069192011359193,-1.704243610600413,-1.6689029379476419,0.6399611183185561,1.124720344387294,-1.1542409516633991
2013-06-20,1.3693293954843453,1.1474826701445053,-0.33691245782625123,-0.13069192011359193,-0.8698330838599286,-1.5319364284264914,0.887529898016648,0.6816698365176094,0.4001234055432357
2013-06-21,1.2770618404584249,1.0708104721296106,-0.30314562599712447,0.23363895784496375,0.04801849555460437,-1.4710624241948707,0.8256377030921266,0.6816698365176094,0.17807135451371647
2013-06-22,0.46510735623032373,0.6874494820551398,0.3046573469271573,1.1444661527413529,0.6738263906099677,-1.4406254220790518,-0.659774975096418,0.6816698365176094,0.08925053410193905
2013-06-23,0.7419100213080854,0.629945333543969,0.17381087358929107,0.962300713762075,0.5903853379359193,-1.2580034093841899,0.4542845335449899,0.6816698365176094,0.5333546361609272
2013-06-24,0.5020143782406918,0.5341050860253512,2.0689743099990308,0.962300713762075,0.8824290222950889,-0.9840703903418712,-0.04085302585119164,0.6816698365176094,0.7998170973964108
2013-06-25,0.7234565103029009,1.1283146206407815,-0.30736647997576527,0.32472167733460267,0.7572674432840162,-0.907977885052341,-1.2168047294171231,0.6816698365176094,0.2224817647196304
2013-06-27,1.0187126863858462,1.2241548681593992,-0.2862622100825611,-0.039609200623953005,0.2566211272397255,-0.9536333882260695,-0.5359905852473754,1.124720344387294,-0.1328015169276307
2013-06-28,1.0371661973910307,1.262490967166846,-0.3284707498689695,-0.13069192011359193,0.17318007456567705,-1.0297258935155995,-0.5978827801718967,1.5677708522569789,-0.22162233733940814
2013-06-30,1.1478872634221355,1.1091465711370576,-0.33691245782625123,-0.039609200623953005,-1.495640978915292,-0.6644818681258413,0.2686079487714215,1.124720344387294,1.066279558631844
2013-07-01,0.8526310873391896,0.7257855810625867,0.9082394658727982,0.7801352747827972,0.5486648115988951,-1.0449443945734918,0.5161767284695112,1.124720344387294,-1.1098305414574852
2013-07-02,1.129433752416951,1.0133063236184399,-0.33691245782625123,-0.039609200623953005,0.13145954822865283,-0.7101373712995698,0.5161767284695112,0.6816698365176094,0.9774587382199657
2013-07-05,1.1478872634221355,1.0516424226258876,-0.33691245782625123,-0.5861055175617865,-1.0784357155450497,-0.7710113755311904,0.4542845335449877,0.2386193286479245,-0.17721192713349418
2013-07-06,0.6680959772873485,0.9941382741147168,-0.14275317480877234,0.32472167733460267,0.08973902189162859,-0.6340448660100396,-0.9692359497190334,0.2386193286479245,0.4001234055432357
2013-07-07,0.8157240653288215,0.5532731355290751,1.3809751114805728,0.6890525552931583,0.5903853379359193,-0.39054884908353993,0.9494220929411692,0.2386193286479245,0.710996276984583
2013-07-08,0.9633521533702945,0.8024577790774813,-0.3242498958903287,-0.039609200623953005,0.46522375892484663,-0.2688008406202987,0.6399611183185561,0.2386193286479245,0.35571299533732176
2013-07-10,0.7234565103029009,0.7066175315588635,0.2624488071407488,0.6890525552931583,0.4235032325878224,-0.7253558723574792,0.1448235589223745,0.6816698365176094,-1.3318825924870046
2013-07-11,1.0371661973910307,0.7832897295737575,-0.3242498958903287,0.23363895784496375,-0.7863920311858802,-0.6492633670679492,0.9494220929411692,0.6816698365176094,0.2224817647196304
2013-07-12,1.0740732194013993,1.0324743731221637,-0.33691245782625123,-0.13069192011359193,-1.7459641369374372,-1.1210368998630218,0.2686079487714215,0.6816698365176094,-1.376293002692868
2013-07-13,1.2401548184480562,1.2049868186556754,-0.33691245782625123,0.05147351886568591,-0.20230466246754097,-1.7602139442950815,0.2686079487714215,0.6816698365176094,-1.8648075149578711
2013-07-14,0.9818056643754789,0.5532731355290751,1.4105210893310587,0.32472167733460267,0.8824290222950889,-1.1362554009209314,1.5064518472618742,0.6816698365176094,1.8212565321321792
2013-07-15,0.24366522416811454,0.5149370365216281,1.5582509785834882,1.6909624696791865,0.7572674432840162,-0.6188263649521302,-0.8454515598699863,0.6816698365176094,1.510383660690832
2013-07-16,0.11449064713182526,0.6107772840402459,-0.04145267932139203,1.5087970306999086,0.6321058642729436,-0.6340448660100396,-1.5881578989642597,0.6816698365176094,-0.04398069651580282
2013-07-17,0.5758284222614279,0.47660093751418114,0.9082394658727982,1.5087970306999086,0.8407084959580646,-0.86232238187863,0.3923923386204642,0.6816698365176094,-0.6657264393984467
2013-07-18,0.6680959772873485,0.47660093751418114,-0.315808187933047,0.5979698358035194,0.5069442852618709,-1.1819109040946598,0.7018533132430774,0.6816698365176094,-0.9321889006338799
2013-07-19,0.4835608672355074,0.6491133830476928,0.6338839572611433,1.3266315917206308,0.715546916946992,-1.0145073924576902,-0.47409839032285184,1.124720344387294,0.4889442259550637
2013-07-20,0.5389214002510598,0.7832897295737575,-0.18918256857382162,1.3266315917206308,0.8407084959580646,-0.7862298765890998,-0.7216671700209415,1.5677708522569789,0.666585866778669
2013-07-21,0.5758284222614279,0.8024577790774813,-0.3200290419116878,1.053383433251714,0.6738263906099677,-0.8014483776470093,-0.6597749750964202,1.5677708522569789,-0.04398069651580282
2013-07-22,0.6680959772873485,0.8407938780849282,0.009197568422298085,1.1444661527413529,0.6738263906099677,-0.6797003691837508,-0.47409839032285184,1.5677708522569789,0.3557129953373723
2013-07-23,0.6496424662821648,0.7832897295737575,0.1822525815465728,1.3266315917206308,0.5903853379359193,-0.6188263649521302,-0.35031400047380484,1.5677708522569789,0.17807135451371647
2013-07-24,0.11449064713182526,0.5532731355290751,0.7942764084494954,1.5998797501895474,0.7572674432840162,-0.86232238187863,-1.4024813141906913,1.5677708522569789,-0.7101368496043606
2013-07-25,0.022223092105904722,0.47660093751418114,2.098520287849517,1.7820451891688254,0.8407084959580646,-1.2580034093841899,-1.464373509115215,1.5677708522569789,-1.1542409516633991
2013-07-26,0.2067582021577458,0.5341050860253512,2.423526044204862,1.3266315917206308,0.7572674432840162,-1.1819109040946598,-1.0311281446435547,1.5677708522569789,0.2224817647196304
2013-07-27,0.7972705543236378,0.5341050860253512,0.28777393101259396,1.053383433251714,0.6321058642729436,-0.93841488716816,0.9494220929411714,1.5677708522569789,0.710996276984583
2013-07-28,0.9264451313599265,0.6107772840402459,0.11893977186696013,0.8712179942724362,0.29834165357674974,-0.6340448660100396,1.1350986777147376,1.5677708522569789,0.8886379178081882
2013-07-29,0.907991620354742,0.629945333543969,-0.33691245782625123,0.7801352747827972,-0.8698330838599286,-0.6188263649521302,1.0113142878656927,1.124720344387294,0.04484012389602509
2013-07-30,1.16634077442732,0.8599619275886521,-0.33691245782625123,0.05147351886568591,-0.9949946628710012,-0.9536333882260695,1.1350986777147376,0.6816698365176094,-0.9765993108397938
2013-07-31,1.0371661973910307,1.0708104721296106,-0.315808187933047,0.32472167733460267,0.3817827062507982,-1.1971294051525518,0.02103916907332968,0.6816698365176094,-0.7101368496043101
2013-08-01,0.7234565103029009,0.629945333543969,-0.14697402878741317,0.5979698358035194,0.46522375892484663,-1.33409591467372,0.3923923386204664,0.6816698365176094,-0.39926397816306397
2013-08-02,0.2067582021577458,0.45743288801045734,2.7189858227097212,1.4177143112102697,0.715546916946992,-1.227566407268371,-0.7835593649454651,0.6816698365176094,0.3113025851314583
2013-08-03,0.8710845983443739,0.6682814325514166,0.22446112133298127,0.962300713762075,0.6738263906099677,-0.4057673501414494,0.7637455081676009,0.6816698365176094,2.398591864808909
2013-08-05,1.129433752416951,0.936634125603546,-0.33691245782625123,-0.4039400785825087,-2.079728347633631,-0.4818598554309795,0.7637455081676009,0.2386193286479245,-0.22162233733940814
2013-08-06,1.16634077442732,1.0133063236184399,-0.33691245782625123,0.05147351886568591,-1.2035972945561224,-0.5427338596626001,0.6399611183185583,0.2386193286479245,-0.17721192713349418
2013-08-07,0.907991620354742,1.0708104721296106,-0.315808187933047,0.4158043968242416,0.13145954822865283,-0.3448933459098288,-0.41220619539832837,0.6816698365176094,0.5777650463668411
2013-08-08,1.0925267304065838,0.8791299770923752,-0.2820413561039202,0.05147351886568591,-0.41090729415266214,-0.2688008406202987,0.8256377030921266,0.6816698365176094,0.2224817647196304
2013-08-09,1.055619708396215,0.9941382741147168,-0.33691245782625123,-0.13069192011359193,-1.7876846632744616,-0.5579523607205096,0.3305001436959429,0.2386193286479245,-0.843368080222052
2013-08-10,1.1847942854325044,1.1666507196482283,-0.33691245782625123,0.23363895784496375,-0.6195099258377832,-0.6340448660100396,0.20671575384690022,-0.20443117922176018,-0.22162233733940814
2013-08-11,1.16634077442732,1.0708104721296106,-0.33691245782625123,-0.039609200623953005,-0.7029509785118317,-0.573170861778419,0.4542845335449899,-0.6474816870914448,0.17807135451371647
2013-08-13,0.5758284222614279,0.629945333543969,1.7059808678359178,0.7801352747827972,0.715546916946992,-1.5775919316002023,-0.10274522077571516,-0.20443117922176018,-2.930657359899503
2013-08-14,0.151397669142194,0.591609234536522,2.170274805486411,1.3266315917206308,0.8407084959580646,-2.018928462279491,-1.4024813141906893,0.2386193286479245,-1.287472182281141
2013-08-15,0.3912933122095869,0.8407938780849282,-0.30736647997576527,0.5068871163138805,0.8407084959580646,-1.4710624241948707,-1.4024813141906913,0.2386193286479245,1.59920448110266
2013-08-16,0.3543862901992188,0.898298026596099,-0.1132071969582864,0.8712179942724362,0.8407084959580646,-1.8058694474687926,-1.7119422888133047,0.2386193286479245,-0.9765993108397434
2013-08-17,0.5204678892458762,0.8024577790774813,1.1657115585698898,0.7801352747827972,0.8824290222950889,-1.9732729591057623,-0.8454515598699863,0.6816698365176094,-0.4880847985748413
2013-08-18,0.6311889552769804,0.9174660760998221,-0.18074086061653993,0.7801352747827972,0.7572674432840162,-1.699339940063461,-0.8454515598699863,1.124720344387294,0.7998170973963604
2013-08-19,0.5573749112562443,0.8024577790774813,0.9546688596378476,1.3266315917206308,0.6321058642729436,-1.6689029379476419,-0.7216671700209415,1.5677708522569789,0.08925053410193905
2013-08-21,0.7788170433184534,1.0133063236184399,-0.3284707498689695,0.32472167733460267,0.5903853379359193,-2.1558949718006413,-0.659774975096418,1.5677708522569789,-1.4207034128988323
2013-08-22,0.7788170433184534,0.8216258285812045,0.5114791918805588,0.4158043968242416,0.7572674432840162,-2.4907019950745632,-0.04085302585119164,1.5677708522569789,-0.9765993108397434
2013-08-23,0.5020143782406918,0.8599619275886521,0.7605095766203687,0.5979698358035194,0.8407084959580646,-2.003709961221581,-1.0930203395680782,1.5677708522569789,1.4215628402790041
2013-08-24,0.5573749112562443,0.6874494820551398,1.841048195152425,0.8712179942724362,0.8407084959580646,-1.33409591467372,-0.35031400047380484,1.5677708522569789,1.9544877627498705
2013-08-25,0.6311889552769804,0.7641216800700343,-0.0287901173854695,1.2355488722309917,0.21490060090270127,-0.831885379762811,-0.350314000473807,1.5677708522569789,1.4659732504849687
2013-08-26,1.1109802414117669,0.8599619275886521,-0.33691245782625123,0.4158043968242416,-1.5373615052523162,-0.8775408829365394,0.9494220929411671,1.124720344387294,-0.1328015169276307
2013-08-27,1.129433752416951,0.936634125603546,-0.33691245782625123,0.14255623835532483,-1.7876846632744616,-0.9688518892839617,0.7637455081676009,0.6816698365176094,-0.2660327475452716
2013-08-28,1.2032477964376873,0.9941382741147168,-0.33691245782625123,-0.22177463960323085,-0.9115536101969528,-1.1210368998630218,0.8256377030921223,0.2386193286479245,-0.4436743883689274
2013-08-29,0.9633521533702945,1.0899785216333344,-0.33691245782625123,-0.039609200623953005,0.5069442852618709,-1.2884404114999914,-0.2884218055492835,-0.20443117922176018,-0.4880847985748413
2013-08-30,0.5389214002510598,0.43826483850673353,0.9082394658727982,0.8712179942724362,0.8407084959580646,-1.0145073924576902,0.3923923386204664,-0.20443117922176018,0.7998170973963604
2013-08-31,0.5020143782406918,0.47660093751418114,1.1403864346980448,1.1444661527413529,0.8407084959580646,-0.6340448660100396,0.1448235589223745,-0.20443117922176018,1.1106899688377077
2013-09-01,0.5573749112562443,0.5724411850327988,-0.29470391803984275,0.32472167733460267,0.3817827062507982,-0.3753303480256304,0.02103916907332968,-0.20443117922176018,0.7554066871904969
2013-09-02,0.6680959772873485,0.5724411850327988,1.376754257501932,0.5979698358035194,-0.2857457151415894,-0.3296748448519193,0.3923923386204642,0.2386193286479245,0.1336609443078025
2013-09-03,0.22521171316293018,0.5532731355290751,-0.12586975889420893,1.4177143112102697,0.6321058642729436,-0.573170861778419,-1.0311281446435547,0.6816698365176094,-0.7101368496043606
2013-09-04,-0.07004446292001582,0.3424245909881158,3.415426729185461,1.6909624696791865,0.8407084959580646,-0.5122968575467811,-1.3405891192661679,1.124720344387294,0.17807135451376696
2013-09-05,-0.3099401059874087,0.2849204424769457,8.0077158579467,1.8731279086584642,0.8824290222950889,-0.22314533744657025,-1.9595110685113943,1.5677708522569789,0.8442275076022743
2013-09-06,0.5020143782406918,0.38076068999556345,-0.3242498958903287,0.7801352747827972,-0.11886360979349253,0.0964431847694596,0.4542845335449877,1.5677708522569789,0.9330483280141022
2013-09-07,0.7234565103029009,0.629945333543969,-0.33691245782625123,0.23363895784496375,-1.3704793999042193,0.1573171890010802,0.3923923386204664,1.124720344387294,0.17807135451371647
2013-09-08,0.7972705543236378,0.7066175315588635,-0.33691245782625123,0.05147351886568591,-1.4121999262412435,0.20297269217479133,0.3923923386204664,0.6816698365176094,0.1336609443078025
2013-09-09,0.7972705543236378,0.8024577790774813,-0.33691245782625123,0.05147351886568591,-0.577789399500759,0.005132178422020021,0.0829313639978532,0.2386193286479245,-0.5769056189866187
2013-09-10,0.9264451313599265,0.8599619275886521,-0.33691245782625123,0.32472167733460267,0.0062979692175801445,-0.2992378427361003,0.3305001436959429,-0.20443117922176018,-0.887778490427966
2013-09-11,0.760363532313269,0.9558021751072698,-0.33691245782625123,0.5068871163138805,-0.07714308345646831,-0.22314533744657025,-0.5359905852473754,-0.6474816870914448,0.2224817647196304
2013-09-12,0.907991620354742,0.9749702246109929,-0.33691245782625123,0.32472167733460267,-0.07714308345646831,-0.16227133321494963,-0.10274522077571516,-1.0905321949611295,0.17807135451371647
2013-09-13,0.7234565103029009,0.898298026596099,-0.3284707498689695,0.4158043968242416,0.34006217991377397,-0.436204352257251,-0.47409839032285184,-1.0905321949611295,-0.798957670016138
2013-09-14,0.8710845983443739,0.7641216800700343,-0.33691245782625123,0.32472167733460267,-0.6612304521748075,-0.8775408829365394,0.4542845335449877,-1.0905321949611295,-1.287472182281141
2013-09-15,1.0371661973910307,0.7257855810625867,0.3046573469271573,0.5068871163138805,-0.8698330838599286,-0.9992888913997806,1.1350986777147376,-0.6474816870914448,-0.35485356795709955
2013-09-16,0.7419100213080854,0.7449536305663105,-0.30314562599712447,0.14255623835532483,-0.45262782048968636,-0.7710113755311904,0.0829313639978532,-0.20443117922176018,0.666585866778669
2013-09-17,0.6496424662821648,0.8791299770923752,-0.33691245782625123,-0.4950227980721476,-0.5360688731637347,-0.6949188702416602,-0.659774975096418,-0.20443117922176018,0.2224817647196304
2013-09-19,0.8526310873391896,0.8599619275886521,-0.33691245782625123,-0.039609200623953005,-0.45262782048968636,-0.7101373712995698,0.082931363997851,-0.20443117922176018,-0.04398069651580282
2013-09-20,1.055619708396215,0.9749702246109929,-0.33691245782625123,0.05147351886568591,-0.2857457151415894,-1.0145073924576902,0.3923923386204664,-0.20443117922176018,-0.887778490427966
2013-09-21,1.461596950510266,1.1858187691519522,-0.33691245782625123,-1.5880154319478146,-0.20230466246754097,-1.9276174559320511,1.0732064827902164,-0.6474816870914448,-2.66419489866412
2013-09-22,0.9264451313599265,0.591609234536522,0.9546688596378476,0.05147351886568591,0.8407084959580646,-2.977694028927563,1.196990872639261,-0.20443117922176018,-3.063888590517245
2013-09-23,0.760363532313269,0.5149370365216281,2.0647534560203895,0.962300713762075,1.0075906013061615,-2.0798024665111114,0.8875298980166457,-0.20443117922176018,2.6206439158384285
2013-09-24,0.7050029992977173,0.9749702246109929,-0.2820413561039202,0.7801352747827972,0.5903853379359193,-0.8927593839944316,-0.7835593649454629,-0.20443117922176018,3.464441709750642
2013-09-26,0.5942819332666124,0.591609234536522,-0.3326916038476104,-0.039609200623953005,-0.2440251888045652,-0.04052332475170842,0.0829313639978532,0.2386193286479245,2.4874126852206864
2013-09-27,0.5389214002510598,0.36159264049183965,-0.3326916038476104,-0.039609200623953005,-0.2857457151415894,-0.13183433109913067,0.6399611183185561,0.6816698365176094,-0.2660327475452716
2013-09-28,0.3359327791940351,0.47660093751418114,-0.22717025438158922,0.32472167733460267,0.5069442852618709,-0.573170861778419,-0.41220619539832837,1.124720344387294,-1.287472182281141
2013-09-29,0.05913011411627346,0.36159264049183965,-0.21450769244566673,0.4158043968242416,0.7989879696210405,-0.6949188702416602,-0.9692359497190312,1.5677708522569789,-0.35485356795709955
2013-09-30,-0.014683929904463364,0.32325654148439265,0.08517294003783334,1.3266315917206308,0.8407084959580646,-0.3753303480256304,-1.0930203395680782,1.5677708522569789,0.9330483280141022
2013-10-01,0.6680959772873485,0.6874494820551398,-0.33691245782625123,0.4158043968242416,-0.5360688731637347,0.0203506794799295,0.02103916907332968,1.124720344387294,1.1551003790436216
2013-10-02,0.8526310873391896,0.6491133830476928,-0.33691245782625123,-0.7682709565410644,-1.9128462422855343,0.005132178422020021,0.7637455081676009,0.6816698365176094,-0.04398069651580282
2013-10-03,0.6127354442717967,0.47660093751418114,-0.33691245782625123,-0.8593536760307032,-1.495640978915292,0.06600618265364064,0.5161767284695112,0.2386193286479245,0.17807135451371647
2013-10-04,0.4835608672355074,0.4957689870179043,-0.33691245782625123,-0.4950227980721476,-1.7459641369374372,-0.10139732898332902,0.02103916907332968,-0.20443117922176018,-0.4880847985748413
2013-10-05,0.5758284222614279,0.32325654148439265,-0.33691245782625123,-1.3147672734788978,-2.1214488739706554,-0.31445634379400983,0.8875298980166457,-0.6474816870914448,-0.6213160291925327
2013-10-06,0.8710845983443739,0.43826483850673353,-0.33691245782625123,-2.7720907853131207,-2.6220951900149463,-0.5883893628363113,1.5064518472618742,-1.0905321949611295,-0.798957670016138
2013-10-07,0.9633521533702945,0.6491133830476928,-0.33691245782625123,-2.0434290293960093,-1.4539204525782679,-0.9992888913997806,1.1350986777147376,-1.5335827028308142,-1.198651361869313
2013-10-08,0.40974682321477124,0.6682814325514166,-0.33691245782625123,-1.13260183449962,0.6738263906099677,-0.6797003691837508,-0.7835593649454651,-1.5335827028308142,0.9330483280141022
2013-10-10,0.6680959772873485,0.4957689870179043,-0.21872854642430756,0.4158043968242416,-0.7029509785118317,0.035569180537821675,0.6399611183185561,-1.0905321949611295,2.0877189933675617
2013-10-11,0.7972705543236378,0.6491133830476928,-0.33691245782625123,-0.039609200623953005,-1.1618767682190982,-0.1166158300412385,0.5780689233940347,-1.0905321949611295,-0.4436743883689274
2013-10-13,0.6680959772873485,0.6682814325514166,-0.33691245782625123,-0.9504363955203422,0.0062979692175801445,-0.23836383850447973,0.082931363997851,-1.0905321949611295,-0.35485356795709955
2013-10-15,0.5758284222614279,0.6682814325514166,-0.33691245782625123,-0.22177463960323085,-0.32746624147861364,0.1420986879431707,-0.22652961062476218,-1.0905321949611295,1.1106899688377077
2013-10-19,0.22521171316293018,0.16991214545460417,-0.33691245782625123,-0.9504363955203422,-0.41090729415266214,0.7964942334331225,0.20671575384689803,-1.0905321949611295,1.9100773525439565
2013-10-20,0.29902575718366636,0.16991214545460417,-0.33691245782625123,-0.7682709565410644,-1.495640978915292,0.5225612143908211,0.4542845335449877,-1.0905321949611295,-0.798957670016138
2013-10-21,0.11449064713182526,0.13157604644715723,-0.3326916038476104,-0.4039400785825087,-0.11886360979349253,0.40081320592757996,-0.04085302585119384,-0.6474816870914448,-0.35485356795709955
2013-10-22,0.29902575718366636,0.11240799694343341,-0.33691245782625123,-1.3147672734788978,-1.6208025579263647,0.46168721015920056,0.6399611183185561,-1.0905321949611295,0.17807135451371647
2013-10-23,0.151397669142194,-0.04093639908635509,-0.33691245782625123,-2.5899253463338425,-2.455213084666849,0.2942836985222309,0.6399611183185583,-1.0905321949611295,-0.4880847985748413
2013-10-24,0.2067582021577458,-0.15594469610869596,-0.33691245782625123,-3.318587102250954,-2.038007821296607,0.08122468371155012,1.1969908726392589,-1.0905321949611295,-0.6213160291925327
2013-10-25,0.05913011411627346,-0.09844054759752519,-0.33691245782625123,-3.500752541230232,-1.9545667686225585,0.4312502080433816,0.5161767284695112,-1.0905321949611295,1.0218691484258797
2013-10-26,-0.21767255096148816,-0.5201376366794437,-0.33691245782625123,-2.498842626844204,-2.7055362426889946,0.8725867387226527,0.9494220929411714,-1.0905321949611295,1.2883316096613129
2013-10-27,-0.3837541500081455,-0.36679324064965524,-0.33691245782625123,-0.9504363955203422,-1.6208025579263647,0.9334607429542906,-0.10274522077571516,-1.0905321949611295,0.17807135451376696
2013-10-28,-0.19921903995630444,-0.23261689412359055,-0.33691245782625123,-0.6771882370514254,-1.5790820315893404,0.9334607429542906,0.0829313639978532,-1.5335827028308142,0.00042971369011113775
2013-10-29,-0.08849797392519954,-0.002600300078907455,-0.33691245782625123,-0.4950227980721476,-0.03542255711944408,0.9182422418963812,-0.2884218055492835,-1.5335827028308142,-0.04398069651580282
2013-10-30,-0.05159095191483145,0.15074409595088037,-0.33691245782625123,-0.4039400785825087,-0.8698330838599286,0.7051832270857004,-0.659774975096418,-1.5335827028308142,-0.6213160291925327
2013-11-01,0.5020143782406918,0.09323994743971027,-0.33691245782625123,-1.13260183449962,-0.45262782048968636,0.2181911932327008,1.3826674574128273,-1.5335827028308142,-1.4207034128988323
2013-11-03,0.151397669142194,0.2657523929732219,-0.3200290419116878,-0.5861055175617865,0.8407084959580646,0.035569180537821675,-0.35031400047380484,-1.0905321949611295,-0.5324952087807553
2013-11-04,-0.4575681940288817,-0.11760859710124899,0.1780317275679319,0.8712179942724362,0.8824290222950889,0.766057231317321,-1.1549125344925995,-0.6474816870914448,2.1321294035735265
2013-11-05,-0.47602170503406604,-0.23261689412359055,-0.18496171459518077,0.962300713762075,0.9658700749691373,0.9791162461280017,-0.8454515598699863,-0.20443117922176018,0.6221754565727551
2013-11-07,-0.014683929904463364,0.16991214545460417,-0.33691245782625123,0.23363895784496375,0.08973902189162859,0.766057231317321,-0.5978827801718967,-0.20443117922176018,-0.6213160291925327
2013-11-10,-0.07004446292001582,0.30408849198066884,-0.01612755544954697,0.5979698358035194,0.8407084959580646,0.32472070063804986,-1.2168047294171231,0.2386193286479245,-1.2874721822810906
2013-11-12,-0.6790103260910909,-0.1942807951161429,1.072852771039791,1.5998797501895474,0.8407084959580646,0.0964431847694596,-1.650050093888781,0.6816698365176094,-0.6657264393984467
2013-11-13,-1.0111735241844049,-0.46263348816827293,-0.17229915265925827,1.2355488722309917,0.8407084959580646,0.24862819534851976,-1.8976188735868709,1.124720344387294,0.44453381574914974
2013-11-15,-0.3837541500081455,-0.6351459337017846,-0.33691245782625123,-0.4950227980721476,-1.3704793999042193,0.8878052397805621,0.7637455081676009,0.6816698365176094,1.8656669423380425
2013-11-16,-0.5313822380496185,-0.5584737356868906,-0.33691245782625123,-0.8593536760307032,-1.5373615052523162,0.8573682376647604,0.02103916907332968,0.2386193286479245,-0.08839110672166628
2013-11-17,-0.5498357490548023,-0.6351459337017846,-0.33691245782625123,-1.7701808709270925,-0.577789399500759,0.9182422418963812,0.20671575384689803,-0.20443117922176018,0.17807135451371647
2013-11-18,-0.5867427710651704,-0.6926500822129553,-0.33691245782625123,-2.225594468375287,-1.5373615052523162,1.2226122630545015,0.2686079487714215,-0.20443117922176018,0.8886379178081882
2013-11-19,-1.0111735241844049,-0.6543139832055084,-0.33691245782625123,-1.223684553989259,0.5486648115988951,1.2987047683440316,-1.2786969243416444,-0.6474816870914448,0.2224817647196304
2013-11-21,-0.7712778811170115,-0.865162527746467,-0.315808187933047,-1.0415191150099812,0.5486648115988951,0.9030237408384716,0.20671575384689803,-0.6474816870914448,-1.1542409516633991
2013-11-22,-0.7343708591066433,-0.5009695871757199,-0.30736647997576527,0.05147351886568591,0.5903853379359193,0.9334607429542906,-0.8454515598699863,-0.6474816870914448,0.08925053410193905
2013-11-24,-0.18076552895112008,-0.32845714164220824,0.3046573469271573,0.4158043968242416,0.34006217991377397,0.26384669640641195,0.4542845335449899,-0.20443117922176018,-1.953628335369699
2013-11-25,-0.8266384141325639,-1.0376749732799793,-0.33691245782625123,-2.134511748885648,-1.662523084263389,0.370376203811761,0.5780689233940347,-0.20443117922176018,0.3113025851314583
2013-11-26,-1.0111735241844049,-0.8459944782427439,-0.33691245782625123,-0.5861055175617865,-0.36918676781563786,0.6595277239119719,-0.659774975096418,-0.20443117922176018,0.8442275076022743
2013-11-27,-0.6605568150859071,-1.171851319806044,-0.315808187933047,0.05147351886568591,0.21490060090270127,0.842149736606851,1.5683440421863957,0.2386193286479245,0.5333546361609777
2013-11-28,-1.6570464093658488,-1.7852289039251972,-0.12164890491556811,-0.8593536760307032,0.0062979692175801445,1.6639487937337725,0.20671575384689803,0.6816698365176094,2.398591864808909
2013-11-29,-1.7677674753969537,-1.7660608544214738,-0.33691245782625123,-3.409669821740593,-2.246610452981728,1.7704783011391216,-0.2265296106247611,0.2386193286479245,0.3113025851314583
2013-11-30,-1.3986972552932715,-1.727724755414027,-0.33691245782625123,-2.134511748885648,-2.079728347633631,1.4052342757493632,0.8875298980166468,-0.20443117922176018,-1.0654201312516218
2013-12-01,-1.1218945902155097,-1.4977081613693441,-0.33691245782625123,-2.498842626844204,-2.6638157163519702,1.4052342757493632,1.0732064827902141,-0.6474816870914448,0.00042971369011113775
2013-12-02,-0.9927200131792212,-1.4402040128581737,-0.33691245782625123,-2.3166771878649257,-2.413492558329825,1.1921752609386824,1.320775262488305,-0.6474816870914448,-0.6213160291925327
2013-12-03,-0.9742665021740369,-0.9226666762576378,-0.33691245782625123,-1.0415191150099812,-1.5373615052523162,1.0095532482438208,-0.2884218055492835,-0.6474816870914448,-0.5324952087807048
2013-12-04,-0.7343708591066433,-1.133515220798597,-0.33691245782625123,-2.3166771878649257,-2.580374663677922,0.8573682376647604,1.196990872639261,-1.0905321949611295,-0.4436743883689274
2013-12-05,-0.9927200131792212,-1.210187418813491,-0.33691245782625123,-2.498842626844204,-2.6220951900149463,0.8117127344910321,0.5780689233940325,-1.5335827028308142,-0.1328015169276307
2013-12-06,-0.9927200131792212,-1.2293554683172148,-0.33691245782625123,-2.7720907853131207,-2.8306978217000673,0.6595277239119719,0.6399611183185561,-1.5335827028308142,-0.4436743883689274
2013-12-07,-0.8635454361429319,-1.0568430227837025,-0.33691245782625123,-1.13260183449962,-2.6220951900149463,0.7356202292015019,0.5161767284695112,-1.5335827028308142,0.2224817647196304
2013-12-09,-0.34684712799777745,-0.4434654386645491,-0.33691245782625123,-1.4969327124581757,-0.03542255711944408,0.1573171890010802,0.26860794877141936,-1.5335827028308142,-1.687165874134215
2013-12-10,-0.9373594801636688,-0.7118181317166792,-0.33691245782625123,-1.0415191150099812,0.5069442852618709,0.2942836985222309,-0.8454515598699863,-1.5335827028308142,0.4001234055432357
2013-12-11,-1.1403481012206935,-0.82682642873902,-0.33691245782625123,-1.0415191150099812,0.715546916946992,0.6747462249698813,-1.1549125344925995,-1.5335827028308142,1.1106899688377077
2013-12-14,-1.158801612225878,-0.9418347257613615,0.2117985593970587,0.5979698358035194,1.0075906013061615,0.9486792440121827,-0.8454515598699863,-1.0905321949611295,0.7998170973963604
2013-12-15,-1.6939534313762168,-1.0760110722874263,0.6212213953252207,1.8731279086584642,1.1744727066542584,0.6290907217961702,-2.2070798482094838,-0.6474816870914448,-0.9321889006338294
2013-12-16,-1.7677674753969537,-1.9002372009475388,0.7098593288766786,1.6909624696791865,0.9658700749691373,0.370376203811761,0.20671575384689803,-0.20443117922176018,-0.7545472598102746
2013-12-17,-2.524361426609502,-2.053581596977327,0.8364849482359039,1.5087970306999086,1.0075906013061615,0.5834352186224417,-1.8357266786623494,0.2386193286479245,0.6221754565727551
2013-12-18,-2.4690008935939494,-2.4752786860592453,-0.33691245782625123,-0.5861055175617865,-0.9949946628710012,1.1008642545912428,-0.28842180554928243,0.2386193286479245,1.510383660690832
2013-12-19,-2.173744717511004,-2.4177745375480746,-0.33691245782625123,-1.13260183449962,-1.1618767682190982,1.4356712778651823,0.5161767284695112,0.2386193286479245,0.9774587382200162
2013-12-20,-1.9153955634384265,-2.0727496464810504,-0.33691245782625123,-1.223684553989259,-0.03542255711944408,1.5726377873863329,0.26860794877141936,0.2386193286479245,0.4001234055432357
2013-12-21,-1.9892096074591628,-1.727724755414027,-0.33691245782625123,-1.4058499929685369,0.2566211272397255,1.7552598000811948,-1.093020339568077,-0.20443117922176018,0.5333546361609272
2013-12-22,-1.9892096074591628,-2.0727496464810504,-0.33691245782625123,-1.4058499929685369,-1.7459641369374372,1.7856968021970137,0.02103916907332968,-0.6474816870914448,0.08925053410193905
2013-12-23,-1.638592898360665,-2.0727496464810504,-0.33691245782625123,-1.7701808709270925,-2.288330979318752,1.5117637831547124,1.1969908726392589,-1.0905321949611295,-0.798957670016138
2013-12-24,-1.638592898360665,-1.9002372009475388,-0.33691245782625123,-1.5880154319478146,-1.7876846632744616,1.603074789502152,0.6399611183185561,-1.5335827028308142,0.26689217492554435
2013-12-25,-1.6939534313762168,-1.670220606902856,-0.33691245782625123,-1.8612635904167314,-0.9115536101969528,1.359578772575652,-0.28842180554928243,-1.5335827028308142,-0.7101368496043606
2013-12-26,-1.7493139643917692,-1.842733052436368,-0.33691245782625123,-2.9542562242923984,-2.788977295363043,1.2987047683440316,0.0829313639978532,-1.5335827028308142,-0.17721192713349418
2013-12-27,-2.081477162485083,-2.0727496464810504,-0.33691245782625123,-3.136421663271676,-2.8306978217000673,1.6639487937337725,-0.2884218055492835,-1.5335827028308142,1.0662795586317937
2013-12-28,-2.2475587615317405,-2.34110233953318,-0.33691245782625123,-2.7720907853131207,-2.8306978217000673,1.5726377873863329,0.02103916907332968,-1.5335827028308142,-0.26603274754532213
2013-12-29,-2.1183841844954516,-2.4561106365555214,-0.33691245782625123,-2.407759907354565,-2.8306978217000673,1.5878562884442424,0.8256377030921244,-1.5335827028308142,0.04484012389602509
2013-12-30,-1.9338490744436103,-2.187757943503392,-0.33691245782625123,-2.498842626844204,-2.6638157163519702,1.5117637831547124,0.5780689233940347,-1.5335827028308142,-0.22162233733940814
2013-12-31,-1.6016858763502964,-1.842733052436368,-0.33691245782625123,-2.5899253463338425,-2.8306978217000673,1.2987047683440316,0.5780689233940347,-1.5335827028308142,-0.6213160291925327
2014-01-01,-1.454057788308824,-1.7468928049177503,-0.33691245782625123,-2.134511748885648,-2.8306978217000673,1.0247717493017128,0.7637455081676009,-1.5335827028308142,-0.7989576700161886
2014-01-02,-1.380243744288087,-1.4785401118656205,-0.33691245782625123,-0.4039400785825087,-0.7863920311858802,0.6443092228540624,0.1448235589223756,-1.5335827028308142,-1.1098305414574852
2014-01-03,-0.7897313921221958,-0.9418347257613615,-0.33691245782625123,-1.13260183449962,-1.662523084263389,0.47690571121711006,0.3923923386204664,-1.5335827028308142,-0.48808479857479087
2014-01-04,-0.9189059691584844,-1.0185069237762554,-0.33691245782625123,-2.407759907354565,-2.8306978217000673,0.7964942334331225,0.20671575384689803,-1.5335827028308142,0.9330483280140518
2014-01-05,-1.490964810319192,-1.459372062361897,-0.33691245782625123,-1.5880154319478146,-2.7472567690260186,0.9486792440121827,-0.2884218055492835,-1.5335827028308142,0.44453381574914974
2014-01-06,-1.5278718323295601,-1.4018679138507264,-0.33691245782625123,-0.4950227980721476,-1.7459641369374372,0.8269312355489415,-0.5978827801718967,-1.5335827028308142,-0.35485356795709955
2014-01-09,-1.8784885414280579,-1.4977081613693441,-0.33691245782625123,-0.8593536760307032,0.6321058642729436,1.5726377873863329,-1.4643735091152128,-1.5335827028308142,2.1765398137793897
2014-01-11,-1.4725112993140077,-1.5360442603767914,-0.33691245782625123,0.05147351886568591,-1.495640978915292,1.6943857958495914,0.02103916907333078,-1.5335827028308142,0.3557129953373723
2014-01-12,-0.9742665021740369,-1.344363765339556,-0.33691245782625123,-0.4039400785825087,-1.6208025579263647,1.6335117916179536,1.0732064827902152,-1.5335827028308142,-0.17721192713354467
2014-01-13,-1.9523025854487948,-1.9769093989624327,-0.33691245782625123,-0.9504363955203422,-0.7446715048488559,1.679167294791682,-0.16463741570023868,-1.5335827028308142,0.133660944307853
2014-01-14,-1.8415815194176899,-2.2069259930071157,-0.33691245782625123,-1.13260183449962,-1.2035972945561224,1.679167294791682,0.9494220929411703,-1.5335827028308142,0.00042971369011113775
2014-01-15,-1.9707560964539785,-2.0919176959847743,-0.33691245782625123,-1.4058499929685369,-1.704243610600413,1.983537315949785,0.14482355892237672,-1.5335827028308142,0.8886379178081378
2014-01-16,-1.860035030422874,-1.9769093989624327,-0.33691245782625123,-0.8593536760307032,-1.662523084263389,1.7856968021970137,0.1448235589223745,-1.5335827028308142,-0.5769056189866187
2014-01-17,-1.454057788308824,-1.804396953428921,-0.33691245782625123,-0.22177463960323085,-2.2048899266447037,1.6335117916179536,0.9494220929411692,-1.5335827028308142,-0.4436743883689274
2014-01-18,-1.3064297002673508,-1.6510525573991326,-0.33691245782625123,-2.6810080658234816,-2.8306978217000673,2.059629821239315,0.9494220929411692,-1.5335827028308142,1.243921199455399
2014-01-19,-1.860035030422874,-1.7085567059103033,-0.33691245782625123,-0.7682709565410644,-1.9128462422855343,2.044411320181423,-0.7216671700209415,-1.5335827028308142,-0.04398069651575233
2014-01-20,-1.158801612225878,-1.670220606902856,-0.33691245782625123,-2.407759907354565,-2.413492558329825,1.6943857958495914,1.506451847261873,-1.5335827028308142,-1.0210097210456572
2014-01-21,-1.6939534313762168,-1.7660608544214738,-0.33691245782625123,-4.047248858168065,-2.8306978217000673,1.8161338043128328,0.02103916907333078,-1.5335827028308142,0.35571299533732176
2014-01-22,-1.8046744974073217,-2.264430141518286,-0.33691245782625123,-3.136421663271676,-2.8306978217000673,1.9226633117181817,1.2588830675637823,-1.5335827028308142,0.3113025851314583
2014-01-23,-2.0261166294695307,-2.01524549796988,-0.33691245782625123,-0.6771882370514254,-2.3300515056557765,1.6182932905600613,-0.28842180554928243,-1.5335827028308142,-0.887778490427966
2014-01-24,-1.5278718323295601,-1.7660608544214738,-0.33691245782625123,0.05147351886568591,-0.9115536101969528,0.9486792440121827,0.5780689233940336,-1.5335827028308142,-1.953628335369699
2014-01-25,-0.9927200131792212,-1.0760110722874263,-0.33691245782625123,0.05147351886568591,0.6321058642729436,0.7812757323752304,0.1448235589223745,-1.5335827028308142,-0.48808479857479087
2014-01-26,-0.439114683023698,-1.1143471712948732,-0.33691245782625123,-0.13069192011359193,0.2566211272397255,1.0399902503596223,2.1253737965070987,-1.5335827028308142,0.7554066871904465
2014-01-27,-1.454057788308824,-1.3635318148432793,-0.33691245782625123,-0.31285735909286977,-1.5790820315893404,1.3291417704598332,-0.47409839032285184,-1.5335827028308142,0.8442275076022743
2014-01-28,-1.195708634236246,-1.4018679138507264,-0.33691245782625123,-0.22177463960323085,-1.9545667686225585,1.1921752609386824,0.5161767284695112,-1.5335827028308142,-0.39926397816301346
2014-01-29,-1.0296270351895893,-1.2485235178209382,-0.33691245782625123,-0.4950227980721476,-2.7472567690260186,1.1160827556491524,0.5780689233940336,-1.5335827028308142,-0.22162233733940814
2014-01-30,-0.7159173481014596,-1.1910193693097675,-0.33691245782625123,-0.22177463960323085,-2.6220951900149463,1.0247717493017128,1.4445596523373496,-1.5335827028308142,-0.26603274754532213
2014-01-31,-0.7343708591066433,-1.09517912179115,-0.33691245782625123,-0.039609200623953005,-2.16316940030768,0.8878052397805621,1.0732064827902164,-1.5335827028308142,-0.39926397816301346
2014-02-01,-0.8450919251377482,-0.7309861812204023,-0.33691245782625123,0.5068871163138805,-1.4121999262412435,0.4312502080433816,-0.47409839032285184,-1.5335827028308142,-1.3318825924870046
2014-02-02,-0.5498357490548023,-0.8843305772501908,-0.33691245782625123,-0.13069192011359193,-2.16316940030768,-0.14705283215704015,1.0113142878656927,-1.5335827028308142,-1.687165874134215
2014-02-03,-0.4022076610133292,-0.9034986267539146,-0.33691245782625123,-0.5861055175617865,-2.7055362426889946,-0.39054884908353993,1.568344042186398,-1.5335827028308142,-0.7101368496043606
2014-02-08,-1.6201393873554806,-1.171851319806044,-0.3242498958903287,1.1444661527413529,0.8407084959580646,-0.1774898342728591,-1.650050093888781,-1.0905321949611295,0.6221754565727551
2014-02-09,-1.860035030422874,-2.2452620920145625,0.21601941337569952,1.5998797501895474,1.0493111276431857,-0.04052332475170842,1.0113142878656916,-0.6474816870914448,0.4001234055432357
2014-02-10,-3.004152712744289,-2.647791131592757,-0.3242498958903287,-0.039609200623953005,0.8407084959580646,0.9943347471859112,-1.5262657040397363,-0.20443117922176018,3.0203376076916033
2014-02-12,-3.004152712744289,-2.8394716266299924,-0.3200290419116878,0.6890525552931583,1.1744727066542584,0.9486792440121827,-0.9073437547945093,0.2386193286479245,-0.1328015169276307
2014-02-13,-3.1333272897805773,-2.7052952801039276,0.5663502936028897,1.2355488722309917,1.1744727066542584,1.3291417704598332,-1.773834483737826,0.6816698365176094,1.1106899688377077
2014-02-14,-2.2475587615317405,-2.666959181096481,-0.33691245782625123,-0.9504363955203422,-0.16058413613051675,1.4508897789230917,1.0732064827902152,0.6816698365176094,0.3557129953373723
2014-02-17,-1.0849875682051418,-1.3060276663321086,-0.33691245782625123,1.5998797501895474,0.9241495486321131,0.842149736606851,0.5780689233940325,0.6816698365176094,-1.775986694546043
2014-02-19,-2.6535360036457907,-2.724463329607651,-0.1765200066378991,-0.22177463960323085,0.6738263906099677,1.359578772575652,-0.10274522077571516,0.6816698365176094,1.510383660690832
2014-02-20,-1.7493139643917692,-2.666959181096481,-0.33691245782625123,-1.4058499929685369,-2.6220951900149463,1.861789307486544,2.744295745752327,0.2386193286479245,1.4659732504849181
2014-02-21,-2.1368376955006356,-1.881069151443815,-0.33691245782625123,-0.22177463960323085,0.2566211272397255,1.8161338043128328,-1.0930203395680782,-0.20443117922176018,-0.13280151692758022
2014-02-22,-1.7862209864021374,-1.8235650029326445,-0.3284707498689695,-0.039609200623953005,0.715546916946992,1.5878562884442424,-0.10274522077571406,-0.20443117922176018,-0.6657264393984467
2014-02-23,-1.3986972552932715,-1.4785401118656205,-0.33691245782625123,0.05147351886568591,-0.6612304521748075,1.5422007852705313,0.0829313639978521,-0.6474816870914448,-0.13280151692758022
2014-02-25,-1.0849875682051418,-0.9226666762576378,-0.33691245782625123,0.6890525552931583,0.6321058642729436,0.9182422418963812,-0.6597749750964202,-0.6474816870914448,-1.8203971047519572
2014-03-01,-0.8635454361429319,-0.7118181317166792,-0.33691245782625123,1.053383433251714,0.7572674432840162,0.30950219958014036,-0.5978827801718944,-0.6474816870914448,-1.775986694546043
2014-03-02,-0.9373594801636688,-1.171851319806044,-0.31158733395440613,1.2355488722309917,0.9241495486321131,0.30950219958014036,0.6399611183185561,-0.6474816870914448,0.00042971369011113775
2014-03-04,-1.5832323653451126,-1.2868596168283852,-0.3326916038476104,1.2355488722309917,1.09103165398021,0.7508387302594114,-1.1549125344926006,-0.20443117922176018,1.2883316096613129
2014-03-05,-1.6939534313762168,-1.1910193693097675,-0.3326916038476104,0.7801352747827972,0.8824290222950889,0.9334607429542906,-1.8357266786623483,0.2386193286479245,0.5333546361609777
2014-03-07,-2.1552912065058196,-1.5360442603767914,-0.3326916038476104,0.962300713762075,0.8824290222950889,1.176956759880773,-2.2689720431340072,0.2386193286479245,0.7109962769845325
2014-03-08,-1.9523025854487948,-1.516876210873068,-0.2989247720184836,1.5087970306999086,1.09103165398021,0.9486792440121827,-1.650050093888781,0.6816698365176094,-0.6657264393984467
2014-03-11,-2.0076631184643468,-1.5360442603767914,-0.3242498958903287,0.7801352747827972,0.8407084959580646,1.1617382588228808,-1.773834483737826,1.124720344387294,0.6221754565728055
2014-03-12,-1.343336722277719,-1.2868596168283852,-0.3326916038476104,1.6909624696791865,1.0493111276431857,0.32472070063804986,-0.3503140004738059,1.5677708522569789,-2.442142847634601
2014-03-13,-0.8450919251377482,-0.5968098346943376,-0.3242498958903287,-0.039609200623953005,0.715546916946992,0.5529982165066402,-0.9073437547945099,1.5677708522569789,0.666585866778669
2014-03-14,-1.2695226782569828,-1.4210359633544503,-0.3200290419116878,-0.4039400785825087,0.6738263906099677,1.4661082799810012,0.3305001436959429,1.5677708522569789,2.6650543260443422
2014-03-16,-1.2695226782569828,-1.1143471712948732,-0.33691245782625123,-0.6771882370514254,0.5903853379359193,1.283486267286122,-0.6597749750964202,1.124720344387294,-0.5324952087807553
2014-03-18,-0.32839361699259306,-0.424297389160826,-0.33691245782625123,1.053383433251714,0.715546916946992,0.5225612143908211,0.2686079487714215,0.6816698365176094,-2.220090796605082
2014-03-19,0.0037695811007210068,-0.32845714164220824,-0.33691245782625123,0.7801352747827972,-0.8281125575229044,0.1573171890010802,1.0732064827902164,0.2386193286479245,-1.0654201312515712
2014-03-20,-0.291486594982225,-0.6543139832055084,-0.33691245782625123,0.32472167733460267,-1.5373615052523162,0.24862819534851976,1.1350986777147376,-0.20443117922176018,0.26689217492554435
2014-03-22,-1.1034410792103255,-1.3251957158358325,-0.33691245782625123,-0.9504363955203422,-0.6195099258377832,1.283486267286122,0.5780689233940347,-0.6474816870914448,3.020337607691553
2014-03-23,-0.8819989471481163,-1.1910193693097675,-0.33691245782625123,-0.6771882370514254,-1.0784357155450497,1.4356712778651823,0.8875298980166468,-1.0905321949611295,0.44453381574914974
2014-03-24,-0.6790103260910909,-1.0568430227837025,-0.33691245782625123,-0.4950227980721476,-0.9532741365339771,1.0399902503596223,1.1350986777147376,-1.5335827028308142,-1.1542409516633991
2014-03-25,-0.05159095191483145,-0.6159778841980614,-0.33691245782625123,-0.4039400785825087,-1.287038347230171,0.4464687091012911,1.8159128218844875,-1.5335827028308142,-1.731576284340129
2014-03-27,0.151397669142194,-0.29012104263476063,-0.33691245782625123,0.4158043968242416,-0.6195099258377832,0.0203506794799295,1.4445596523373507,-1.5335827028308142,-1.2430617720751767
2014-03-29,-0.6051962820703547,-0.2709529931310375,0.46504979811550945,1.5087970306999086,0.7989879696210405,-0.1774898342728591,-1.1549125344925995,-1.0905321949611295,-0.5769056189866693
2014-03-30,-0.143858506940752,-0.5776417851906138,4.01478799415246,1.2355488722309917,0.9241495486321131,-0.3296748448519193,1.3826674574128273,-0.6474816870914448,-0.4436743883689274
2014-03-31,-1.0296270351895893,-0.6159778841980614,3.149512928531087,1.8731279086584642,1.0493111276431857,-0.436204352257251,-1.4643735091152128,-0.20443117922176018,-0.3104431577511856
2014-04-01,-1.0849875682051418,-0.5009695871757199,0.0007558604650164249,1.8731279086584642,0.8824290222950889,-0.2535823395623892,-2.021403263435918,0.2386193286479245,0.5333546361609272
2014-04-02,-1.195708634236246,-0.6734820327092316,0.692975912962115,1.7820451891688254,0.8407084959580646,-0.10139732898332902,-1.8357266786623494,0.6816698365176094,0.44453381574914974
2014-04-03,-1.1218945902155097,-0.6926500822129553,1.4485087751388261,1.7820451891688254,0.8824290222950889,0.1420986879431707,-1.5262657040397363,1.124720344387294,0.710996276984583
2014-04-04,-0.7159173481014596,-0.5584737356868906,-0.33691245782625123,0.4158043968242416,-0.32746624147861364,0.5986537196803513,-0.5978827801718967,1.124720344387294,1.3327420198672268
2014-04-05,-0.3837541500081455,-0.7501542307241261,-0.33691245782625123,-0.4039400785825087,-1.4121999262412435,0.5986537196803513,1.1350986777147376,0.6816698365176094,0.00042971369011113775
2014-04-06,-1.0665340571999573,-0.8843305772501908,0.055626962187347445,1.053383433251714,0.9241495486321131,0.6747462249698813,-0.7216671700209415,0.6816698365176094,0.2224817647196304
2014-04-08,-1.0296270351895893,-0.6351459337017846,0.8238223862999813,1.5998797501895474,0.5069442852618709,0.30950219958014036,-1.4024813141906913,0.6816698365176094,-1.0654201312515712
2014-04-12,0.1883046911525621,-0.06010444859007823,-0.33691245782625123,0.4158043968242416,-0.7863920311858802,-0.04052332475170842,0.8256377030921244,0.2386193286479245,-1.0210097210457079
2014-04-13,0.3543862901992188,-0.002600300078907455,-0.33691245782625123,0.5979698358035194,-1.8294051896114858,-0.07096032686751007,1.1969908726392589,-0.20443117922176018,-0.08839110672166628
2014-04-14,-0.4206611720185136,-0.07927249809380205,-0.3200290419116878,0.5979698358035194,-0.45262782048968636,0.32472070063804986,-1.1549125344925995,-0.20443117922176018,1.1551003790436216
2014-04-15,-0.439114683023698,-0.30928909213848443,-0.33691245782625123,0.05147351886568591,0.29834165357674974,0.5073427133329117,-0.47409839032285184,-0.20443117922176018,0.5333546361609272
2014-04-16,-0.5867427710651704,-0.2134488446198667,-0.33691245782625123,0.5979698358035194,0.8407084959580646,0.11166168582735177,-1.2786969243416444,-0.20443117922176018,-1.1542409516633991
2014-04-17,0.13294415813700963,-0.002600300078907455,-0.33691245782625123,0.7801352747827972,-0.5360688731637347,-0.08617882792541955,0.4542845335449877,-0.6474816870914448,-0.5769056189866187
2014-04-18,0.3359327791940351,0.054903848432262634,-0.33691245782625123,0.5979698358035194,-1.495640978915292,-0.05574182580960059,0.9494220929411714,-1.0905321949611295,0.08925053410193905
2014-04-19,0.1883046911525621,0.189080194958328,-0.33691245782625123,0.6890525552931583,-0.9115536101969528,-0.13183433109913067,0.02103916907332968,-1.0905321949611295,-0.22162233733940814
2014-04-20,0.24366522416811454,0.2657523929732219,-0.33691245782625123,0.4158043968242416,0.17318007456567705,-0.22314533744657025,-0.04085302585119164,-1.0905321949611295,-0.26603274754532213
2014-04-21,-0.34684712799777745,0.15074409595088037,-0.31158733395440613,1.2355488722309917,0.7572674432840162,0.005132178422020021,-1.650050093888781,-1.0905321949611295,0.666585866778669
2014-04-23,-0.34684712799777745,-0.13677664660497282,0.22446112133298127,1.6909624696791865,1.0493111276431857,-0.04052332475170842,-0.7216671700209415,-0.6474816870914448,-0.1328015169276307
2014-04-24,-0.8266384141325639,-0.15594469610869596,-0.2735996481466385,1.5998797501895474,0.9241495486321131,-0.13183433109913067,-2.2689720431340072,-0.20443117922176018,-0.2660327475452716
2014-04-25,-0.5682892600599866,-0.09844054759752519,-0.26515794018935684,1.5998797501895474,1.0075906013061615,-0.05574182580960059,-1.5881578989642597,0.2386193286479245,0.2224817647196304
2014-04-26,-0.34684712799777745,-0.021768349582631272,-0.2229494004029484,1.1444661527413529,0.6738263906099677,0.05078768159573115,-1.0930203395680782,0.6816698365176094,0.3113025851314078
2014-04-27,0.40974682321477124,-0.002600300078907455,-0.33691245782625123,-0.4039400785825087,-0.20230466246754097,0.11166168582735177,1.3826674574128273,0.6816698365176094,0.17807135451371647
2014-04-28,0.3359327791940351,0.2849204424769457,-0.33691245782625123,-0.8593536760307032,0.04801849555460437,0.1420986879431707,0.20671575384689803,0.6816698365176094,0.08925053410193905
2014-04-29,-0.19921903995630444,0.15074409595088037,-0.33691245782625123,0.32472167733460267,0.46522375892484663,0.08122468371155012,-1.1549125344925995,0.2386193286479245,-0.17721192713349418
2014-04-30,-0.32839361699259306,0.0357357989285395,-0.30736647997576527,0.6890525552931583,0.715546916946992,-0.13183433109913067,-1.2168047294171231,0.2386193286479245,-0.6213160291925327
2014-05-01,-0.2730330839770406,-0.2134488446198667,-0.21872854642430756,0.8712179942724362,0.8407084959580646,0.005132178422020021,-0.22652961062475999,0.2386193286479245,0.4001234055432357
2014-05-03,0.0037695811007210068,0.189080194958328,-0.3284707498689695,-0.13069192011359193,0.5486648115988951,0.2942836985222309,-0.5978827801718967,0.2386193286479245,0.8442275076022743
2014-05-04,-0.5498357490548023,-0.11760859710124899,-0.0287901173854695,1.5998797501895474,0.8407084959580646,-0.08617882792541955,-1.4643735091152128,0.2386193286479245,-1.1098305414574852
2014-05-05,-0.5498357490548023,-0.36679324064965524,0.7858347004922138,1.2355488722309917,0.6738263906099677,0.26384669640641195,-0.659774975096418,0.6816698365176094,1.0218691484258797
2014-05-06,-1.1772551232310624,-0.6351459337017846,-0.29470391803984275,1.053383433251714,0.8407084959580646,0.5834352186224417,-1.8976188735868729,1.124720344387294,0.9330483280141022
2014-05-07,-1.0296270351895893,-0.4434654386645491,-0.20184513050974415,1.5087970306999086,1.09103165398021,0.1573171890010802,-2.021403263435918,1.5677708522569789,-1.2430617720751767
2014-05-08,-0.6605568150859071,-0.17511274561241977,4.1498553214689675,1.7820451891688254,1.257913759328307,-0.2840193416781909,-1.650050093888781,1.5677708522569789,-1.2874721822810906
2014-05-09,-0.8450919251377482,-0.23261689412359055,3.423868437142742,1.964210628148103,1.257913759328307,-0.5275153586046906,-2.083295458360439,1.5677708522569789,-0.7101368496043606
2014-05-10,-0.21767255096148816,-0.11760859710124899,0.19069428950385447,1.5998797501895474,0.7989879696210405,-0.6644818681258413,-0.35031400047380484,1.5677708522569789,-0.39926397816301346
2014-05-11,-0.03313744090964708,0.0357357989285395,6.606392337037939,1.5998797501895474,1.0075906013061615,-0.7405743734153714,-0.22652961062475999,1.5677708522569789,-0.22162233733940814
2014-05-12,0.4835608672355074,0.2465843434694981,1.3894168194378544,1.3266315917206308,0.7989879696210405,-0.6188263649521302,0.8256377030921244,1.5677708522569789,0.35571299533732176
2014-05-13,0.4282003342199556,0.5149370365216281,2.090078579892235,1.053383433251714,0.6738263906099677,-0.8471038808207204,-0.22652961062475999,1.5677708522569789,-0.6657264393984467
2014-05-14,0.760363532313269,1.0324743731221637,-0.2524953782534343,0.4158043968242416,0.46522375892484663,-1.1210368998630218,-0.7835593649454651,1.5677708522569789,-0.798957670016138
2014-05-15,0.7419100213080854,0.9941382741147168,-0.21872854642430756,0.5068871163138805,0.46522375892484663,-1.1362554009209314,-0.7216671700209415,1.5677708522569789,-0.04398069651580282
2014-05-16,0.6680959772873485,0.9174660760998221,0.4566080901582278,1.1444661527413529,0.5903853379359193,-0.7557928744732809,-0.7216671700209415,1.5677708522569789,1.1106899688377077
2014-05-17,0.6311889552769804,0.8407938780849282,0.11471891788831923,0.962300713762075,0.7572674432840162,-0.573170861778419,-0.5978827801718967,1.5677708522569789,0.5333546361609272
2014-05-18,0.6680959772873485,1.0324743731221637,-0.2862622100825611,0.4158043968242416,0.6738263906099677,-0.5579523607205096,-1.0930203395680782,1.5677708522569789,0.04484012389602509
2014-05-19,0.9633521533702945,0.7066175315588635,-0.30736647997576527,0.32472167733460267,0.5903853379359193,-0.5579523607205096,0.9494220929411692,1.5677708522569789,0.00042971369011113775
2014-05-20,0.5573749112562443,0.189080194958328,1.9085818588106787,0.962300713762075,0.8824290222950889,-0.7253558723574792,1.2588830675637823,1.5677708522569789,-0.4880847985748413
2014-05-21,0.7050029992977173,0.3424245909881158,1.651109766113587,0.962300713762075,0.7572674432840162,-0.86232238187863,1.2588830675637845,1.5677708522569789,-0.39926397816301346
2014-05-23,0.3912933122095869,0.629945333543969,1.0601902091038686,1.1444661527413529,0.7989879696210405,-0.6036078638942207,-0.7216671700209415,1.5677708522569789,0.7554066871904969
2014-05-24,0.8710845983443739,0.7257855810625867,-0.33691245782625123,0.8712179942724362,0.3817827062507982,-0.1774898342728591,0.5780689233940347,1.124720344387294,1.243921199455399
2014-05-25,1.0740732194013993,0.8791299770923752,-0.18496171459518077,0.05147351886568591,0.13145954822865283,-0.16227133321494963,0.7637455081676031,1.124720344387294,0.04484012389602509
2014-05-27,1.0925267304065838,1.0899785216333344,-0.33691245782625123,0.05147351886568591,-0.07714308345646831,-0.7101373712995698,0.14482355892237672,0.6816698365176094,-1.5983450537224377
2014-05-28,0.9818056643754789,1.0516424226258876,-0.33691245782625123,-0.039609200623953005,-0.45262782048968636,-0.7862298765890998,-0.10274522077571516,0.2386193286479245,-0.22162233733940814
2014-05-30,0.9633521533702945,1.1091465711370576,-0.2440536702961526,-0.13069192011359193,-0.03542255711944408,-0.7862298765890998,-0.35031400047380484,0.2386193286479245,0.00042971369011113775
2014-06-01,1.1847942854325044,1.1474826701445053,-0.18074086061653993,-0.039609200623953005,-0.32746624147861364,-0.7710113755311904,0.2686079487714215,0.2386193286479245,0.04484012389602509
2014-06-02,1.0925267304065838,1.2049868186556754,-0.33691245782625123,-0.31285735909286977,-0.03542255711944408,-1.0753813966893107,-0.2265296106247578,-0.20443117922176018,-0.887778490427966
2014-06-04,1.055619708396215,1.1858187691519522,-0.33691245782625123,-0.22177463960323085,-0.4943483468267106,-1.2580034093841899,-0.2884218055492835,-0.20443117922176018,-0.5324952087807553
2014-06-05,0.9633521533702945,1.2049868186556754,-0.3284707498689695,0.14255623835532483,0.5069442852618709,-1.3645329167895215,-0.659774975096418,-0.20443117922176018,-0.3104431577511856
2014-06-06,0.6127354442717967,0.8599619275886521,0.3890744264999742,0.32472167733460267,0.8407084959580646,-1.4406254220790518,-0.7216671700209415,0.2386193286479245,-0.22162233733940814
2014-06-07,0.5942819332666124,0.591609234536522,-0.01612755544954697,0.5979698358035194,0.7989879696210405,-1.5623734305423103,0.0829313639978532,0.6816698365176094,-0.35485356795715
2014-06-08,0.8710845983443739,0.7832897295737575,2.0942994338708756,0.4158043968242416,0.29834165357674974,-1.7297769421792626,0.3923923386204664,0.6816698365176094,-0.48808479857479087
2014-06-12,1.0187126863858462,0.9174660760998221,-0.33691245782625123,-0.8593536760307032,-0.36918676781563786,-1.5928104326581118,0.4542845335449877,0.2386193286479245,0.4001234055432357
2014-06-13,0.9448986423651101,0.8024577790774813,-0.33691245782625123,-1.7701808709270925,-0.9115536101969528,-1.5167179273685818,0.5780689233940325,0.2386193286479245,0.2224817647196304
2014-06-15,0.7419100213080854,0.6107772840402459,0.0809520860591925,0.23363895784496375,0.7989879696210405,-1.6232474347739307,0.5161767284695112,0.6816698365176094,-0.31044315775123604
2014-06-16,0.9448986423651101,0.8599619275886521,-0.1765200066378991,0.32472167733460267,0.8407084959580646,-1.5319364284264914,0.3923923386204642,0.6816698365176094,0.26689217492554435
2014-06-17,0.9448986423651101,1.3583312146854638,-0.2904830640612019,0.14255623835532483,0.7989879696210405,-1.1971294051525518,-1.2168047294171231,0.6816698365176094,0.9774587382200162
2014-06-18,1.055619708396215,1.0708104721296106,-0.08366121910780049,0.14255623835532483,0.5069442852618709,-1.2123479062104614,0.0829313639978532,0.6816698365176094,-0.04398069651580282
2014-06-19,1.0740732194013993,1.0324743731221637,0.10627720993103756,0.5068871163138805,0.6321058642729436,-1.3949699189053406,0.2686079487714215,0.6816698365176094,-0.5324952087807553
2014-06-20,0.6865494882925329,0.7832897295737575,0.8955769039368757,0.6890525552931583,0.7989879696210405,-1.5014994263106722,-0.22652961062475999,1.124720344387294,-0.3104431577511856
2014-06-21,0.6311889552769804,0.6107772840402459,1.6722140360067912,0.962300713762075,0.7989879696210405,-1.4254069210211422,0.1448235589223745,1.5677708522569789,0.2224817647196304
2014-06-22,0.24366522416811454,0.591609234536522,4.51284876363208,1.5087970306999086,0.7572674432840162,-1.2884404114999914,-1.093020339568076,1.5677708522569789,0.4001234055432357
2014-06-23,0.5020143782406918,0.8407938780849282,1.4147419433096995,1.053383433251714,0.6738263906099677,-1.2884404114999914,-1.0311281446435547,1.5677708522569789,0.00042971369011113775
2014-06-24,0.6496424662821648,0.7641216800700343,1.6004595183698966,1.2355488722309917,0.715546916946992,-1.2580034093841899,-0.2884218055492835,1.5677708522569789,0.08925053410188855
2014-06-25,0.5758284222614279,0.7641216800700343,0.4439455282223052,1.3266315917206308,0.6321058642729436,-1.0449443945734918,-0.5359905852473754,1.5677708522569789,0.6221754565728055
2014-06-26,1.1847942854325044,1.0324743731221637,-0.3326916038476104,0.05147351886568591,0.21490060090270127,-0.9231963861102506,0.6399611183185583,1.5677708522569789,0.35571299533732176
2014-06-27,1.2770618404584249,1.2049868186556754,-0.33691245782625123,0.05147351886568591,0.04801849555460437,-1.0601628956314013,0.3923923386204686,1.124720344387294,-0.39926397816301346
2014-06-28,1.16634077442732,1.2241548681593992,-0.33691245782625123,0.05147351886568591,-0.36918676781563786,-1.2580034093841899,-0.04085302585119164,0.6816698365176094,-0.5769056189866693
2014-06-29,1.0002591753806633,0.8791299770923752,0.5241417538164812,0.5979698358035194,0.2566211272397255,-1.1514739019788407,0.5161767284695135,0.6816698365176094,0.3113025851314583
2014-06-30,1.055619708396215,0.9558021751072698,-0.2989247720184836,0.6890525552931583,0.5069442852618709,-0.7862298765890998,0.4542845335449877,0.6816698365176094,1.0662795586317937
2014-07-01,0.8895381093495583,0.8024577790774813,0.2497862452048263,0.962300713762075,0.5903853379359193,-0.573170861778419,0.3923923386204664,0.6816698365176094,0.6221754565727551
2014-07-03,1.16634077442732,1.3391631651817406,-0.3326916038476104,-0.039609200623953005,0.17318007456567705,-1.2427849083262803,-0.41220619539832837,0.6816698365176094,-1.9536283353696486
2014-07-04,1.295515351463608,1.3774992641891877,-0.33691245782625123,-0.13069192011359193,-0.45262782048968636,-1.303658912557901,-0.10274522077571735,0.2386193286479245,-0.17721192713349418
2014-07-05,1.295515351463608,1.3008270661742931,-0.2735996481466385,-0.13069192011359193,0.0062979692175801445,-1.227566407268371,0.1448235589223745,0.6816698365176094,0.2224817647196304
2014-07-06,1.129433752416951,1.1091465711370576,0.28777393101259396,0.14255623835532483,0.5903853379359193,-1.2884404114999914,0.20671575384689803,1.124720344387294,-0.17721192713349418
2014-07-07,0.6496424662821648,0.9174660760998221,-0.10476548900100471,0.5979698358035194,0.8407084959580646,-1.6232474347739307,-0.7835593649454629,1.124720344387294,-0.9765993108397938
2014-07-08,1.2401548184480562,1.2049868186556754,-0.33691245782625123,0.05147351886568591,0.715546916946992,-1.8667434517004307,0.2686079487714215,0.6816698365176094,-0.7101368496043606
2014-07-10,1.0925267304065838,1.0133063236184399,0.3764118645640516,0.23363895784496375,0.3817827062507982,-1.3188774136158106,0.3923923386204686,0.6816698365176094,1.59920448110266
2014-07-11,1.0002591753806633,0.898298026596099,0.6465465191970658,0.4158043968242416,0.34006217991377397,-1.1210368998630218,0.4542845335449899,0.6816698365176094,0.5777650463668916
2014-07-12,1.2586083294532404,1.1858187691519522,-0.09210292706508218,0.32472167733460267,-0.11886360979349253,-0.8927593839944316,0.3923923386204664,1.124720344387294,0.666585866778669
2014-07-13,1.16634077442732,1.2241548681593992,-0.21450769244566673,0.23363895784496375,0.08973902189162859,-0.6188263649521302,-0.04085302585119164,1.124720344387294,0.7998170973963604
2014-07-14,1.0187126863858462,0.936634125603546,0.61700054134658,0.23363895784496375,0.2566211272397255,-0.4514228533151605,0.3923923386204642,1.124720344387294,0.4889442259550637
2014-07-15,1.295515351463608,1.28165901667057,-0.3284707498689695,-0.22177463960323085,0.3817827062507982,-0.4209858511993589,0.20671575384689583,1.124720344387294,0.08925053410188855
2014-07-17,0.9818056643754789,0.8791299770923752,1.1192821648048406,0.32472167733460267,0.46522375892484663,-1.1971294051525518,0.4542845335449899,1.5677708522569789,-2.2645012068109454
2014-07-18,0.40974682321477124,0.8024577790774813,0.4861540680087137,0.962300713762075,0.8407084959580646,-1.3188774136158106,-1.2168047294171231,1.5677708522569789,-0.35485356795715
2014-07-19,0.907991620354742,0.9174660760998221,-0.06255694921459626,0.7801352747827972,0.715546916946992,-0.8014483776470093,0.0829313639978532,1.5677708522569789,1.510383660690832
2014-07-20,1.0002591753806633,0.8216258285812045,0.1316023338028826,0.6890525552931583,0.5486648115988951,-0.6797003691837508,0.7018533132430818,1.5677708522569789,0.3557129953373723
2014-07-21,1.0925267304065838,1.0899785216333344,-0.33691245782625123,-0.22177463960323085,0.21490060090270127,-1.0753813966893107,0.14482355892237672,1.124720344387294,-1.1542409516633991
2014-07-22,1.1847942854325044,0.7832897295737575,1.1699324125485309,0.14255623835532483,-0.6195099258377832,-1.5167179273685818,1.444559652337353,1.124720344387294,-1.2874721822810906
2014-07-23,1.129433752416951,1.3583312146854638,-0.33691245782625123,0.14255623835532483,-0.32746624147861364,-1.958054458047853,-0.5978827801718967,0.6816698365176094,-1.2874721822810906
2014-07-24,0.7788170433184534,1.1091465711370576,-0.0287901173854695,0.5068871163138805,0.8407084959580646,-1.699339940063461,-0.9692359497190312,0.6816698365176094,0.7554066871904465
2014-07-25,1.2401548184480562,0.9941382741147168,-0.07521951115051878,-0.039609200623953005,0.5903853379359193,-1.0449443945734918,0.9494220929411692,0.6816698365176094,1.9100773525440071
2014-07-26,0.6496424662821648,0.7449536305663105,-0.05411524125731456,0.8712179942724362,0.7989879696210405,-0.573170861778419,-0.22652961062475999,0.6816698365176094,1.3771524300730904
2014-07-27,0.7050029992977173,0.7257855810625867,0.7394053067271644,1.1444661527413529,0.29834165357674974,-0.573170861778419,0.02103916907333188,0.6816698365176094,0.00042971369011113775
2014-07-28,1.1847942854325044,0.9749702246109929,-0.33691245782625123,-0.039609200623953005,-1.1618767682190982,-0.9536333882260695,0.8256377030921266,0.6816698365176094,-1.1098305414574852
2014-07-29,1.3693293954843453,1.0324743731221637,-0.33691245782625123,-0.13069192011359193,-0.6612304521748075,-1.1058183988051298,1.2588830675637845,0.2386193286479245,-0.4436743883689274
2014-07-30,1.2586083294532404,1.1474826701445053,-0.33691245782625123,0.05147351886568591,-1.4121999262412435,-1.1362554009209314,0.5161767284695112,0.2386193286479245,-0.08839110672166628
2014-07-31,1.2586083294532404,1.262490967166846,-0.33691245782625123,-0.22177463960323085,-2.16316940030768,-1.455843923136961,0.14482355892237672,-0.20443117922176018,-0.9321889006338799
2014-08-01,1.4431434395050815,0.7257855810625867,-0.08788207308644132,0.05147351886568591,-1.2035972945561224,-1.7602139442950815,2.4967269660542373,-0.20443117922176018,-0.887778490427966
2014-08-02,1.1109802414117669,0.7641216800700343,0.11471891788831923,0.14255623835532483,-0.8698330838599286,-1.699339940063461,1.2588830675637803,-0.20443117922176018,0.17807135451371647
2014-08-03,1.0187126863858462,0.7641216800700343,1.321883155779601,0.4158043968242416,-0.32746624147861364,-1.6232474347739307,0.9494220929411671,-0.20443117922176018,0.2224817647196304
2014-08-04,1.0925267304065838,0.9749702246109929,0.16959001961065023,0.32472167733460267,0.17318007456567705,-1.5471549294844007,0.5161767284695135,0.2386193286479245,0.2224817647196304
2014-08-05,0.7234565103029009,0.9941382741147168,0.5536877316669673,0.7801352747827972,0.21490060090270127,-1.3949699189053406,-0.7835593649454651,0.6816698365176094,0.44453381574914974
2014-08-06,0.7972705543236378,0.7641216800700343,1.2036992443776575,0.8712179942724362,0.6321058642729436,-1.3645329167895215,0.20671575384689803,1.124720344387294,0.08925053410193905
2014-08-07,0.7788170433184534,0.8791299770923752,0.2751113690766714,0.6890525552931583,0.7989879696210405,-1.41018841996325,-0.22652961062475999,1.5677708522569789,-0.1328015169276307
2014-08-08,1.0187126863858462,1.1474826701445053,-0.33691245782625123,0.05147351886568591,-0.45262782048968636,-1.455843923136961,-0.2884218055492857,1.124720344387294,-0.13280151692758022
2014-08-09,0.9633521533702945,1.28165901667057,-0.33691245782625123,-0.039609200623953005,0.17318007456567705,-1.2427849083262803,-0.9073437547945099,0.6816698365176094,0.6221754565727551
2014-08-10,1.0371661973910307,1.0324743731221637,-0.12164890491556811,0.05147351886568591,0.2566211272397255,-1.1971294051525518,0.1448235589223745,0.6816698365176094,0.133660944307853
2014-08-12,0.9448986423651101,0.591609234536522,4.006346286195179,0.6890525552931583,0.8407084959580646,-1.5928104326581118,1.2588830675637823,0.6816698365176094,-1.1542409516633991
2014-08-13,0.3728398012044032,0.4190967890030104,6.673926000696193,1.6909624696791865,1.0493111276431857,-1.379751417847431,-0.10274522077571516,0.6816698365176094,0.6221754565727551
2014-08-14,0.7234565103029009,0.629945333543969,-0.315808187933047,0.6890525552931583,0.46522375892484663,-0.6949188702416602,0.3923923386204664,0.6816698365176094,1.9988981729557844
2014-08-15,1.0371661973910307,0.8791299770923752,-0.33691245782625123,0.05147351886568591,-0.6195099258377832,-0.3753303480256304,0.6399611183185561,0.2386193286479245,0.9330483280141022
2014-08-16,0.9448986423651101,1.1091465711370576,-0.33691245782625123,0.14255623835532483,-0.11886360979349253,-0.6036078638942207,-0.41220619539832837,0.2386193286479245,-0.6657264393984467
2014-08-17,0.9448986423651101,0.9941382741147168,-0.33691245782625123,0.05147351886568591,-0.7863920311858802,-0.8014483776470093,-0.04085302585119384,0.2386193286479245,-0.5769056189866693
2014-08-18,1.0371661973910307,1.0708104721296106,-0.33691245782625123,-0.13069192011359193,0.34006217991377397,-0.6644818681258413,0.02103916907332968,-0.20443117922176018,0.40012340554328624
2014-08-19,0.8341775763340059,0.47660093751418114,1.4400670671815448,0.7801352747827972,1.0493111276431857,-0.5883893628363113,1.2588830675637823,-0.20443117922176018,0.2224817647196304
2014-08-20,-0.05159095191483145,0.15074409595088037,3.4112058752068197,1.5998797501895474,0.8407084959580646,-0.3296748448519193,-0.659774975096418,-0.20443117922176018,0.7554066871904465
2014-08-21,0.7234565103029009,0.3424245909881158,-0.3326916038476104,0.7801352747827972,0.0062979692175801445,-0.2840193416781909,1.320775262488306,-0.20443117922176018,0.133660944307853
2014-08-22,0.9448986423651101,0.8599619275886521,-0.33691245782625123,0.32472167733460267,-0.2857457151415894,-0.2992378427361003,0.3923923386204642,-0.20443117922176018,-0.04398069651580282
2014-08-24,1.1847942854325044,0.9174660760998221,-0.33691245782625123,-0.13069192011359193,-1.1618767682190982,-0.436204352257251,1.0113142878656949,-0.20443117922176018,-0.39926397816301346
2014-08-25,1.350875884479161,0.9941382741147168,-0.33691245782625123,-0.039609200623953005,-1.1618767682190982,-0.3753303480256304,1.320775262488306,-0.20443117922176018,0.17807135451371647
2014-08-26,1.3693293954843453,1.1091465711370576,-0.33691245782625123,-0.13069192011359193,-1.1618767682190982,-0.2992378427361003,1.0113142878656949,-0.20443117922176018,0.2224817647196304
2014-08-27,0.907991620354742,1.1666507196482283,-0.30736647997576527,0.05147351886568591,0.3817827062507982,-0.3753303480256304,-0.7216671700209415,-0.20443117922176018,-0.22162233733940814
2014-08-28,0.9818056643754789,1.1474826701445053,-0.3242498958903287,0.32472167733460267,0.46522375892484663,-0.07096032686751007,-0.41220619539832837,-0.20443117922176018,0.8886379178081882
2014-08-29,1.350875884479161,1.0324743731221637,-0.33691245782625123,-0.22177463960323085,-0.6195099258377832,-0.010086322635889457,1.196990872639261,-0.6474816870914448,0.17807135451371647
2014-08-30,1.3324223734739766,1.0899785216333344,-0.33691245782625123,-0.22177463960323085,-0.32746624147861364,-0.22314533744657025,0.9494220929411692,-0.6474816870914448,-0.6213160291925327
2014-08-31,0.8157240653288215,1.1666507196482283,-0.26937879416799765,0.5068871163138805,0.6738263906099677,-0.436204352257251,-1.0311281446435547,-0.20443117922176018,-0.6213160291925327
2014-09-01,1.0925267304065838,0.9558021751072698,-0.2440536702961526,0.23363895784496375,-0.45262782048968636,-0.31445634379400983,0.5780689233940347,0.2386193286479245,0.35571299533732176
2014-09-02,1.0002591753806633,1.0133063236184399,-0.33691245782625123,-0.22177463960323085,-1.3287588735671951,-0.2688008406202987,0.08293136399785539,0.2386193286479245,0.1336609443078025
2014-09-03,1.1109802414117669,1.0516424226258876,-0.33691245782625123,-0.22177463960323085,-1.4539204525782679,-0.49707835648888893,0.33050014369594066,-0.20443117922176018,-0.6657264393984467
2014-09-04,0.8895381093495583,1.0133063236184399,-0.05411524125731456,-0.039609200623953005,-0.7029509785118317,-0.86232238187863,-0.2884218055492813,-0.20443117922176018,-1.0654201312515712
2014-09-07,1.129433752416951,1.1858187691519522,-0.31158733395440613,0.14255623835532483,0.46522375892484663,-0.7710113755311904,-0.04085302585119384,0.2386193286479245,0.26689217492554435
2014-09-08,0.7788170433184534,1.0324743731221637,-0.21028683846702584,0.5068871163138805,0.7572674432840162,-0.8471038808207204,-0.7216671700209415,0.6816698365176094,-0.22162233733940814
2014-09-09,1.055619708396215,1.1283146206407815,-0.33691245782625123,-0.13069192011359193,-0.6612304521748075,-0.7101373712995698,-0.10274522077571516,0.2386193286479245,0.4001234055432357
2014-09-12,0.8895381093495583,0.7641216800700343,1.0179816693174604,0.962300713762075,0.7572674432840162,-0.9536333882260695,0.5161767284695112,0.2386193286479245,-0.7101368496043606
2014-09-13,0.9818056643754789,0.9174660760998221,-0.07521951115051878,0.6890525552931583,-0.11886360979349253,-0.9992888913997806,0.33050014369594505,0.6816698365176094,-0.13280151692758022
2014-09-14,1.2217013074428718,1.0516424226258876,-0.315808187933047,0.23363895784496375,-0.9115536101969528,-0.9840703903418712,0.7018533132430774,1.124720344387294,0.04484012389602509
2014-09-15,1.1847942854325044,0.8216258285812045,0.4059578424145377,0.14255623835532483,0.29834165357674974,-1.6384659358318403,1.3207752624883082,1.124720344387294,-1.909217925163785
2014-09-16,0.3728398012044032,0.7832897295737575,1.841048195152425,1.053383433251714,0.7989879696210405,-1.3645329167895215,-1.2786969243416444,1.124720344387294,0.7998170973964108
2014-09-17,0.6865494882925329,0.8599619275886521,-0.011906701470906104,0.962300713762075,0.715546916946992,-0.20792683638866077,-0.47409839032285184,1.124720344387294,3.375620889338814
2014-09-19,1.0002591753806633,1.0133063236184399,-0.3242498958903287,-0.039609200623953005,-1.3704793999042193,-0.8775408829365394,0.08293136399785539,1.5677708522569789,-1.953628335369699
2014-09-20,1.1478872634221355,0.8791299770923752,-0.33691245782625123,-1.0415191150099812,-0.20230466246754097,-1.303658912557901,1.0113142878656927,1.124720344387294,-1.2430617720751767
2014-09-21,0.5758284222614279,0.6874494820551398,-0.33691245782625123,-1.0415191150099812,0.13145954822865283,-1.1058183988051298,-0.2884218055492835,0.6816698365176094,0.5777650463668411
2014-09-23,0.6127354442717967,0.6682814325514166,-0.33691245782625123,-0.4950227980721476,-0.8698330838599286,-0.6036078638942207,-0.10274522077571516,0.2386193286479245,1.4659732504849687
2014-09-25,0.8157240653288215,0.898298026596099,-0.33691245782625123,-0.13069192011359193,-0.6195099258377832,-0.07096032686751007,-0.16463741570023868,-0.20443117922176018,1.554794070896746
2014-09-26,0.8526310873391896,0.9749702246109929,-0.30736647997576527,-0.039609200623953005,-0.2857457151415894,-0.010086322635889457,-0.2884218055492835,-0.20443117922176018,0.17807135451371647
2014-09-27,0.907991620354742,0.936634125603546,-0.33691245782625123,-0.039609200623953005,-1.5790820315893404,0.06600618265364064,0.02103916907332968,-0.6474816870914448,0.2224817647196304
2014-09-28,1.1109802414117669,0.8791299770923752,-0.33691245782625123,-0.22177463960323085,-1.662523084263389,-0.05574182580960059,0.8875298980166457,-1.0905321949611295,-0.35485356795709955
2014-09-29,1.0371661973910307,0.9749702246109929,-0.33691245782625123,-0.4039400785825087,-1.6208025579263647,-0.1774898342728591,0.3305001436959429,-1.0905321949611295,-0.35485356795715
2014-09-30,1.2586083294532404,0.9558021751072698,0.1442648957388052,0.05147351886568591,-1.0367151892080255,-0.22314533744657025,1.1350986777147376,-0.6474816870914448,-0.13280151692758022
2014-10-01,0.8526310873391896,0.591609234536522,0.7900555544708545,0.5068871163138805,0.46522375892484663,-0.05574182580960059,0.9494220929411692,-0.20443117922176018,0.4889442259550637
2014-10-03,0.5942819332666124,0.591609234536522,0.6634299351116292,0.7801352747827972,0.29834165357674974,-0.4818598554309795,0.0829313639978532,0.2386193286479245,-1.243061772075227
2014-10-04,0.3912933122095869,0.5341050860253512,-0.22717025438158922,0.5979698358035194,0.4235032325878224,-0.2535823395623892,-0.41220619539832837,0.2386193286479245,0.666585866778669
2014-10-05,0.7234565103029009,0.629945333543969,-0.3326916038476104,-0.4039400785825087,-0.8698330838599286,0.05078768159573115,0.3923923386204664,0.6816698365176094,0.8886379178081882
2014-10-06,0.5573749112562443,0.45743288801045734,-0.33691245782625123,-1.223684553989259,-0.8281125575229044,0.38559470486967046,0.3923923386204664,0.6816698365176094,0.9774587382200162
2014-10-08,0.4282003342199556,0.3424245909881158,-0.33691245782625123,-1.3147672734788978,-1.5790820315893404,0.05078768159573115,0.33050014369594505,0.6816698365176094,-0.9765993108397938
2014-10-09,0.44665384522513935,0.5532731355290751,-0.33691245782625123,-1.3147672734788978,-0.5360688731637347,-0.2688008406202987,-0.2884218055492835,0.2386193286479245,-0.9321889006338799
2014-10-10,0.6496424662821648,0.3999287394992866,-0.33691245782625123,-1.6790981514374534,-1.0367151892080255,-0.3753303480256304,0.887529898016648,-0.20443117922176018,-0.3104431577511856
2014-10-11,0.8526310873391896,0.5724411850327988,-0.33691245782625123,-1.6790981514374534,-1.7459641369374372,-0.2535823395623892,1.0113142878656907,-0.6474816870914448,0.35571299533732176
2014-10-12,0.760363532313269,0.5532731355290751,-0.33691245782625123,-1.9523463099063703,-2.2048899266447037,0.1420986879431707,0.7637455081676009,-1.0905321949611295,1.1551003790436216
2014-10-13,0.5758284222614279,0.32325654148439265,-0.33691245782625123,-2.134511748885648,-1.6208025579263647,0.5529982165066402,0.8875298980166457,-1.5335827028308142,1.1995107892495354
2014-10-15,0.29902575718366636,0.13157604644715723,-0.33691245782625123,-0.8593536760307032,-1.3287588735671951,0.7204017281435925,0.5780689233940325,-1.5335827028308142,0.4889442259550132
2014-10-17,0.22521171316293018,0.2465843434694981,-0.33691245782625123,-1.0415191150099812,-1.7459641369374372,0.7508387302594114,-0.04085302585119164,-1.5335827028308142,0.08925053410193905
2014-10-18,0.28057224617848264,0.189080194958328,-0.33691245782625123,-0.6771882370514254,-1.4539204525782679,0.5682167175645323,0.3305001436959429,-1.5335827028308142,-0.5324952087807553
2014-10-20,0.4835608672355074,0.5532731355290751,-0.33691245782625123,-0.039609200623953005,-0.7446715048488559,0.370376203811761,-0.16463741570023868,-1.5335827028308142,-0.5769056189866187
2014-10-22,0.7050029992977173,0.2465843434694981,2.0436491861271855,-0.7682709565410644,-0.41090729415266214,0.40081320592757996,1.568344042186398,-1.0905321949611295,0.08925053410193905
2014-10-23,-0.19921903995630444,0.3424245909881158,-0.3284707498689695,0.32472167733460267,0.7572674432840162,0.5529982165066402,-1.773834483737826,-0.6474816870914448,0.44453381574914974
2014-10-24,-0.143858506940752,0.3999287394992866,-0.33691245782625123,0.05147351886568591,0.5486648115988951,0.5682167175645323,-1.773834483737826,-0.6474816870914448,0.044840123895974596
2014-10-25,-0.143858506940752,0.38076068999556345,-0.33691245782625123,0.14255623835532483,0.5069442852618709,0.6138722207382608,-1.7119422888133047,-0.6474816870914448,0.133660944307853
2014-10-26,0.28057224617848264,0.43826483850673353,-0.3326916038476104,0.14255623835532483,0.8407084959580646,0.6443092228540624,-0.47409839032284967,-0.20443117922176018,0.08925053410188855
2014-10-27,0.3543862901992188,0.43826483850673353,-0.33691245782625123,-0.039609200623953005,-0.32746624147861364,0.5834352186224417,-0.22652961062475999,-0.20443117922176018,-0.17721192713349418
2014-10-30,0.13294415813700963,0.45743288801045734,-0.33691245782625123,0.14255623835532483,-0.5360688731637347,0.4921242122750022,-1.0311281446435547,-0.20443117922176018,-0.26603274754532213
2014-10-31,0.24366522416811454,0.4190967890030104,-0.33691245782625123,0.14255623835532483,-0.577789399500759,0.2334096942906103,-0.5359905852473732,-0.6474816870914448,-0.7545472598102241
2014-11-01,0.3359327791940351,0.3424245909881158,-0.33691245782625123,0.14255623835532483,-2.038007821296607,0.06600618265364064,0.02103916907333188,-1.0905321949611295,-0.4880847985748413
2014-11-05,-0.291486594982225,0.16991214545460417,-0.33691245782625123,-0.039609200623953005,0.6321058642729436,0.7356202292015019,-1.5262657040397363,-1.0905321949611295,1.9544877627498705
2014-11-06,-0.05159095191483145,0.11240799694343341,-0.3326916038476104,0.4158043968242416,0.46522375892484663,0.6747462249698813,-0.5359905852473732,-0.6474816870914448,-0.17721192713349418
2014-11-07,-0.5129287270444342,-0.002600300078907455,0.16114831165336857,1.1444661527413529,0.8407084959580646,0.6899647260277908,-1.7119422888133047,-0.6474816870914448,0.04484012389602509
2014-11-08,-0.8635454361429319,-0.5393056861831669,0.422841258329101,1.5087970306999086,0.8407084959580646,0.8117127344910321,-1.1549125344925995,-0.20443117922176018,0.35571299533732176
2014-11-11,-0.32839361699259306,0.13157604644715723,-0.33691245782625123,0.32472167733460267,0.7572674432840162,0.6138722207382608,-1.5262657040397363,-0.20443117922176018,-0.5769056189866187
2014-11-15,-0.49447521603924977,-0.4051293396571022,-0.3200290419116878,-0.31285735909286977,-1.662523084263389,1.0856457535333508,-0.35031400047380484,0.2386193286479245,1.3771524300731408
2014-11-16,-0.18076552895112008,-0.3476251911459314,-0.33691245782625123,-0.4039400785825087,-1.8294051896114858,0.7964942334331225,0.5161767284695112,0.2386193286479245,-0.8433680802221025
2014-11-17,-0.4575681940288817,-0.5584737356868906,-0.33691245782625123,-1.13260183449962,-2.038007821296607,1.0247717493017128,0.2686079487714215,0.2386193286479245,0.666585866778669
2014-11-20,-0.623649793075539,-0.36679324064965524,-0.33691245782625123,-0.4039400785825087,-1.1618767682190982,0.8878052397805621,-0.9073437547945099,-0.20443117922176018,-0.39926397816301346
2014-11-21,-0.4206611720185136,-0.30928909213848443,-0.33691245782625123,-0.22177463960323085,-0.9532741365339771,0.6747462249698813,-0.41220619539832837,-0.6474816870914448,-0.6213160291925327
2014-11-22,-0.4022076610133292,-0.2709529931310375,-0.33691245782625123,0.23363895784496375,-1.1618767682190982,0.5986537196803513,-0.47409839032284967,-1.0905321949611295,-0.22162233733940814
2014-11-23,-0.34684712799777745,-0.06010444859007823,-0.33691245782625123,0.23363895784496375,-1.0367151892080255,0.6443092228540624,-0.9692359497190334,-1.0905321949611295,0.1336609443078025
2014-11-24,-0.19921903995630444,-0.09844054759752519,-0.33691245782625123,-0.039609200623953005,-1.2453178208931466,0.4312502080433816,-0.350314000473807,-1.5335827028308142,-0.6213160291925327
2014-11-25,0.022223092105904722,-0.04093639908635509,-0.33691245782625123,0.23363895784496375,-1.287038347230171,0.12688018688526123,0.20671575384689803,-1.5335827028308142,-0.887778490427966
2014-11-26,-0.36530063900296117,0.07407189793598645,-0.33691245782625123,0.23363895784496375,0.21490060090270127,0.1573171890010802,-1.4643735091152128,-1.5335827028308142,0.08925053410193905
2014-11-27,-0.6974638370962752,-0.13677664660497282,-0.3200290419116878,0.5068871163138805,0.8824290222950889,0.40081320592757996,-1.8976188735868709,-1.0905321949611295,0.710996276984583
2014-11-29,-0.47602170503406604,0.189080194958328,-0.3284707498689695,0.8712179942724362,0.8407084959580646,0.12688018688526123,-2.207079848209486,-0.6474816870914448,-0.7989576700161886
2014-11-30,-0.143858506940752,0.15074409595088037,-0.3284707498689695,1.2355488722309917,0.7572674432840162,0.05078768159573115,-0.9692359497190312,-0.20443117922176018,-0.22162233733940814
2014-12-01,-0.5313822380496185,-1.2676915673246616,-0.20606598448838498,0.05147351886568591,0.8407084959580646,0.5682167175645323,2.311050381280667,0.2386193286479245,1.510383660690832
2014-12-02,-1.6939534313762168,-1.459372062361897,-0.14697402878741317,0.7801352747827972,0.8407084959580646,1.055208751417532,-0.9692359497190312,0.6816698365176094,1.4215628402790548
2014-12-03,-1.380243744288087,-1.0376749732799793,-0.26515794018935684,0.7801352747827972,0.8407084959580646,0.7356202292015019,-1.2786969243416444,1.124720344387294,-0.9321889006338799
2014-12-04,-1.490964810319192,-1.6510525573991326,-0.10898634297964555,0.23363895784496375,1.09103165398021,1.2682677662282127,0.3305001436959429,1.5677708522569789,1.554794070896746
2014-12-05,-1.8415815194176899,-1.7660608544214738,-0.315808187933047,-1.13260183449962,0.6321058642729436,1.4813267810388935,-0.4740983903228508,1.5677708522569789,0.6221754565727551
2014-12-07,-1.490964810319192,-0.9801708247688086,-0.3326916038476104,-0.8593536760307032,0.8407084959580646,1.0247717493017128,-1.8357266786623494,1.5677708522569789,-1.3318825924870046
2014-12-08,-1.1218945902155097,-1.2293554683172148,-0.3326916038476104,-0.6771882370514254,0.21490060090270127,1.207393761996592,0.20671575384689803,1.5677708522569789,0.5333546361609777
2014-12-09,-1.1034410792103255,-0.865162527746467,-0.33691245782625123,-0.6771882370514254,-0.7029509785118317,1.359578772575652,-0.9073437547945099,1.124720344387294,0.44453381574914974
2014-12-10,-1.0665340571999573,-0.8076583792352969,-0.24827452427479343,0.05147351886568591,0.8407084959580646,1.055208751417532,-0.9692359497190312,1.124720344387294,-0.887778490427966
2014-12-12,-1.675499920371033,-1.4785401118656205,-0.33691245782625123,-2.225594468375287,0.715546916946992,1.7704783011391216,-0.8454515598699874,0.6816698365176094,2.0877189933676124
2014-12-13,-1.6939534313762168,-1.9194052504512622,-0.33691245782625123,-2.3166771878649257,-1.1201562418820739,1.983537315949785,0.5161767284695123,0.2386193286479245,0.6221754565727046
2014-12-14,-1.454057788308824,-1.6893886564065796,-0.33691245782625123,-1.4058499929685369,-1.6208025579263647,1.6639487937337725,0.5780689233940325,-0.20443117922176018,-0.9321889006338294
2014-12-15,-1.2326156562466142,-0.9801708247688086,-0.33691245782625123,-1.0415191150099812,0.6738263906099677,1.2682677662282127,-0.9692359497190312,-0.6474816870914448,-1.1542409516633991
2014-12-16,-1.4356042773036395,-1.5743803593842383,-0.33691245782625123,-2.8631735048027593,-1.0367151892080255,1.8313523053707248,0.26860794877142047,-1.0905321949611295,1.6436148913085236
2014-12-17,-2.1368376955006356,-2.168589893999668,-0.33691245782625123,-4.411579736126621,-1.9545667686225585,2.2118148318183755,-0.16463741570023868,-1.0905321949611295,1.1106899688377077
2014-12-18,-2.0261166294695307,-1.9577413494587093,-0.3326916038476104,-2.7720907853131207,0.5069442852618709,2.1052853244130607,-0.4740983903228508,-1.0905321949611295,-0.31044315775113507
2014-12-19,-2.2291052505265565,-2.187757943503392,0.2666696611193897,0.5979698358035194,0.9241495486321131,1.7400412990233025,-0.41220619539832837,-0.6474816870914448,-1.0654201312516218
2014-12-20,-1.675499920371033,-2.168589893999668,-0.3284707498689695,-1.0415191150099812,-1.2035972945561224,1.2530492651703031,1.3826674574128273,-0.20443117922176018,-1.4207034128988323
2014-12-21,-1.4725112993140077,-1.6510525573991326,-0.33691245782625123,-1.8612635904167314,-1.4539204525782679,1.6182932905600613,0.3923923386204664,-0.20443117922176018,1.066279558631844
2014-12-22,-2.081477162485083,-2.1494218444959445,-0.33691245782625123,-2.3166771878649257,-0.9949946628710012,1.7856968021970137,-0.040853025851192735,-0.20443117922176018,0.4889442259550132
2014-12-24,-0.9927200131792212,-1.210187418813491,-0.33691245782625123,-0.4039400785825087,0.8407084959580646,1.3443602715177427,0.5780689233940325,-0.20443117922176018,-1.2874721822810906
2014-12-25,-1.4171507662984553,-1.3060276663321086,-0.05411524125731456,0.05147351886568591,1.09103165398021,1.2530492651703031,-0.5359905852473732,0.2386193286479245,-0.26603274754532213
2014-12-26,-1.8046744974073217,-1.3635318148432793,-0.2440536702961526,0.962300713762075,1.3413548120023553,1.2378307641124109,-1.650050093888781,0.2386193286479245,-0.04398069651575233
2014-12-27,-1.675499920371033,-1.3060276663321086,-0.315808187933047,0.4158043968242416,1.1327521803172342,1.3747972736335616,-1.4024813141906913,0.2386193286479245,0.4001234055432357
2014-12-28,-1.9707560964539785,-1.881069151443815,-0.20184513050974415,0.5068871163138805,0.17318007456567705,1.5269822842126217,-0.5359905852473732,0.2386193286479245,0.44453381574914974
2014-12-29,-1.638592898360665,-2.130253794992221,-0.33691245782625123,-1.4969327124581757,-2.413492558329825,1.2226122630545015,1.3826674574128273,0.2386193286479245,-0.887778490427966
2014-12-30,-1.5463253433347444,-1.7852289039251972,-0.33691245782625123,-1.13260183449962,-2.455213084666849,1.1008642545912428,0.5780689233940325,0.2386193286479245,-0.35485356795715
2014-12-31,-1.1772551232310624,-1.7085567059103033,-0.33691245782625123,-0.9504363955203422,-2.038007821296607,1.3900157746914712,1.5683440421863957,0.2386193286479245,0.8442275076023248
2015-01-01,-1.3986972552932715,-1.6127164583916855,-0.33691245782625123,-1.4969327124581757,-2.16316940030768,1.8161338043128328,0.5161767284695112,-0.20443117922176018,1.243921199455399
2015-01-02,-1.7862209864021374,-1.727724755414027,-0.33691245782625123,-0.5861055175617865,-1.9545667686225585,1.8922263096023628,-0.41220619539832726,-0.6474816870914448,0.2224817647196304
2015-01-03,-1.638592898360665,-1.7085567059103033,-0.33691245782625123,-1.13260183449962,-2.7472567690260186,1.4813267810388935,0.02103916907332968,-1.0905321949611295,-1.198651361869313
2015-01-04,-1.3248832112725346,-1.3251957158358325,-0.33691245782625123,0.05147351886568591,-0.4943483468267106,0.6747462249698813,-0.16463741570023646,-1.5335827028308142,-2.3533220272227733
2015-01-05,-1.1218945902155097,-0.7693222802278492,-0.33691245782625123,0.32472167733460267,0.8407084959580646,0.2942836985222309,-1.2786969243416466,-1.5335827028308142,-1.1098305414574852
2015-01-06,-0.5313822380496185,-0.7501542307241261,-0.33691245782625123,0.5979698358035194,-0.7863920311858802,0.33993920169594205,0.6399611183185561,-1.5335827028308142,0.1336609443078025
2015-01-07,-1.3986972552932715,-1.133515220798597,-0.3326916038476104,0.14255623835532483,0.08973902189162859,1.0856457535333508,-1.0311281446435547,-1.0905321949611295,2.1765398137794403
2015-01-08,-1.6201393873554806,-1.6318845078954092,-0.33691245782625123,-0.8593536760307032,-1.495640978915292,1.907444810660255,-0.16463741570023757,-1.0905321949611295,2.3985918648088584
2015-01-09,-1.7124069423814012,-1.5360442603767914,-0.33691245782625123,-0.6771882370514254,-1.4121999262412435,1.8922263096023628,-0.783559364945464,-1.0905321949611295,-0.04398069651575233
2015-01-10,-1.3986972552932715,-1.5743803593842383,-0.33691245782625123,-0.9504363955203422,-1.87112571594851,1.6487302926758631,0.3923923386204653,-1.0905321949611295,-0.7101368496043606
2015-01-12,-1.7862209864021374,-1.9385732999549858,0.29199478499123477,0.5068871163138805,0.8824290222950889,1.359578772575652,0.2686079487714215,-0.6474816870914448,-0.843368080222052
2015-01-13,-2.376733338568029,-1.9960774484661565,0.752067868663087,1.2355488722309917,0.5903853379359193,1.2682677662282127,-1.5262657040397352,-0.20443117922176018,-0.26603274754532213
2015-01-14,-1.7124069423814012,-2.264430141518286,-0.33691245782625123,-1.13260183449962,-2.288330979318752,1.4356712778651823,1.5683440421863957,-0.20443117922176018,0.4889442259550637
2015-01-15,-1.6939534313762168,-2.053581596977327,-0.33691245782625123,-1.0415191150099812,-1.9962872949595827,1.5422007852705313,0.9494220929411703,-0.6474816870914448,0.3113025851314583
2015-01-16,-1.2141621452414304,-1.459372062361897,-0.33691245782625123,-0.8593536760307032,-1.6208025579263647,1.4965452820968028,0.6399611183185561,-0.6474816870914448,-0.1328015169276307
2015-01-17,-1.675499920371033,-1.6510525573991326,-0.33691245782625123,-1.13260183449962,-2.246610452981728,1.7552598000811948,-0.2884218055492835,-0.6474816870914448,0.7554066871904465
2015-01-18,-1.3986972552932715,-1.5743803593842383,-0.33691245782625123,-1.3147672734788978,-1.662523084263389,1.6943857958495914,0.3923923386204653,-0.6474816870914448,-0.1772119271334437
2015-01-19,-1.380243744288087,-1.7468928049177503,-0.33691245782625123,-2.134511748885648,-2.2048899266447037,1.4965452820968028,1.0113142878656927,-1.0905321949611295,-0.5769056189866693
2015-01-20,-1.5278718323295601,-1.516876210873068,-0.33691245782625123,-0.9504363955203422,-0.9532741365339771,1.3291417704598332,-0.22652961062475999,-1.5335827028308142,-0.4880847985748413
2015-01-22,-1.1218945902155097,-1.3060276663321086,-0.33691245782625123,-2.6810080658234816,-2.246610452981728,1.359578772575652,0.4542845335449877,-1.5335827028308142,0.08925053410193905
2015-01-23,-1.380243744288087,-1.4785401118656205,-0.33691245782625123,-0.8593536760307032,-1.5373615052523162,1.2226122630545015,0.1448235589223756,-1.5335827028308142,-0.39926397816301346
2015-01-24,-1.5278718323295601,-1.210187418813491,-0.2989247720184836,-0.13069192011359193,0.715546916946992,0.9943347471859112,-1.2168047294171231,-1.0905321949611295,-0.6657264393984467
2015-01-26,-0.9742665021740369,-1.0568430227837025,-0.33691245782625123,0.4158043968242416,-0.7029509785118317,0.9030237408384716,0.1448235589223745,-1.0905321949611295,-0.26603274754532213
2015-01-27,-1.2879761892621666,-0.9418347257613615,-0.33691245782625123,0.4158043968242416,0.13145954822865283,0.8117127344910321,-1.2786969243416444,-1.0905321949611295,-0.26603274754532213
2015-01-30,-1.3248832112725346,-1.2676915673246616,-0.33691245782625123,0.14255623835532483,-0.7863920311858802,1.4204527768072728,-0.35031400047380484,-1.0905321949611295,1.7768461219262652
2015-02-02,-1.4171507662984553,-1.4210359633544503,-0.33691245782625123,-0.039609200623953005,-0.6195099258377832,1.9531003138340006,-0.16463741570023646,-1.0905321949611295,1.5547940708967967
2015-02-03,-1.2879761892621666,-1.2676915673246616,-0.33691245782625123,0.23363895784496375,-0.41090729415266214,1.8313523053707248,-0.22652961062475999,-1.0905321949611295,-0.3548535679572005
2015-02-04,-1.638592898360665,-1.516876210873068,-0.33691245782625123,0.23363895784496375,0.5069442852618709,1.6639487937337725,-0.5978827801718967,-1.0905321949611295,-0.48808479857479087
2015-02-06,-2.044570140474715,-2.130253794992221,-0.3242498958903287,-0.6771882370514254,0.8407084959580646,1.8161338043128328,0.02103916907332968,-1.0905321949611295,0.44453381574914974
2015-02-07,-1.5463253433347444,-1.4785401118656205,-0.33691245782625123,-0.4950227980721476,0.5486648115988951,1.3900157746914712,-0.4122061953983294,-1.0905321949611295,-1.2430617720751767
2015-02-08,-1.343336722277719,-1.5743803593842383,-0.33691245782625123,-2.407759907354565,-0.03542255711944408,1.6182932905600613,0.5780689233940336,-1.0905321949611295,0.666585866778669
2015-02-09,-1.7677674753969537,-1.6127164583916855,-0.33691245782625123,-0.8593536760307032,-1.4121999262412435,1.9226633117181817,-0.7216671700209415,-1.0905321949611295,0.8886379178081882
2015-02-10,-1.7862209864021374,-1.7852289039251972,-0.33691245782625123,-0.6771882370514254,-1.7459641369374372,1.4661082799810012,-0.22652961062475999,-1.0905321949611295,-1.3318825924870046
2015-02-11,-1.6201393873554806,-1.6318845078954092,-0.33691245782625123,-0.6771882370514254,-0.03542255711944408,0.9334607429542906,-0.16463741570023757,-1.0905321949611295,-1.5539346435165238
2015-02-12,-0.9927200131792212,-1.4402040128581737,-0.33691245782625123,-1.6790981514374534,-0.7863920311858802,0.8573682376647604,1.320775262488305,-1.0905321949611295,-0.22162233733940814
2015-02-13,-0.9742665021740369,-1.4785401118656205,-0.33691245782625123,-2.225594468375287,-0.7863920311858802,0.8725867387226527,1.506451847261873,-1.5335827028308142,0.044840123895974596
2015-02-14,-1.158801612225878,-1.0185069237762554,-0.33691245782625123,-2.225594468375287,-0.2440251888045652,0.6595277239119719,-0.5978827801718967,-1.5335827028308142,-0.6213160291925327
2015-02-15,-1.2879761892621666,-0.7693222802278492,-0.19762427653110332,0.6890525552931583,0.8407084959580646,0.5529982165066402,-1.8357266786623494,-1.0905321949611295,-0.3104431577511856
2015-02-16,-0.9558129911688524,-0.82682642873902,-0.33691245782625123,1.1444661527413529,0.0062979692175801445,0.5986537196803513,-0.5359905852473732,-1.0905321949611295,0.1336609443078025
2015-02-21,-1.0665340571999573,-0.865162527746467,-0.3284707498689695,1.1444661527413529,0.7572674432840162,0.4464687091012911,-0.7835593649454651,-0.6474816870914448,-0.4436743883689274
2015-02-22,-0.8819989471481163,-0.6159778841980614,0.3215407628417207,1.4177143112102697,0.9241495486321131,0.5377797154487306,-0.9692359497190312,-0.20443117922176018,0.26689217492554435
2015-02-23,-1.4171507662984553,-0.8076583792352969,0.093614647995115,1.5998797501895474,1.0493111276431857,0.4464687091012911,-2.1451876532849603,0.2386193286479245,-0.26603274754532213
2015-02-25,-1.158801612225878,-0.6159778841980614,-0.30314562599712447,1.5998797501895474,0.8407084959580646,0.2334096942906103,-1.8976188735868709,0.6816698365176094,-0.6213160291925327
2015-02-26,-0.5498357490548023,-0.5009695871757199,-0.33691245782625123,1.2355488722309917,0.13145954822865283,0.24862819534851976,-0.22652961062475999,0.6816698365176094,0.04484012389602509
2015-02-27,-0.9742665021740369,-0.8076583792352969,-0.2862622100825611,1.5087970306999086,0.7989879696210405,0.4921242122750022,-0.659774975096418,0.6816698365176094,0.7109962769845325
2015-02-28,-1.343336722277719,-0.9418347257613615,-0.3200290419116878,1.1444661527413529,0.8824290222950889,0.7204017281435925,-1.4643735091152128,1.124720344387294,0.666585866778669
2015-03-03,-0.7897313921221958,-0.9801708247688086,-0.3284707498689695,0.8712179942724362,0.8824290222950889,-0.025304823693798936,0.5161767284695112,1.124720344387294,-2.175680386399168
2015-03-04,-1.490964810319192,-1.1143471712948732,-0.3284707498689695,1.2355488722309917,1.0075906013061615,0.38559470486967046,-1.4024813141906913,1.124720344387294,1.1995107892495354
2015-03-05,-1.8784885414280579,-1.2293554683172148,-0.13431146685149065,1.5998797501895474,1.257913759328307,0.6138722207382608,-2.330864238058529,1.124720344387294,0.666585866778669
2015-03-06,-1.7308604533865855,-1.09517912179115,-0.3326916038476104,1.5087970306999086,1.1744727066542584,0.6747462249698813,-2.2689720431340072,1.124720344387294,0.17807135451371647
2015-03-07,-1.5463253433347444,-1.0568430227837025,-0.3284707498689695,1.2355488722309917,1.3413548120023553,0.8269312355489415,-1.7738344837378281,1.5677708522569789,0.44453381574914974
2015-03-11,-1.6939534313762168,-1.2676915673246616,-0.3242498958903287,0.32472167733460267,1.0075906013061615,1.4204527768072728,-1.5881578989642575,1.5677708522569789,1.7324357117203515
2015-03-12,-1.8969420524332423,-1.4018679138507264,-0.18074086061653993,1.053383433251714,1.0075906013061615,1.2226122630545015,-1.8357266786623494,1.5677708522569789,-0.5769056189866187
2015-03-13,-1.5647788543399281,-1.210187418813491,-0.33691245782625123,-0.13069192011359193,1.0075906013061615,0.9943347471859112,-1.3405891192661679,1.124720344387294,-0.6657264393984467
2015-03-15,-0.7897313921221958,-0.48180153767199607,-0.33691245782625123,1.4177143112102697,1.0075906013061615,0.5986537196803513,-1.0930203395680782,0.6816698365176094,-1.1542409516633991
2015-03-17,-0.4022076610133292,-0.2709529931310375,-0.33691245782625123,1.3266315917206308,0.7572674432840162,0.06600618265364064,-0.47409839032284967,0.2386193286479245,-1.5539346435165238
2015-03-18,-0.143858506940752,-0.2134488446198667,-0.33691245782625123,1.2355488722309917,0.7572674432840162,-0.14705283215704015,0.20671575384689803,-0.20443117922176018,-0.6213160291925327
2015-03-19,-0.07004446292001582,0.0357357989285395,-0.33691245782625123,1.053383433251714,0.0062979692175801445,0.08122468371155012,-0.350314000473807,-0.6474816870914448,0.666585866778669
2015-03-20,0.28057224617848264,-0.002600300078907455,-0.33691245782625123,0.7801352747827972,-1.2035972945561224,0.41603170698547215,0.9494220929411692,-1.0905321949611295,0.9774587382199657
2015-03-21,-0.23612606196667252,-0.2134488446198667,-0.33691245782625123,0.6890525552931583,-0.11886360979349253,0.6290907217961702,-0.10274522077571516,-1.5335827028308142,0.6221754565728055
2015-03-22,-0.8266384141325639,-0.424297389160826,-0.3326916038476104,0.32472167733460267,0.715546916946992,0.8117127344910321,-1.4024813141906893,-1.0905321949611295,0.5333546361609272
2015-03-24,-0.8266384141325639,-0.7118181317166792,-0.33691245782625123,-0.22177463960323085,0.7572674432840162,1.5117637831547124,-0.47409839032284967,-1.0905321949611295,2.0433085831616986
2015-03-26,-1.158801612225878,-0.9034986267539146,-0.1596365907233357,0.23363895784496375,0.8407084959580646,1.7704783011391216,-0.9692359497190312,-0.6474816870914448,0.7554066871904969
2015-03-27,-0.5682892600599866,-0.8076583792352969,0.2793322230553122,0.962300713762075,0.7572674432840162,1.3747972736335616,0.7018533132430795,-0.20443117922176018,-1.1542409516633991
2015-03-28,-0.36530063900296117,-0.46263348816827293,-0.33691245782625123,0.32472167733460267,-0.9115536101969528,0.8878052397805621,0.2686079487714215,-0.20443117922176018,-1.4207034128988323
2015-03-29,-0.014683929904463364,-0.3859612901533784,-0.33691245782625123,0.23363895784496375,0.0062979692175801445,0.5529982165066402,1.1969908726392589,-0.20443117922176018,-0.9765993108397434
2015-03-30,-0.291486594982225,-0.11760859710124899,-0.33691245782625123,0.8712179942724362,0.6738263906099677,0.3551577027538515,-0.5978827801718967,-0.20443117922176018,-0.5769056189866693
2015-04-01,0.07758362512145718,0.11240799694343341,-0.33691245782625123,0.8712179942724362,0.5069442852618709,-0.05574182580960059,-0.10274522077571516,-0.6474816870914448,-1.1986513618692627
2015-04-02,0.3174792681888507,0.2849204424769457,-0.33691245782625123,0.5979698358035194,0.5069442852618709,-0.6188263649521302,0.1448235589223745,-0.6474816870914448,-1.6427554639283517
2015-04-04,0.4835608672355074,0.5532731355290751,-0.33691245782625123,0.5068871163138805,0.2566211272397255,-0.4209858511993589,-0.16463741570023868,-1.0905321949611295,0.5777650463668411
2015-04-05,0.7050029992977173,0.36159264049183965,-0.33691245782625123,0.23363895784496375,-1.2453178208931466,-0.1927083353307686,1.196990872639261,-1.5335827028308142,0.666585866778669
2015-04-07,0.05913011411627346,-0.021768349582631272,-0.3326916038476104,0.5068871163138805,0.5486648115988951,0.17253569005898967,0.2686079487714215,-1.0905321949611295,1.066279558631844
2015-04-08,-0.8635454361429319,-1.09517912179115,0.08517294003783334,-0.039609200623953005,1.0075906013061615,0.8725867387226527,0.6399611183185583,-0.6474816870914448,2.043308583161648
2015-04-09,-1.3617902332829035,-1.1910193693097675,-0.2820413561039202,1.053383433251714,1.09103165398021,0.7964942334331225,-0.7216671700209426,-0.20443117922176018,-0.22162233733940814
2015-04-10,-1.2510691672517984,-1.0568430227837025,-0.30736647997576527,0.8712179942724362,0.9241495486321131,0.8117127344910321,-0.7835593649454651,0.2386193286479245,0.04484012389602509
2015-04-11,-1.638592898360665,-1.09517912179115,1.8579316110669883,1.7820451891688254,1.3413548120023553,0.9943347471859112,-1.9595110685113943,0.6816698365176094,0.5333546361609777
2015-04-12,-0.8081849031273801,-1.0760110722874263,-0.3284707498689695,0.32472167733460267,0.13145954822865283,1.0704272524754412,0.7637455081676009,1.124720344387294,0.2224817647196304
2015-04-13,0.07758362512145718,-0.6734820327092316,-0.33691245782625123,-1.8612635904167314,-2.455213084666849,0.9334607429542906,2.4348347711297116,1.124720344387294,-0.39926397816301346
2015-04-14,-0.03313744090964708,-0.7693222802278492,-0.33691245782625123,-3.045338943782037,-2.455213084666849,0.9334607429542906,2.3729425762051903,0.6816698365176094,0.00042971369011113775
2015-04-15,0.13294415813700963,-0.7118181317166792,-0.33691245782625123,-1.9523463099063703,-2.2048899266447037,0.5377797154487306,2.744295745752327,0.2386193286479245,-1.1542409516633991
2015-04-16,-0.12540499593556761,-0.48180153767199607,-0.33691245782625123,-0.7682709565410644,-1.7876846632744616,0.370376203811761,1.1350986777147376,-0.20443117922176018,-0.4880847985748413
2015-04-17,0.11449064713182526,-0.2709529931310375,-0.33691245782625123,-0.22177463960323085,-0.6612304521748075,-0.025304823693798936,1.2588830675637823,-0.6474816870914448,-1.1542409516633991
2015-04-20,0.3359327791940351,0.16991214545460417,-0.3284707498689695,0.5979698358035194,0.8407084959580646,-0.6949188702416602,0.5780689233940347,-0.6474816870914448,-1.9536283353696486
2015-04-24,0.40974682321477124,-0.09844054759752519,-0.33691245782625123,-0.6771882370514254,-0.8281125575229044,0.766057231317321,1.6921284320354404,-1.0905321949611295,4.263829093456891
2015-04-25,0.07758362512145718,0.016567749424815682,-0.33691245782625123,-0.039609200623953005,-0.6612304521748075,0.6899647260277908,0.20671575384689803,-1.0905321949611295,-0.22162233733940814
2015-04-26,0.2067582021577458,0.016567749424815682,-0.33691245782625123,-0.13069192011359193,-0.36918676781563786,0.6595277239119719,0.6399611183185561,-1.0905321949611295,-0.08839110672171677
2015-04-27,0.6496424662821648,-0.06010444859007823,-0.33691245782625123,0.14255623835532483,-1.704243610600413,0.26384669640641195,2.3729425762051903,-1.0905321949611295,-1.1542409516633991
2015-04-28,0.3912933122095869,0.189080194958328,-0.33691245782625123,0.14255623835532483,-0.41090729415266214,-0.13183433109913067,0.7018533132430774,-1.0905321949611295,-1.1542409516633487
2015-04-29,0.6127354442717967,0.4190967890030104,-0.33691245782625123,0.23363895784496375,-0.07714308345646831,-0.22314533744657025,0.7018533132430795,-1.0905321949611295,-0.26603274754532213
2015-04-30,0.9448986423651101,0.5341050860253512,-0.33691245782625123,0.05147351886568591,-1.1201562418820739,-0.23836383850447973,1.4445596523373507,-1.5335827028308142,-0.04398069651580282
2015-05-01,0.7419100213080854,0.629945333543969,-0.315808187933047,0.32472167733460267,0.34006217991377397,-0.3448933459098288,0.4542845335449899,-1.0905321949611295,-0.31044315775123604
2015-05-05,0.6865494882925329,0.4190967890030104,-0.17229915265925827,0.4158043968242416,0.7572674432840162,-0.5579523607205096,0.9494220929411692,-0.6474816870914448,-0.6213160291925327
2015-05-06,0.3912933122095869,0.3999287394992866,-0.31158733395440613,0.8712179942724362,0.715546916946992,-0.6188263649521302,0.02103916907332968,-0.20443117922176018,-0.17721192713349418
2015-05-07,0.7050029992977173,0.8407938780849282,-0.3242498958903287,0.5068871163138805,0.5486648115988951,-0.436204352257251,-0.35031400047380484,0.2386193286479245,0.5333546361609777
2015-05-08,0.6311889552769804,0.9558021751072698,-0.33691245782625123,0.23363895784496375,0.6738263906099677,-0.5883893628363113,-0.9692359497190334,0.2386193286479245,-0.4436743883689274
2015-05-09,0.6865494882925329,0.3999287394992866,-0.0287901173854695,0.5068871163138805,0.5486648115988951,-0.6188263649521302,1.0113142878656927,0.6816698365176094,-0.08839110672171677
2015-05-10,0.3728398012044032,0.4190967890030104,0.5114791918805588,1.1444661527413529,0.6738263906099677,-0.436204352257251,-0.10274522077571516,1.124720344387294,0.5333546361609777
2015-05-11,0.4835608672355074,0.22741629396577495,1.8157230712805799,1.2355488722309917,0.715546916946992,-0.3448933459098288,0.8875298980166457,1.124720344387294,0.2668921749254939
2015-05-12,0.5020143782406918,0.09323994743971027,-0.33691245782625123,-0.22177463960323085,0.4235032325878224,-0.05574182580960059,1.3826674574128273,0.6816698365176094,0.8442275076023248
2015-05-13,0.29902575718366636,0.591609234536522,-0.33691245782625123,0.5979698358035194,0.715546916946992,-0.05574182580960059,-0.9073437547945099,0.2386193286479245,0.00042971369011113775
2015-05-15,1.0740732194013993,0.9558021751072698,-0.33691245782625123,0.05147351886568591,0.21490060090270127,-0.1774898342728591,0.5161767284695112,-0.20443117922176018,-0.35485356795715
2015-05-16,0.3359327791940351,0.47660093751418114,0.43972467424366435,0.962300713762075,0.7572674432840162,-0.4057673501414494,-0.41220619539832837,0.2386193286479245,-0.6657264393984467
2015-05-17,0.5204678892458762,0.45743288801045734,-0.09632378104372301,0.8712179942724362,0.7572674432840162,-0.6492633670679492,0.2686079487714215,0.2386193286479245,-0.7101368496043606
2015-05-18,0.46510735623032373,0.7641216800700343,-0.2989247720184836,0.4158043968242416,0.8407084959580646,-0.7101373712995698,-0.9073437547945099,0.2386193286479245,-0.17721192713349418
2015-05-19,0.46510735623032373,1.0516424226258876,-0.2862622100825611,0.5068871163138805,0.8407084959580646,-0.86232238187863,-1.8357266786623494,0.2386193286479245,-0.4436743883689274
2015-05-20,0.5942819332666124,0.591609234536522,4.20894727716994,0.962300713762075,0.9241495486321131,-0.9688518892839617,0.0829313639978532,0.6816698365176094,-0.3104431577511856
2015-05-21,-0.2730330839770406,0.189080194958328,0.1949151434824953,1.3266315917206308,1.0493111276431857,-0.6340448660100396,-1.5262657040397363,1.124720344387294,0.9774587382199657
2015-05-22,-0.4575681940288817,0.15074409595088037,-0.30736647997576527,1.3266315917206308,0.8407084959580646,-0.573170861778419,-2.0214032634359156,1.5677708522569789,0.17807135451371647
2015-05-23,0.11449064713182526,0.3424245909881158,6.813214181991341,1.7820451891688254,1.1744727066542584,-0.9688518892839617,-0.7216671700209415,1.5677708522569789,-1.1542409516633487
2015-05-24,0.40974682321477124,0.47660093751418114,0.009197568422298085,1.5087970306999086,0.8407084959580646,-1.0297258935155995,-0.16463741570023868,1.5677708522569789,-0.17721192713354467
2015-05-25,1.055619708396215,0.629945333543969,0.9040186118941573,0.7801352747827972,0.4235032325878224,-0.907977885052341,1.5064518472618742,1.5677708522569789,0.3557129953373723
2015-05-26,0.3543862901992188,0.47660093751418114,2.3897592123757345,1.5998797501895474,0.8824290222950889,-0.6492633670679492,-0.350314000473807,1.5677708522569789,0.7554066871904465
2015-05-27,0.7788170433184534,1.0899785216333344,-0.3284707498689695,0.5979698358035194,0.7572674432840162,-0.8471038808207204,-0.9073437547945099,1.5677708522569789,-0.5769056189866187
2015-05-28,0.9448986423651101,1.1858187691519522,-0.2778205021252794,0.32472167733460267,0.7572674432840162,-1.1058183988051298,-0.6597749750964202,1.5677708522569789,-0.7545472598102746
2015-05-29,1.055619708396215,1.3391631651817406,-0.33691245782625123,0.14255623835532483,0.6321058642729436,-0.9231963861102506,-0.7835593649454651,1.124720344387294,0.5333546361609777
2015-05-30,1.055619708396215,0.7641216800700343,-0.04145267932139203,0.32472167733460267,0.46522375892484663,-0.7710113755311904,1.0732064827902141,1.124720344387294,0.44453381574914974
2015-05-31,0.8710845983443739,0.8791299770923752,-0.2567162322320752,0.5068871163138805,0.7572674432840162,-0.8014483776470093,0.0829313639978532,1.124720344387294,-0.08839110672171677
2015-06-01,0.8157240653288215,1.2049868186556754,0.1104980639096784,0.5068871163138805,0.5903853379359193,-0.7101373712995698,-1.1549125344925995,1.124720344387294,0.26689217492554435
2015-06-02,1.055619708396215,0.8407938780849282,-0.10898634297964555,0.32472167733460267,0.5486648115988951,-0.49707835648888893,0.8256377030921244,1.124720344387294,0.6221754565727551
2015-06-04,1.1109802414117669,1.1091465711370576,-0.33691245782625123,-0.13069192011359193,-0.36918676781563786,-0.5579523607205096,0.1448235589223745,0.6816698365176094,-0.17721192713349418
2015-06-05,0.8526310873391896,1.0899785216333344,-0.33691245782625123,0.14255623835532483,0.3817827062507982,-0.8014483776470093,-0.6597749750964202,0.2386193286479245,-0.7101368496043606
2015-06-06,1.0371661973910307,0.9749702246109929,-0.30314562599712447,0.05147351886568591,0.4235032325878224,-0.7405743734153714,0.3305001436959429,0.6816698365176094,0.17807135451376696
2015-06-08,1.0002591753806633,1.0899785216333344,-0.26937879416799765,-0.039609200623953005,0.21490060090270127,-0.6797003691837508,-0.16463741570023646,0.6816698365176094,0.17807135451371647
2015-06-10,0.9633521533702945,0.9941382741147168,0.004976714443657255,0.23363895784496375,0.6321058642729436,-0.8014483776470093,0.02103916907332968,0.6816698365176094,-0.35485356795715
2015-06-11,1.0925267304065838,1.1091465711370576,-0.30314562599712447,0.05147351886568591,0.46522375892484663,-0.6644818681258413,0.08293136399785539,0.6816698365176094,0.40012340554328624
2015-06-12,0.907991620354742,0.6682814325514166,3.748874193498087,0.6890525552931583,0.46522375892484663,-0.6188263649521302,0.8875298980166457,0.6816698365176094,0.1336609443078025
2015-06-13,1.0187126863858462,1.2241548681593992,-0.3200290419116878,0.05147351886568591,0.34006217991377397,-0.7101373712995698,-0.5359905852473754,1.124720344387294,-0.26603274754532213
2015-06-14,1.1478872634221355,0.9941382741147168,-0.2735996481466385,0.05147351886568591,0.3817827062507982,-0.6492633670679492,0.6399611183185561,1.5677708522569789,0.17807135451371647
2015-06-15,1.3324223734739766,0.8791299770923752,-0.11742805093692724,-0.039609200623953005,-0.8281125575229044,-0.4818598554309795,1.6302362371109191,1.5677708522569789,0.4889442259550637
2015-06-16,1.2217013074428718,1.1474826701445053,-0.33691245782625123,-0.13069192011359193,-1.2035972945561224,-0.6644818681258413,0.3923923386204642,1.124720344387294,-0.5324952087807048
2015-06-17,1.1478872634221355,1.2241548681593992,-0.33691245782625123,-0.13069192011359193,-1.1618767682190982,-0.9992888913997806,-0.10274522077571516,0.6816698365176094,-0.9765993108397938
2015-06-18,1.3693293954843453,1.2241548681593992,-0.33691245782625123,-0.4039400785825087,-0.6612304521748075,-1.1058183988051298,0.6399611183185583,0.2386193286479245,-0.31044315775123604
2015-06-20,1.350875884479161,1.3583312146854638,-0.33691245782625123,-0.13069192011359193,-0.4943483468267106,-0.9231963861102506,0.14482355892237672,-0.20443117922176018,0.5333546361609777
2015-06-21,0.9448986423651101,0.8024577790774813,1.8157230712805799,1.1444661527413529,0.5069442852618709,-1.1362554009209314,0.5780689233940325,-0.20443117922176018,-0.6213160291925327
2015-06-22,0.5942819332666124,0.8791299770923752,0.42706211230774194,1.4177143112102697,0.7989879696210405,-1.4254069210211422,-0.8454515598699863,-0.20443117922176018,-0.843368080222052
2015-06-23,0.4282003342199556,0.7449536305663105,1.8283856332165023,1.4177143112102697,0.8407084959580646,-1.3188774136158106,-0.9692359497190312,-0.20443117922176018,0.3113025851314078
2015-06-24,0.7234565103029009,0.7641216800700343,0.07251037810191077,1.053383433251714,0.7572674432840162,-1.1058183988051298,-0.04085302585119384,0.2386193286479245,0.6221754565727551
2015-06-25,0.5389214002510598,0.9174660760998221,0.8660309260863898,1.053383433251714,0.8407084959580646,-1.0297258935155995,-1.1549125344925995,0.6816698365176094,0.2224817647196304
2015-06-26,1.0187126863858462,0.9558021751072698,0.10205635595239673,0.4158043968242416,0.0062979692175801445,-0.9840703903418712,0.33050014369594066,1.124720344387294,0.133660944307853
2015-06-27,1.055619708396215,1.3391631651817406,-0.33691245782625123,0.05147351886568591,-0.6195099258377832,-0.6492633670679492,-0.7835593649454651,1.124720344387294,0.9774587382199657
2015-06-28,1.2586083294532404,1.0133063236184399,-0.2567162322320752,-0.13069192011359193,-0.16058413613051675,-0.46664135437306997,0.9494220929411714,1.124720344387294,0.5333546361609777
2015-07-01,1.0925267304065838,1.3966673136929109,-0.33691245782625123,0.05147351886568591,0.4235032325878224,-1.273221910442082,-0.8454515598699842,0.6816698365176094,-2.3533220272227733
2015-07-03,1.0371661973910307,1.3774992641891877,-0.33691245782625123,0.14255623835532483,0.5069442852618709,-1.4862809252527802,-0.9692359497190334,0.2386193286479245,-0.6213160291925832
2015-07-04,1.295515351463608,1.262490967166846,-0.33691245782625123,-0.039609200623953005,0.4235032325878224,-1.4862809252527802,0.26860794877141936,-0.20443117922176018,0.00042971369011113775
2015-07-05,1.0925267304065838,1.2241548681593992,-0.33691245782625123,0.14255623835532483,0.04801849555460437,-1.4406254220790518,-0.2884218055492813,-0.6474816870914448,0.133660944307853
2015-07-07,1.0925267304065838,0.8791299770923752,-0.33691245782625123,-1.223684553989259,0.04801849555460437,-1.851524950642521,0.8256377030921266,-1.0905321949611295,-1.198651361869313
2015-07-08,0.9264451313599265,0.8599619275886521,-0.33691245782625123,-1.223684553989259,0.5903853379359193,-1.8667434517004307,0.3305001436959429,-1.0905321949611295,-0.04398069651580282
2015-07-09,0.6311889552769804,0.5532731355290751,-0.2524953782534343,-0.31285735909286977,0.8407084959580646,-2.308079982379702,0.3305001436959429,-1.0905321949611295,-1.2874721822810906
2015-07-10,1.0925267304065838,0.629945333543969,0.6887550589834743,0.5068871163138805,0.5903853379359193,-1.8819619527583227,1.6302362371109214,-0.6474816870914448,1.2439211994554493
2015-07-11,1.129433752416951,0.9558021751072698,-0.33691245782625123,-0.31285735909286977,-1.0784357155450497,-1.8971804538162322,0.7018533132430774,-0.6474816870914448,-0.04398069651580282
2015-07-12,1.3139688624687922,1.262490967166846,-0.33691245782625123,-0.22177463960323085,-1.0367151892080255,-1.7449954432371722,0.3305001436959429,-0.6474816870914448,0.44453381574914974
2015-07-13,1.4062364174947128,1.319995115678017,-0.33691245782625123,-0.22177463960323085,-0.36918676781563786,-1.5623734305423103,0.4542845335449877,-0.6474816870914448,0.5333546361609272
2015-07-14,1.350875884479161,1.2433229176631229,-0.33691245782625123,0.05147351886568591,-0.03542255711944408,-1.5928104326581118,0.5161767284695112,-0.6474816870914448,-0.08839110672166628
2015-07-17,1.129433752416951,0.8216258285812045,-0.2862622100825611,0.32472167733460267,0.715546916946992,-1.6841214390055514,1.1350986777147376,-0.20443117922176018,-0.26603274754532213
2015-07-18,1.0371661973910307,1.2241548681593992,-0.3284707498689695,0.32472167733460267,0.5486648115988951,-1.6689029379476419,-0.47409839032285184,-0.20443117922176018,0.04484012389602509
2015-07-20,0.40974682321477124,0.7832897295737575,1.6131220803058195,1.2355488722309917,1.0075906013061615,-1.699339940063461,-1.1549125344925995,-0.20443117922176018,-0.08839110672171677
2015-07-21,0.2067582021577458,0.591609234536522,1.8241647792378617,0.8712179942724362,1.0493111276431857,-0.907977885052341,-1.2168047294171231,0.2386193286479245,2.3097710443971318
2015-07-22,0.3912933122095869,0.3424245909881158,7.737581203313686,1.2355488722309917,1.0493111276431857,-0.6340448660100396,0.20671575384689803,0.6816698365176094,0.7998170973963604
2015-07-23,0.40974682321477124,0.5341050860253512,1.5624718325621292,0.8712179942724362,0.9241495486321131,-0.7101373712995698,-0.35031400047380484,1.124720344387294,-0.22162233733940814
2015-07-24,0.6127354442717967,1.0133063236184399,-0.09632378104372301,0.5068871163138805,0.8407084959580646,-0.86232238187863,-1.216804729417121,1.5677708522569789,-0.4436743883689274
2015-07-25,0.5573749112562443,0.9941382741147168,0.06828952412326994,0.5068871163138805,0.8407084959580646,-0.907977885052341,-1.3405891192661679,1.5677708522569789,-0.13280151692758022
2015-07-26,0.6680959772873485,0.7257855810625867,0.7140801828553193,0.5068871163138805,0.715546916946992,-0.5427338596626001,-0.10274522077571516,1.5677708522569789,1.0662795586317937
2015-07-27,0.8895381093495583,1.0708104721296106,-0.3242498958903287,0.23363895784496375,0.04801849555460437,-0.1774898342728591,-0.47409839032284967,1.5677708522569789,1.0662795586317937
2015-07-29,0.8895381093495583,0.7066175315588635,-0.18074086061653993,0.5068871163138805,-0.03542255711944408,-0.14705283215704015,0.7018533132430795,1.5677708522569789,0.08925053410193905
2015-07-30,0.760363532313269,0.8024577790774813,-0.31158733395440613,0.23363895784496375,0.17318007456567705,-0.22314533744657025,-0.04085302585119384,1.5677708522569789,-0.22162233733940814
2015-07-31,0.9264451313599265,0.7641216800700343,-0.33691245782625123,0.05147351886568591,-0.7863920311858802,-0.23836383850447973,0.6399611183185561,1.124720344387294,-0.04398069651580282
2015-08-01,1.0002591753806633,0.9174660760998221,-0.33691245782625123,0.05147351886568591,0.04801849555460437,-0.20792683638866077,0.3923923386204686,0.6816698365176094,0.08925053410193905
2015-08-02,1.0187126863858462,0.898298026596099,-0.33691245782625123,0.05147351886568591,-0.577789399500759,-0.14705283215704015,0.516176728469509,0.2386193286479245,0.17807135451371647
2015-08-03,1.2032477964376873,0.9941382741147168,-0.33691245782625123,-0.22177463960323085,-1.2453178208931466,-0.2992378427361003,0.8256377030921223,-0.20443117922176018,-0.4436743883689274
2015-08-04,1.2032477964376873,0.898298026596099,-0.33691245782625123,-0.31285735909286977,-1.6208025579263647,-0.6492633670679492,1.1350986777147354,-0.6474816870914448,-1.0210097210457079
2015-08-05,1.2032477964376873,1.0516424226258876,-0.33691245782625123,-0.31285735909286977,-1.704243610600413,-0.9840703903418712,0.6399611183185538,-1.0905321949611295,-0.9765993108397434
2015-08-06,1.16634077442732,1.0899785216333344,-0.33691245782625123,-0.4950227980721476,-1.6208025579263647,-1.1058183988051298,0.3923923386204664,-1.5335827028308142,-0.35485356795715
2015-08-07,1.2032477964376873,1.1666507196482283,-0.33691245782625123,-0.4950227980721476,-1.1618767682190982,-1.3949699189053406,0.26860794877141936,-1.5335827028308142,-0.843368080222052
2015-08-08,1.7568531265932106,1.5116756107152522,-0.33691245782625123,-1.4058499929685369,-0.5360688731637347,-2.140676470742732,1.0113142878656907,-1.5335827028308142,-2.175680386399168
2015-08-09,1.461596950510266,0.9174660760998221,0.15270660369608685,-0.5861055175617865,0.5069442852618709,-2.140676470742732,1.9396972117335345,-1.0905321949611295,0.00042971369011113775
2015-08-10,0.7050029992977173,0.5724411850327988,0.6549882271543475,0.6890525552931583,0.8407084959580646,-1.227566407268371,0.5161767284695112,-0.6474816870914448,2.6650543260443422
2015-08-11,1.1109802414117669,0.8024577790774813,0.3721910105854109,0.32472167733460267,0.3817827062507982,-0.8014483776470093,1.1350986777147354,-0.20443117922176018,1.243921199455399
2015-08-13,0.5204678892458762,0.8216258285812045,0.8238223862999813,0.8712179942724362,0.6738263906099677,-0.7101373712995698,-0.9073437547945077,0.2386193286479245,0.26689217492554435
2015-08-14,0.3728398012044032,0.6682814325514166,0.46082894413686853,1.1444661527413529,0.8407084959580646,-0.7862298765890998,-0.9073437547945099,0.6816698365176094,-0.22162233733940814
2015-08-15,0.3359327791940351,0.5341050860253512,0.7014176209193969,1.053383433251714,0.8407084959580646,-0.6188263649521302,-0.5978827801718944,1.124720344387294,0.4889442259550637
2015-08-16,0.8157240653288215,0.9174660760998221,-0.3326916038476104,0.7801352747827972,0.8407084959580646,-0.6188263649521302,-0.22652961062475999,1.5677708522569789,0.00042971369011113775
2015-08-19,1.1109802414117669,1.1474826701445053,-0.33691245782625123,-0.039609200623953005,-0.36918676781563786,-0.7405743734153714,0.02103916907332748,1.124720344387294,-0.35485356795709955
2015-08-20,0.8157240653288215,0.898298026596099,-0.07944036512915965,0.5979698358035194,-0.03542255711944408,-0.9536333882260695,-0.16463741570023868,1.124720344387294,-0.6213160291925832
2015-08-21,1.2217013074428718,0.9174660760998221,-0.33691245782625123,-0.039609200623953005,0.08973902189162859,-1.5775919316002023,1.1350986777147376,0.6816698365176094,-1.8203971047519067
2015-08-23,1.129433752416951,1.1283146206407815,-0.19340342255246248,-0.7682709565410644,-1.5790820315893404,-1.9123989548741418,0.1448235589223745,0.6816698365176094,-0.9765993108397938
2015-08-24,1.1847942854325044,1.1858187691519522,-0.33691245782625123,-0.6771882370514254,-0.8281125575229044,-1.5471549294844007,0.14482355892237672,0.2386193286479245,1.0662795586317937
2015-08-25,1.4062364174947128,1.1091465711370576,-0.33691245782625123,-1.13260183449962,-1.9128462422855343,-1.0753813966893107,1.1350986777147376,-0.20443117922176018,1.3771524300731408
2015-08-26,0.907991620354742,1.0899785216333344,-0.3284707498689695,0.32472167733460267,0.4235032325878224,-0.6797003691837508,-0.47409839032285184,-0.20443117922176018,1.1551003790436216
2015-08-27,1.0371661973910307,0.936634125603546,-0.33691245782625123,0.14255623835532483,0.29834165357674974,-0.6797003691837508,0.4542845335449877,-0.20443117922176018,0.00042971369011113775
2015-08-29,0.5204678892458762,0.8407938780849282,-0.2989247720184836,0.5979698358035194,0.7989879696210405,-0.9688518892839617,-0.9692359497190312,-0.20443117922176018,-0.843368080222052
2015-08-30,0.2067582021577458,0.7066175315588635,0.07251037810191077,1.3266315917206308,0.8407084959580646,-0.8775408829365394,-1.5881578989642597,0.2386193286479245,0.2668921749254939
2015-09-01,0.3912933122095869,0.6874494820551398,-0.1132071969582864,1.053383433251714,0.7989879696210405,-0.7253558723574792,-0.9073437547945099,0.2386193286479245,0.44453381574914974
2015-09-02,0.1698511801473777,0.45743288801045734,1.3092205938436785,1.5087970306999086,0.8407084959580646,-0.2535823395623892,-0.9073437547945099,0.6816698365176094,1.3771524300731408
2015-09-03,0.40974682321477124,0.7066175315588635,-0.3284707498689695,1.1444661527413529,0.7989879696210405,0.06600618265364064,-0.9073437547945099,1.124720344387294,0.9330483280141022
2015-09-04,1.129433752416951,0.936634125603546,-0.33691245782625123,0.4158043968242416,-0.32746624147861364,0.08122468371155012,0.7637455081676009,0.6816698365176094,0.04484012389602509
2015-09-05,0.9448986423651101,0.9749702246109929,-0.33691245782625123,0.05147351886568591,-1.2453178208931466,-0.22314533744657025,0.02103916907332968,0.6816698365176094,-0.887778490427966
2015-09-06,1.0187126863858462,1.0899785216333344,-0.33691245782625123,0.14255623835532483,-1.0367151892080255,-0.6797003691837508,-0.10274522077571735,0.2386193286479245,-1.3318825924870046
2015-09-07,0.5204678892458762,0.8791299770923752,-0.0287901173854695,0.8712179942724362,0.5903853379359193,-0.8166668787049015,-1.093020339568076,0.2386193286479245,-0.39926397816301346
2015-09-08,0.7234565103029009,0.8216258285812045,-0.33691245782625123,-0.22177463960323085,-0.32746624147861364,-0.4818598554309795,-0.22652961062475999,-0.20443117922176018,0.9774587382199657
2015-09-10,0.8341775763340059,0.8407938780849282,-0.33691245782625123,-0.22177463960323085,-0.8698330838599286,0.0203506794799295,0.0829313639978532,-0.6474816870914448,1.4659732504849687
2015-09-13,0.8157240653288215,0.7066175315588635,-0.33691245782625123,-0.8593536760307032,-0.7863920311858802,0.06600618265364064,0.4542845335449877,-1.0905321949611295,0.1336609443078025
2015-09-14,0.8526310873391896,0.7257855810625867,-0.33691245782625123,-0.5861055175617865,-0.9115536101969528,-0.05574182580960059,0.5161767284695112,-1.0905321949611295,-0.35485356795709955
2015-09-15,0.9448986423651101,0.8407938780849282,-0.33691245782625123,-0.4039400785825087,-0.32746624147861364,-0.1927083353307686,0.4542845335449877,-1.0905321949611295,-0.39926397816306397
2015-09-16,0.7788170433184534,0.9174660760998221,-0.2735996481466385,0.32472167733460267,0.7572674432840162,-0.10139732898332902,-0.35031400047380484,-0.6474816870914448,0.26689217492554435
2015-09-19,0.7050029992977173,0.898298026596099,-0.33691245782625123,0.14255623835532483,-0.03542255711944408,-0.05574182580960059,-0.5359905852473732,-1.0905321949611295,0.133660944307853
2015-09-21,0.3543862901992188,0.6491133830476928,0.3764118645640516,0.32472167733460267,0.8407084959580646,-0.6036078638942207,-0.9073437547945099,-0.6474816870914448,-1.5983450537224377
2015-09-22,0.7788170433184534,0.8024577790774813,-0.21450769244566673,0.7801352747827972,-0.03542255711944408,-0.4057673501414494,0.02103916907332968,-0.20443117922176018,0.5777650463668411
2015-09-24,0.9633521533702945,1.0133063236184399,-0.33691245782625123,-0.039609200623953005,-1.87112571594851,-0.8927593839944316,-0.04085302585119164,-0.20443117922176018,-1.4207034128987819
2015-09-25,1.0002591753806633,1.1474826701445053,-0.33691245782625123,0.05147351886568591,-1.2453178208931466,-1.1666924030367503,-0.35031400047380484,-0.20443117922176018,-0.7989576700161886
2015-09-26,1.0002591753806633,0.9174660760998221,0.093614647995115,0.8712179942724362,0.13145954822865283,-0.8927593839944316,0.3923923386204686,0.2386193286479245,0.7998170973964108
2015-09-27,0.6311889552769804,0.8407938780849282,-0.14275317480877234,0.6890525552931583,0.5486648115988951,-0.6644818681258413,-0.5978827801718967,0.2386193286479245,0.666585866778669
2015-09-28,1.1109802414117669,0.7066175315588635,-0.33691245782625123,-1.4969327124581757,-1.5790820315893404,-0.8927593839944316,1.4445596523373485,0.2386193286479245,-0.6657264393984467
2015-09-29,0.8341775763340059,1.0133063236184399,-0.33691245782625123,-1.9523463099063703,-0.6195099258377832,-1.0601628956314013,-0.47409839032284967,-0.20443117922176018,-0.4880847985748413
2015-10-01,0.907991620354742,0.8216258285812045,-0.3242498958903287,0.32472167733460267,0.6738263906099677,0.06600618265364064,0.3923923386204664,-0.20443117922176018,3.2868000689269863
2015-10-02,0.8895381093495583,0.8407938780849282,-0.04145267932139203,-0.13069192011359193,0.5903853379359193,-0.025304823693798936,0.2686079487714215,0.2386193286479245,-0.26603274754532213
2015-10-03,0.5389214002510598,0.3999287394992866,1.6215637882631009,0.5068871163138805,0.8407084959580646,-0.13183433109913067,0.5161767284695112,0.6816698365176094,-0.3104431577511856
2015-10-04,0.1883046911525621,0.5341050860253512,1.271232908035911,1.3266315917206308,1.1327521803172342,0.0964431847694596,-1.093020339568076,0.6816698365176094,0.666585866778669
2015-10-05,0.1883046911525621,0.629945333543969,0.3215407628417207,1.4177143112102697,0.8407084959580646,0.40081320592757996,-1.4024813141906893,0.6816698365176094,0.8886379178081882
2015-10-06,0.0037695811007210068,0.6107772840402459,1.8030605093446574,1.7820451891688254,0.7572674432840162,0.2334096942906103,-1.9595110685113943,1.124720344387294,-0.4880847985748413
2015-10-07,0.151397669142194,0.5532731355290751,-0.09210292706508218,1.3266315917206308,0.715546916946992,0.0203506794799295,-1.2786969243416444,1.5677708522569789,-0.6213160291925327
2015-10-08,0.5942819332666124,0.7641216800700343,-0.33691245782625123,-0.13069192011359193,-0.577789399500759,-0.31445634379400983,-0.47409839032285184,1.124720344387294,-0.9765993108397938
2015-10-10,-0.03313744090964708,-0.1942807951161429,-0.29470391803984275,-0.039609200623953005,0.715546916946992,0.17253569005898967,0.5161767284695112,1.124720344387294,1.4215628402790548
2015-10-11,-0.8635454361429319,-0.6926500822129553,-0.2524953782534343,0.05147351886568591,0.8407084959580646,0.8269312355489415,-0.659774975096418,1.124720344387294,1.9100773525439565
2015-10-14,0.26211873517329826,0.189080194958328,-0.33691245782625123,-0.22177463960323085,-0.7029509785118317,0.7356202292015019,0.26860794877141936,0.6816698365176094,-0.26603274754532213
2015-10-15,0.3543862901992188,0.189080194958328,-0.33691245782625123,-0.13069192011359193,-2.038007821296607,0.40081320592757996,0.5780689233940325,0.2386193286479245,-0.9765993108397434
2015-10-16,0.4835608672355074,0.22741629396577495,-0.33691245782625123,-0.4039400785825087,-1.9962872949595827,0.18775419111688185,0.8875298980166457,-0.20443117922176018,-0.6213160291925832
2015-10-17,0.7419100213080854,0.2849204424769457,-0.33691245782625123,-0.7682709565410644,-2.1214488739706554,0.12688018688526123,1.5683440421863957,-0.6474816870914448,-0.17721192713349418
2015-10-18,0.4282003342199556,0.2657523929732219,-0.33691245782625123,-0.6771882370514254,-1.0367151892080255,-0.010086322635889457,0.5780689233940347,-0.6474816870914448,-0.39926397816301346
2015-10-19,0.26211873517329826,0.189080194958328,-0.33691245782625123,-1.6790981514374534,0.46522375892484663,-0.36011184696772097,0.26860794877141936,-1.0905321949611295,-1.0210097210456572
2015-10-20,0.4282003342199556,0.32325654148439265,-0.33691245782625123,-1.7701808709270925,0.4235032325878224,-0.6492633670679492,0.3923923386204664,-1.5335827028308142,-0.8433680802221025
2015-10-22,0.7050029992977173,0.6107772840402459,-0.33691245782625123,-0.6771882370514254,-0.8281125575229044,-0.08617882792541955,0.3923923386204664,-1.5335827028308142,1.643614891308574
2015-10-23,0.7234565103029009,0.5149370365216281,-0.33691245782625123,-0.4039400785825087,-0.7446715048488559,0.06600618265364064,0.7637455081676009,-1.5335827028308142,0.44453381574914974
2015-10-25,-0.03313744090964708,0.629945333543969,-0.3284707498689695,-0.039609200623953005,0.3817827062507982,0.6443092228540624,-2.1451876532849603,-1.0905321949611295,1.6880253015144375
2015-10-26,-0.10695148493038391,0.45743288801045734,-0.30736647997576527,0.5068871163138805,0.5486648115988951,0.6443092228540624,-1.8357266786623494,-0.6474816870914448,0.00042971369011113775
2015-10-27,0.6127354442717967,0.4190967890030104,-0.33691245782625123,-0.039609200623953005,-0.8281125575229044,0.46168721015920056,0.7018533132430795,-0.6474816870914448,-0.5324952087807048
2015-10-30,0.5204678892458762,0.6107772840402459,-0.33691245782625123,0.32472167733460267,-0.6195099258377832,0.7964942334331225,-0.22652961062475999,-0.6474816870914448,0.9774587382199657
2015-10-31,0.07758362512145718,0.43826483850673353,-0.315808187933047,0.14255623835532483,-0.07714308345646831,1.1921752609386824,-1.1549125344925995,-0.20443117922176018,1.1551003790436216
2015-11-01,-0.4206611720185136,-0.30928909213848443,-0.33691245782625123,-0.4039400785825087,-0.2857457151415894,1.2682677662282127,-0.41220619539832837,-0.20443117922176018,0.2224817647196304
2015-11-07,0.29902575718366636,0.591609234536522,-0.3242498958903287,0.6890525552931583,0.7989879696210405,0.5682167175645323,-0.9073437547945099,0.2386193286479245,-2.0424491557814766
2015-11-10,-0.16231201794593636,0.36159264049183965,-0.3242498958903287,0.32472167733460267,0.8407084959580646,0.6595277239119719,-1.7119422888133047,0.2386193286479245,0.26689217492554435
2015-11-11,-0.2545795729718569,0.09323994743971027,-0.2904830640612019,0.4158043968242416,0.715546916946992,0.7812757323752304,-1.1549125344926017,0.2386193286479245,0.3557129953373723
2015-11-12,-0.47602170503406604,0.2849204424769457,-0.3242498958903287,0.5979698358035194,0.8407084959580646,0.7204017281435925,-2.5165408228320993,0.6816698365176094,-0.17721192713354467
2015-11-13,-0.2730330839770406,-0.2134488446198667,0.10205635595239673,1.3266315917206308,0.7572674432840162,0.40081320592757996,-0.22652961062475999,1.124720344387294,-0.9321889006338294
2015-11-15,-0.36530063900296117,0.2657523929732219,-0.06255694921459626,1.053383433251714,0.6738263906099677,0.40081320592757996,-2.083295458360439,1.124720344387294,0.00042971369011113775
2015-11-16,-0.16231201794593636,0.2849204424769457,-0.17229915265925827,1.4177143112102697,0.2566211272397255,0.17253569005898967,-1.464373509115215,1.5677708522569789,-0.6657264393984467
2015-11-17,0.07758362512145718,0.43826483850673353,-0.33691245782625123,1.1444661527413529,-0.7029509785118317,0.20297269217479133,-1.1549125344925995,1.124720344387294,0.08925053410188855
2015-11-18,0.4282003342199556,0.38076068999556345,-0.33691245782625123,0.5979698358035194,-1.9962872949595827,0.5225612143908211,0.20671575384689803,0.6816698365176094,0.9330483280141022
2015-11-21,-0.143858506940752,0.3424245909881158,-0.33691245782625123,0.23363895784496375,0.6321058642729436,0.6747462249698813,-1.5881578989642575,0.2386193286479245,0.44453381574914974
2015-11-23,0.29902575718366636,0.30408849198066884,-0.33691245782625123,0.05147351886568591,-0.8698330838599286,0.6290907217961702,0.02103916907332968,-0.20443117922176018,-0.13280151692758022
2015-11-25,-0.2730330839770406,-0.7501542307241261,-0.33691245782625123,-0.6771882370514254,-0.9949946628710012,0.7812757323752304,1.5064518472618742,-0.6474816870914448,0.44453381574914974
2015-11-26,-1.0296270351895893,-1.210187418813491,-0.33691245782625123,-2.3166771878649257,-0.9115536101969528,1.2226122630545015,0.4542845335449877,-1.0905321949611295,1.2883316096613129
2015-11-27,-1.1772551232310624,-1.3060276663321086,-0.33691245782625123,-1.8612635904167314,-0.9949946628710012,1.4965452820968028,0.26860794877141936,-1.5335827028308142,0.7998170973963604
2015-11-28,-0.7159173481014596,-0.5584737356868906,-0.33691245782625123,-0.6771882370514254,-0.7863920311858802,1.5117637831547124,-0.5978827801718967,-1.5335827028308142,0.04484012389602509
2015-11-29,-0.49447521603924977,-0.3476251911459314,-0.33691245782625123,-0.22177463960323085,-1.1618767682190982,1.313923269401941,-0.5359905852473732,-1.5335827028308142,-0.5769056189866187
2015-12-01,-0.3099401059874087,-0.021768349582631272,-0.33691245782625123,0.14255623835532483,0.715546916946992,0.766057231317321,-0.9692359497190312,-1.5335827028308142,-1.5983450537224377
2015-12-05,-1.195708634236246,-1.2293554683172148,0.3257616168203615,0.6890525552931583,0.9658700749691373,0.8878052397805621,-0.04085302585119164,-1.0905321949611295,0.35571299533732176
2015-12-06,-1.6016858763502964,-1.2868596168283852,-0.29470391803984275,-0.13069192011359193,0.9658700749691373,1.3291417704598332,-1.216804729417122,-0.6474816870914448,1.2883316096613129
2015-12-07,-1.380243744288087,-1.2868596168283852,-0.33691245782625123,-0.4950227980721476,0.7572674432840162,1.603074789502152,-0.4740983903228508,-0.6474816870914448,0.7998170973964108
2015-12-08,-1.4356042773036395,-0.9801708247688086,-0.30736647997576527,0.05147351886568591,0.9241495486321131,1.4661082799810012,-1.650050093888781,-0.20443117922176018,-0.39926397816301346
2015-12-09,-1.454057788308824,-0.9993388742725323,1.5455884166475657,1.5998797501895474,1.1327521803172342,0.6443092228540624,-1.650050093888781,0.2386193286479245,-2.3977324374287377
2015-12-11,-0.6974638370962752,-0.8076583792352969,-0.33691245782625123,-0.13069192011359193,0.17318007456567705,0.5834352186224417,0.2686079487714215,0.2386193286479245,-0.17721192713349418
2015-12-12,-1.1218945902155097,-0.5201376366794437,-0.33691245782625123,0.5068871163138805,0.8407084959580646,0.5529982165066402,-2.083295458360439,0.2386193286479245,-0.08839110672166628
2015-12-16,-1.7677674753969537,-1.670220606902856,-0.33691245782625123,-2.5899253463338425,-2.371772031992801,1.5117637831547124,-0.5359905852473743,-0.20443117922176018,2.7982855566620337
2015-12-17,-2.1368376955006356,-2.0344135474736036,-0.33691245782625123,-3.500752541230232,-1.7876846632744616,2.029192819123531,-0.5978827801718967,-0.6474816870914448,1.5103836606908827
2015-12-18,-1.8969420524332423,-2.0727496464810504,-0.33691245782625123,-2.6810080658234816,-2.371772031992801,2.1052853244130607,0.3305001436959429,-0.6474816870914448,0.2224817647196304
2015-12-19,-1.5832323653451126,-1.593548408887962,-0.33691245782625123,-1.4058499929685369,0.13145954822865283,1.9531003138340006,-0.16463741570023868,-1.0905321949611295,-0.4436743883689274
2015-12-20,-1.5094183213243757,-0.9801708247688086,-0.30736647997576527,-0.22177463960323085,0.8407084959580646,1.5117637831547124,-1.8976188735868709,-1.0905321949611295,-1.287472182281141
2015-12-22,-1.1403481012206935,-0.6543139832055084,-0.31158733395440613,0.8712179942724362,0.8407084959580646,1.176956759880773,-1.7119422888133025,-0.6474816870914448,-0.9765993108397938
2015-12-25,-0.9927200131792212,-1.1526832703023202,-0.3284707498689695,-0.22177463960323085,0.8824290222950889,1.1921752609386824,0.3923923386204642,-0.20443117922176018,0.04484012389602509
2015-12-26,-1.3064297002673508,-0.9993388742725323,-0.33691245782625123,-0.31285735909286977,0.7989879696210405,1.2226122630545015,-1.1549125344925995,-0.20443117922176018,0.08925053410193905
2015-12-27,-1.4725112993140077,-0.9993388742725323,-0.3200290419116878,0.5979698358035194,0.9241495486321131,1.5422007852705313,-1.7119422888133025,0.2386193286479245,0.9330483280141022
2015-12-30,-1.3986972552932715,-1.3251957158358325,-0.3200290419116878,0.05147351886568591,0.7572674432840162,1.937881812776074,-0.41220619539832837,0.6816698365176094,1.155100379043571
2016-01-02,-0.9373594801636688,-0.9418347257613615,-0.3242498958903287,0.32472167733460267,0.6321058642729436,1.4356712778651823,-0.10274522077571516,1.124720344387294,-1.4651138231046958
2016-01-03,-1.195708634236246,-0.7884903297315731,-0.10054463502236388,1.5998797501895474,0.9658700749691373,1.0856457535333508,-1.4643735091152128,1.124720344387294,-1.0210097210456572
2016-01-05,-1.0111735241844049,-0.36679324064965524,1.6342263501990235,1.5998797501895474,0.5486648115988951,0.5073427133329117,-2.2070798482094838,1.124720344387294,-1.6871658741342657
2016-01-07,-0.9927200131792212,-0.9801708247688086,-0.33691245782625123,0.14255623835532483,-0.4943483468267106,1.4052342757493632,-0.16463741570023868,0.6816698365176094,2.6206439158384285
2016-01-08,-1.0665340571999573,-1.0760110722874263,-0.33691245782625123,0.05147351886568591,-1.662523084263389,1.2530492651703031,-0.10274522077571516,0.6816698365176094,-0.4436743883689274
2016-01-09,-1.454057788308824,-0.9610027752650847,-0.33691245782625123,0.05147351886568591,0.46522375892484663,1.2226122630545015,-1.7738344837378281,0.2386193286479245,-0.08839110672166628
2016-01-10,-1.5278718323295601,-0.9418347257613615,-0.04567353330003286,0.6890525552931583,0.9658700749691373,0.7508387302594114,-2.083295458360439,0.2386193286479245,-1.3762930026929185
2016-01-11,-1.1772551232310624,-1.0760110722874263,0.9588897136164883,1.1444661527413529,0.9241495486321131,0.5986537196803513,-0.47409839032285184,0.2386193286479245,-0.4436743883689274
2016-01-12,-1.5278718323295601,-1.1526832703023202,-0.33691245782625123,0.14255623835532483,0.7572674432840162,1.1160827556491524,-1.4024813141906913,-0.20443117922176018,1.510383660690832
2016-01-13,-1.490964810319192,-1.516876210873068,-0.33691245782625123,-0.039609200623953005,-1.4121999262412435,1.2530492651703031,-0.10274522077571516,-0.6474816870914448,0.4001234055432357
2016-01-14,-1.7124069423814012,-1.2485235178209382,-0.2904830640612019,0.14255623835532483,0.5486648115988951,1.0247717493017128,-1.7119422888133036,-0.20443117922176018,-0.6657264393984467
2016-01-15,-1.9707560964539785,-1.459372062361897,1.3007788858863967,1.7820451891688254,1.2161932329912828,0.4312502080433816,-1.8976188735868709,0.2386193286479245,-1.731576284340129
2016-01-16,-1.7862209864021374,-1.2676915673246616,0.1822525815465728,1.5998797501895474,1.0493111276431857,0.1420986879431707,-1.8976188735868709,0.6816698365176094,-0.843368080222052
2016-01-17,-1.1403481012206935,-1.4018679138507264,0.7014176209193969,1.1444661527413529,0.46522375892484663,-0.16227133321494963,0.7018533132430795,0.6816698365176094,-0.887778490427966
2016-01-18,-1.6570464093658488,-1.9577413494587093,-0.33691245782625123,-0.13069192011359193,-0.7863920311858802,0.6899647260277908,0.763745508167602,0.2386193286479245,2.487412685220737
2016-01-19,-1.6939534313762168,-1.3060276663321086,-0.33691245782625123,0.05147351886568591,0.6738263906099677,1.1465197577649713,-1.4643735091152128,0.2386193286479245,1.3327420198672268
2016-01-20,-1.8415815194176899,-1.4018679138507264,-0.19762427653110332,1.1444661527413529,1.0075906013061615,1.0704272524754412,-1.650050093888781,0.6816698365176094,-0.22162233733940814
2016-01-21,-1.7862209864021374,-1.344363765339556,-0.3326916038476104,1.5998797501895474,1.3413548120023553,0.7812757323752304,-1.65005009388878,0.6816698365176094,-0.843368080222052
2016-01-22,-1.9523025854487948,-2.264430141518286,0.20757770541841786,1.3266315917206308,1.3413548120023553,0.9638977450700922,0.7637455081676009,0.6816698365176094,0.5333546361609272
2016-01-23,-3.0226062237494733,-2.896975775141163,-0.315808187933047,-0.6771882370514254,1.1327521803172342,2.2118148318183755,-0.783559364945464,0.6816698365176094,3.6420833505741967
2016-01-24,-3.6315720869205483,-3.644529705786381,-0.16807829868061738,-1.4969327124581757,1.1744727066542584,3.353202411161327,-0.4122061953983286,0.6816698365176094,3.3312104791329
2016-01-25,-2.9487921797287364,-3.4145131117416985,-0.33691245782625123,-2.8631735048027593,-1.7876846632744616,3.048832390003206,1.135098677714738,0.6816698365176094,-0.887778490427966
2016-01-27,-2.1183841844954516,-2.3602703890369034,-0.18918256857382162,1.3266315917206308,1.1327521803172342,1.5422007852705313,0.5161767284695112,1.124720344387294,-4.39620089669431
2016-01-28,-1.7308604533865855,-1.4018679138507264,1.456950483096108,1.8731279086584642,1.3413548120023553,0.8573682376647604,-1.2786969243416466,1.124720344387294,-1.9980387455755626
2016-01-29,-1.7308604533865855,-1.1910193693097675,1.047527647167946,1.6909624696791865,0.9658700749691373,0.8117127344910321,-1.9595110685113954,1.124720344387294,-0.1328015169276307
2016-01-30,-1.2695226782569828,-1.133515220798597,-0.33691245782625123,0.962300713762075,0.5069442852618709,1.131301256707062,-0.5978827801718967,0.6816698365176094,0.9330483280141022
2016-01-31,-1.9523025854487948,-1.3060276663321086,-0.3242498958903287,0.7801352747827972,1.0493111276431857,1.1160827556491524,-2.330864238058531,0.6816698365176094,-0.04398069651580282
2016-02-01,-2.063023651479899,-2.187757943503392,0.14004404176016436,1.4177143112102697,1.1744727066542584,1.4661082799810012,0.1448235589223756,0.6816698365176094,1.0218691484259301
2016-02-04,-1.4725112993140077,-1.6893886564065796,-0.33691245782625123,-0.13069192011359193,-0.9532741365339771,1.4052342757493632,0.5161767284695112,0.6816698365176094,-0.17721192713354467
2016-02-05,-1.5094183213243757,-1.881069151443815,-0.33691245782625123,-1.0415191150099812,-2.079728347633631,1.313923269401941,1.0113142878656927,0.2386193286479245,-0.2660327475452716
2016-02-06,-1.7308604533865855,-2.0919176959847743,-0.33691245782625123,-3.500752541230232,-2.288330979318752,1.8770078085444706,0.9494220929411692,-0.20443117922176018,1.643614891308574
2016-02-07,-1.6016858763502964,-2.34110233953318,-0.33691245782625123,-3.7740006996991484,-2.7472567690260186,2.059629821239315,2.187265991431623,-0.6474816870914448,0.5333546361608766
2016-02-08,-1.3248832112725346,-2.01524549796988,-0.33691245782625123,-2.3166771878649257,-2.8306978217000673,1.7248227979653932,2.0634816015825783,-0.6474816870914448,-0.9765993108397434
2016-02-09,-1.0296270351895893,-1.804396953428921,-0.33691245782625123,-2.134511748885648,-1.6208025579263647,1.2530492651703031,2.3729425762051903,-1.0905321949611295,-1.3762930026929185
2016-02-10,-1.7493139643917692,-1.3060276663321086,-0.3284707498689695,-1.223684553989259,0.3817827062507982,0.7508387302594114,-1.650050093888781,-1.0905321949611295,-1.4651138231046958
2016-02-12,-0.9558129911688524,-0.865162527746467,-0.3326916038476104,1.5998797501895474,0.7572674432840162,0.12688018688526123,-0.41220619539832837,-0.6474816870914448,-1.8203971047519572
2016-02-13,-0.16231201794593636,-0.15594469610869596,-0.33691245782625123,1.053383433251714,0.34006217991377397,-0.010086322635889457,-0.04085302585119384,-0.6474816870914448,-0.39926397816301346
2016-02-15,-1.7124069423814012,-2.053581596977327,-0.3242498958903287,-1.223684553989259,0.8407084959580646,1.7856968021970137,0.8875298980166468,-0.20443117922176018,5.240858117986746
2016-02-16,-2.1552912065058196,-2.1494218444959445,-0.33691245782625123,-1.3147672734788978,0.8824290222950889,1.9531003138340006,-0.2884218055492835,-0.20443117922176018,0.48894422595511416
2016-02-17,-2.2844657835421085,-2.01524549796988,-0.26515794018935684,-0.039609200623953005,0.9658700749691373,1.7552598000811948,-1.1549125344925995,0.2386193286479245,-0.5769056189867198
2016-02-18,-2.173744717511004,-1.9960774484661565,-0.19340342255246248,1.053383433251714,1.1327521803172342,1.4204527768072728,-0.8454515598699863,0.6816698365176094,-0.9765993108397434
2016-02-19,-1.9338490744436103,-1.4402040128581737,-0.151194882766054,0.962300713762075,1.09103165398021,1.176956759880773,-1.8357266786623483,0.6816698365176094,-0.7101368496043606
2016-02-20,-1.2326156562466142,-1.842733052436368,-0.23561196233887094,-0.9504363955203422,-0.5360688731637347,1.6182932905600613,1.8159128218844875,0.6816698365176094,1.2883316096613633
2016-02-22,-1.6939534313762168,-1.4402040128581737,-0.315808187933047,1.2355488722309917,0.8407084959580646,1.2226122630545015,-1.0311281446435536,1.124720344387294,-1.1542409516633991
2016-02-23,-1.860035030422874,-1.6127164583916855,-0.315808187933047,1.3266315917206308,0.8407084959580646,1.4813267810388935,-1.0311281446435547,1.124720344387294,0.7554066871904465
2016-02-25,-1.8415815194176899,-1.6510525573991326,-0.33691245782625123,-0.13069192011359193,0.7989879696210405,2.485747850860711,-0.8454515598699863,1.124720344387294,2.931516787279826
2016-02-28,-1.0849875682051418,-1.6893886564065796,-0.33691245782625123,-0.4950227980721476,-0.7863920311858802,1.7096042969074836,1.8159128218844853,0.6816698365176094,-2.264501206811046
2016-02-29,-0.36530063900296117,-1.4785401118656205,-0.33691245782625123,-1.4969327124581757,-2.038007821296607,1.8009153032549405,3.5488942797711207,0.2386193286479245,0.26689217492559486
2016-03-01,-1.3064297002673508,-1.4402040128581737,-0.33691245782625123,-0.4039400785825087,-1.0367151892080255,1.8465708064286517,0.26860794877142047,-0.20443117922176018,0.1336609443078025
2016-03-02,-1.1403481012206935,-1.4785401118656205,-0.33691245782625123,-0.4950227980721476,-1.495640978915292,1.7096042969074836,0.9494220929411703,-0.6474816870914448,-0.39926397816306397
2016-03-03,-0.5498357490548023,-1.2868596168283852,-0.33691245782625123,-0.22177463960323085,-0.9115536101969528,1.2682677662282127,2.3110503812806678,-1.0905321949611295,-1.2874721822810906
2016-03-04,-0.6605568150859071,-0.7693222802278492,-0.33691245782625123,0.4158043968242416,0.13145954822865283,0.842149736606851,0.26860794877141936,-1.5335827028308142,-1.2430617720751767
2016-03-06,-0.16231201794593636,-0.5584737356868906,-0.33691245782625123,0.14255623835532483,0.17318007456567705,0.4921242122750022,1.2588830675637823,-1.5335827028308142,-1.0210097210457079
2016-03-07,-1.0111735241844049,-0.6159778841980614,-0.3284707498689695,1.2355488722309917,0.34006217991377397,0.3551577027538515,-1.4024813141906893,-1.0905321949611295,-0.39926397816301346
2016-03-08,-0.9742665021740369,-0.6159778841980614,-0.33691245782625123,1.4177143112102697,0.8407084959580646,-0.010086322635889457,-1.2786969243416444,-1.0905321949611295,-1.0654201312515712
2016-03-09,-0.7159173481014596,-0.9610027752650847,0.3173199088630798,1.5998797501895474,0.8407084959580646,-0.010086322635889457,0.7018533132430774,-0.6474816870914448,0.00042971369011113775
2016-03-10,-1.7677674753969537,-2.3219342900294566,0.3721910105854109,1.4177143112102697,1.0493111276431857,1.055208751417532,1.5683440421863957,-0.20443117922176018,3.109158428103381
2016-03-11,-2.3029192945472925,-2.3219342900294566,-0.3326916038476104,-0.039609200623953005,1.0493111276431857,1.5269822842126217,-0.22652961062475999,0.2386193286479245,1.3771524300731408
2016-03-12,-2.2660122725369245,-1.804396953428921,-0.3326916038476104,0.8712179942724362,1.3413548120023553,0.7812757323752304,-1.773834483737826,0.6816698365176094,-2.175680386399168
2016-03-13,-1.8046744974073217,-1.4785401118656205,-0.04989438727867373,1.6909624696791865,1.2996342856653311,0.2942836985222309,-1.2786969243416455,1.124720344387294,-1.4207034128988323
2016-03-14,-1.8969420524332423,-1.516876210873068,-0.30314562599712447,0.5068871163138805,0.8824290222950889,0.8269312355489415,-1.4643735091152128,1.124720344387294,1.554794070896746
2016-03-16,-1.9338490744436103,-1.5360442603767914,-0.2904830640612019,1.1444661527413529,1.3413548120023553,0.370376203811761,-1.5262657040397352,1.5677708522569789,-1.3318825924870046
2016-03-17,-1.7308604533865855,-1.2485235178209382,-0.2440536702961526,1.7820451891688254,1.2161932329912828,0.26384669640641195,-1.773834483737827,1.5677708522569789,-0.31044315775123604
2016-03-20,-0.6790103260910909,-0.865162527746467,-0.3242498958903287,1.2355488722309917,1.1744727066542584,0.32472070063804986,0.5161767284695112,1.5677708522569789,0.17807135451376696
2016-03-21,-1.5832323653451126,-1.09517912179115,2.1787165134436925,1.5998797501895474,1.1327521803172342,0.33993920169594205,-1.773834483737826,1.5677708522569789,0.044840123895974596
2016-03-22,-1.7493139643917692,-1.1910193693097675,-0.26515794018935684,1.6909624696791865,1.3413548120023553,0.12688018688526123,-2.0214032634359165,1.5677708522569789,-0.6213160291925327
2016-03-23,-1.1403481012206935,-0.9610027752650847,0.030301838315502313,1.7820451891688254,1.1327521803172342,0.035569180537821675,-0.7216671700209415,1.5677708522569789,-0.26603274754532213
2016-03-24,-1.675499920371033,-1.804396953428921,1.072852771039791,1.8731279086584642,1.2996342856653311,1.1617382588228808,0.20671575384689803,1.5677708522569789,3.2868000689270365
2016-03-25,-2.044570140474715,-2.01524549796988,-0.2778205021252794,-0.22177463960323085,0.8407084959580646,1.7248227979653932,-0.3503140004738059,1.5677708522569789,1.6436148913085236
2016-03-26,-1.2141621452414304,-1.8235650029326445,-0.33691245782625123,-0.8593536760307032,-1.9128462422855343,1.679167294791682,1.8159128218844864,1.124720344387294,-0.13280151692758022
2016-03-27,-0.8081849031273801,-1.4402040128581737,-0.33691245782625123,-1.7701808709270925,-2.038007821296607,1.7552598000811948,1.9396972117335312,0.6816698365176094,0.22248176471957992
2016-03-28,-1.2695226782569828,-1.3251957158358325,-0.33691245782625123,-1.13260183449962,-0.41090729415266214,1.7552598000811948,0.02103916907332968,0.2386193286479245,0.00042971369011113775
2016-03-31,-0.23612606196667252,-0.5776417851906138,-0.33691245782625123,0.7801352747827972,0.6321058642729436,0.41603170698547215,1.0732064827902141,-0.20443117922176018,-3.9076863844294083
2016-04-01,-0.2730330839770406,-0.424297389160826,-0.33691245782625123,0.7801352747827972,0.6321058642729436,0.2942836985222309,0.4542845335449899,-0.6474816870914448,-0.35485356795709955
2016-04-03,-0.05159095191483145,-0.2134488446198667,-0.33691245782625123,0.8712179942724362,0.8407084959580646,0.30950219958014036,0.5161767284695112,-1.0905321949611295,0.04484012389602509
2016-04-04,0.24366522416811454,-0.2709529931310375,-0.15541573674469486,0.962300713762075,0.6738263906099677,-0.010086322635889457,1.6921284320354426,-1.0905321949611295,-0.9321889006338799
2016-04-06,-0.05159095191483145,-0.11760859710124899,-0.33691245782625123,1.2355488722309917,0.6321058642729436,0.11166168582735177,0.20671575384689803,-1.0905321949611295,0.35571299533732176
2016-04-07,0.022223092105904722,0.054903848432262634,-0.33691245782625123,1.2355488722309917,0.6738263906099677,0.0964431847694596,-0.10274522077571516,-1.0905321949611295,-0.04398069651575233
2016-04-10,-0.08849797392519954,-0.15594469610869596,0.5958962714533758,1.3266315917206308,1.0493111276431857,-0.5122968575467811,0.20671575384689803,-0.6474816870914448,-1.775986694546043
2016-04-11,-0.7343708591066433,-0.3859612901533784,-0.3200290419116878,1.2355488722309917,0.8824290222950889,-0.3753303480256304,-1.2168047294171231,-0.20443117922176018,0.4001234055432357
2016-04-12,-1.0111735241844049,-0.424297389160826,0.1442648957388052,1.5087970306999086,0.8407084959580646,-0.5275153586046906,-2.0214032634359156,0.2386193286479245,-0.4436743883689274
2016-04-13,-0.3099401059874087,-0.23261689412359055,2.887819981855355,1.8731279086584642,1.0493111276431857,-1.0753813966893107,-0.2884218055492813,0.6816698365176094,-1.5983450537224377
2016-04-14,-0.291486594982225,-0.09844054759752519,-0.30736647997576527,1.8731279086584642,0.8407084959580646,-0.6188263649521302,-0.6597749750964202,0.6816698365176094,1.3327420198672268
2016-04-15,-0.6051962820703547,-0.29012104263476063,-0.19340342255246248,1.7820451891688254,0.8407084959580646,-0.1774898342728591,-1.0930203395680782,1.124720344387294,1.2883316096613129
2016-04-18,-0.014683929904463364,-0.3859612901533784,0.6634299351116292,0.8712179942724362,0.5486648115988951,0.2790651974643214,1.1969908726392589,1.5677708522569789,1.3327420198672268
2016-04-22,-0.12540499593556761,-0.2134488446198667,0.013418422400938991,1.1444661527413529,0.5486648115988951,-0.2840193416781909,0.2686079487714215,1.5677708522569789,-1.642755463928301
2016-04-23,0.1698511801473777,0.09323994743971027,-0.21872854642430756,0.962300713762075,0.5486648115988951,-0.6644818681258413,0.26860794877141936,1.5677708522569789,-1.1098305414574852
2016-04-24,-0.12540499593556761,0.20824824446205112,1.4105210893310587,1.4177143112102697,0.6738263906099677,-0.5883893628363113,-1.093020339568076,1.5677708522569789,0.2224817647196304
2016-04-25,0.29902575718366636,0.3424245909881158,0.18647343552521364,1.1444661527413529,0.6321058642729436,-0.4209858511993589,-0.10274522077571516,1.5677708522569789,0.4889442259550132
2016-04-27,0.4282003342199556,0.629945333543969,-0.2989247720184836,0.6890525552931583,0.6321058642729436,-0.6644818681258413,-0.5978827801718944,1.5677708522569789,-0.7101368496043101
2016-04-28,0.26211873517329826,0.4957689870179043,-0.26515794018935684,0.5979698358035194,0.4235032325878224,-0.3296748448519193,-0.7216671700209415,1.5677708522569789,0.9774587382199657
2016-04-30,-0.623649793075539,-0.2517849436273137,-0.2735996481466385,0.23363895784496375,0.8824290222950889,-0.05574182580960059,-1.2786969243416466,1.5677708522569789,0.7998170973964108
2016-05-01,-0.623649793075539,-0.32845714164220824,-0.20606598448838498,1.3266315917206308,0.9241495486321131,-0.16227133321494963,-1.0311281446435547,1.5677708522569789,-0.31044315775123604
2016-05-02,0.5573749112562443,0.13157604644715723,-0.3242498958903287,1.053383433251714,0.5903853379359193,-0.23836383850447973,1.4445596523373507,1.5677708522569789,-0.22162233733940814
2016-05-03,0.7419100213080854,0.13157604644715723,0.9588897136164883,0.7801352747827972,0.6738263906099677,-0.1774898342728591,2.063481601582577,1.5677708522569789,0.17807135451371647
2016-05-05,0.760363532313269,0.7832897295737575,-0.33691245782625123,0.5979698358035194,0.715546916946992,-0.31445634379400983,0.02103916907332968,1.124720344387294,-0.39926397816301346
2016-05-06,0.6865494882925329,0.9749702246109929,-0.33691245782625123,0.5068871163138805,0.6738263906099677,-0.4057673501414494,-0.8454515598699863,0.6816698365176094,-0.26603274754532213
2016-05-07,0.7788170433184534,0.9558021751072698,-0.33691245782625123,0.32472167733460267,0.04801849555460437,-0.2992378427361003,-0.47409839032285184,0.2386193286479245,0.3113025851314583
2016-05-08,0.8157240653288215,0.9941382741147168,-0.33691245782625123,0.4158043968242416,0.5069442852618709,-0.1774898342728591,-0.47409839032285184,-0.20443117922176018,0.35571299533732176
2016-05-09,0.7050029992977173,0.9174660760998221,-0.33691245782625123,0.32472167733460267,0.04801849555460437,-0.3753303480256304,-0.5978827801718944,-0.6474816870914448,-0.5769056189866187
2016-05-10,0.29902575718366636,0.30408849198066884,2.208262491294178,0.8712179942724362,0.6738263906099677,-0.6797003691837508,0.02103916907332968,-0.6474816870914448,-0.887778490427966
2016-05-11,0.3728398012044032,0.2465843434694981,-0.33691245782625123,-0.22177463960323085,-0.2440251888045652,-0.6036078638942207,0.4542845335449899,-1.0905321949611295,0.2224817647196304
2016-05-14,0.1698511801473777,0.36159264049183965,-0.13853232083013148,1.053383433251714,0.7572674432840162,0.24862819534851976,-0.5978827801718967,-0.6474816870914448,2.487412685220737
2016-05-15,0.5573749112562443,0.43826483850673353,-0.29470391803984275,0.6890525552931583,0.29834165357674974,-0.07096032686751007,0.4542845335449899,-0.20443117922176018,-0.9321889006338799
2016-05-16,0.05913011411627346,0.07407189793598645,-0.3242498958903287,-0.4039400785825087,0.04801849555460437,-0.20792683638866077,-0.04085302585119164,0.2386193286479245,-0.39926397816301346
2016-05-17,-0.4022076610133292,0.20824824446205112,-0.2862622100825611,0.23363895784496375,0.7572674432840162,-0.04052332475170842,-2.0214032634359156,0.6816698365176094,0.4889442259550132
2016-05-18,-0.08849797392519954,0.2465843434694981,-0.33691245782625123,-0.13069192011359193,0.46522375892484663,-0.08617882792541955,-1.093020339568076,0.6816698365176094,-0.13280151692758022
2016-05-20,-0.10695148493038391,0.4190967890030104,0.342645032734925,1.5087970306999086,0.8407084959580646,-0.86232238187863,-1.7119422888133047,0.6816698365176094,-2.2645012068109955
2016-05-21,0.28057224617848264,0.4957689870179043,1.2501286381427068,0.962300713762075,0.3817827062507982,-1.0145073924576902,-0.659774975096418,1.124720344387294,-0.4436743883689274
2016-05-22,0.7419100213080854,0.6107772840402459,-0.33691245782625123,-0.039609200623953005,-0.20230466246754097,-0.7253558723574792,0.5161767284695112,0.6816698365176094,0.8442275076022743
2016-05-26,0.5020143782406918,0.8791299770923752,-0.3326916038476104,0.6890525552931583,0.6738263906099677,-0.7557928744732809,-1.1549125344925995,0.6816698365176094,-0.08839110672166628
2016-05-27,0.4282003342199556,0.7449536305663105,0.2708905150980305,1.053383433251714,0.8407084959580646,-0.93841488716816,-0.9692359497190312,0.6816698365176094,-0.5324952087807553
2016-05-28,0.6496424662821648,0.45743288801045734,2.3180046947388404,1.053383433251714,0.8824290222950889,-0.7557928744732809,0.7018533132430795,0.6816698365176094,0.5333546361609777
2016-05-29,0.7788170433184534,0.9749702246109929,-0.30314562599712447,0.5979698358035194,0.3817827062507982,-0.7101373712995698,-0.5359905852473732,1.124720344387294,0.1336609443078025
2016-05-30,0.9818056643754789,1.1283146206407815,-0.3326916038476104,0.23363895784496375,0.21490060090270127,-0.573170861778419,-0.35031400047380484,1.124720344387294,0.4001234055432357
2016-05-31,0.9264451313599265,1.262490967166846,-0.33691245782625123,0.14255623835532483,0.17318007456567705,-0.46664135437306997,-0.9692359497190312,0.6816698365176094,0.3113025851314583
2016-06-01,1.1109802414117669,1.2433229176631229,-0.33691245782625123,0.23363895784496375,0.21490060090270127,-0.7253558723574792,-0.2884218055492857,0.6816698365176094,-0.7545472598102746
2016-06-02,1.1478872634221355,1.262490967166846,-0.33691245782625123,0.14255623835532483,-0.41090729415266214,-0.9992888913997806,-0.22652961062475999,0.2386193286479245,-0.798957670016138
2016-06-04,1.295515351463608,0.4957689870179043,0.18647343552521364,0.5068871163138805,0.29834165357674974,-0.7101373712995698,2.744295745752325,0.2386193286479245,0.8442275076022743
2016-06-05,0.6680959772873485,0.5532731355290751,-0.01612755544954697,0.7801352747827972,0.7989879696210405,-0.573170861778419,0.4542845335449877,0.2386193286479245,0.4001234055432357
2016-06-06,0.4282003342199556,0.5149370365216281,2.938470229599045,1.2355488722309917,0.5069442852618709,-0.573170861778419,-0.22652961062475999,0.2386193286479245,0.00042971369011113775
2016-06-07,0.7234565103029009,0.8024577790774813,-0.3200290419116878,0.7801352747827972,0.29834165357674974,-0.6797003691837508,-0.16463741570023868,0.2386193286479245,-0.3104431577511856
2016-06-08,0.5942819332666124,0.38076068999556345,1.625784642241742,1.053383433251714,0.715546916946992,-0.9536333882260695,0.7637455081676009,0.6816698365176094,-0.7989576700161886
2016-06-10,0.7972705543236378,0.8599619275886521,0.04718525423006571,1.053383433251714,0.5069442852618709,-1.0449443945734918,-0.10274522077571516,1.124720344387294,-0.2660327475452716
2016-06-11,0.1883046911525621,0.629945333543969,3.271917693911672,1.4177143112102697,0.715546916946992,-1.0145073924576902,-1.4024813141906893,1.5677708522569789,0.08925053410188855
2016-06-12,0.44665384522513935,0.629945333543969,0.8533683641504672,1.4177143112102697,1.1744727066542584,-1.0449443945734918,-0.5359905852473732,1.5677708522569789,-0.08839110672166628
2016-06-13,0.8710845983443739,1.2241548681593992,-0.3326916038476104,0.5979698358035194,0.9241495486321131,-1.1514739019788407,-1.0311281446435547,1.5677708522569789,-0.31044315775123604
2016-06-15,0.9633521533702945,1.3774992641891877,-0.31158733395440613,0.14255623835532483,0.7572674432840162,-1.1058183988051298,-1.2168047294171231,1.5677708522569789,0.1336609443078025
2016-06-16,0.8526310873391896,1.1666507196482283,-0.21872854642430756,0.4158043968242416,0.8407084959580646,-0.8927593839944316,-0.9073437547945099,1.5677708522569789,0.6221754565728055
2016-06-17,0.9818056643754789,0.8791299770923752,-0.23139110836023008,0.4158043968242416,0.715546916946992,-0.6644818681258413,0.4542845335449899,1.5677708522569789,0.666585866778669
2016-06-18,0.7419100213080854,1.0708104721296106,0.21601941337569952,0.5068871163138805,0.5486648115988951,-0.31445634379400983,-0.9692359497190312,1.5677708522569789,1.0218691484258797
2016-06-19,1.3693293954843453,1.0899785216333344,-0.33691245782625123,0.23363895784496375,-1.1201562418820739,-0.3448933459098288,1.0732064827902164,1.124720344387294,-0.08839110672171677
2016-06-21,1.2770618404584249,1.262490967166846,-0.33691245782625123,-0.22177463960323085,-0.7029509785118317,-0.49707835648888893,0.20671575384690022,0.6816698365176094,-0.4436743883689274
2016-06-22,1.2770618404584249,1.2241548681593992,-0.33691245782625123,-0.22177463960323085,-1.495640978915292,-0.46664135437306997,0.33050014369594505,0.2386193286479245,0.08925053410193905
2016-06-23,1.350875884479161,1.2049868186556754,-0.33691245782625123,-0.4950227980721476,-1.9962872949595827,-0.6340448660100396,0.6399611183185583,-0.20443117922176018,-0.4880847985748413
2016-06-24,1.5538645055361864,1.28165901667057,-0.33691245782625123,-0.4950227980721476,-1.2453178208931466,-0.6797003691837508,1.0732064827902164,-0.6474816870914448,-0.13280151692758022
2016-06-25,1.6092250385517384,1.3008270661742931,-0.33691245782625123,-0.31285735909286977,-1.2035972945561224,-0.5579523607205096,1.196990872639261,-1.0905321949611295,0.35571299533732176
2016-06-27,1.5354109945310022,1.2433229176631229,-0.26515794018935684,0.05147351886568591,-0.2857457151415894,-0.7710113755311904,1.1350986777147376,-1.0905321949611295,-0.6213160291925327
2016-06-28,1.0187126863858462,0.8024577790774813,1.2290243682495026,0.6890525552931583,0.6321058642729436,-0.7710113755311904,0.8256377030921223,-0.6474816870914448,0.00042971369011113775
2016-06-29,1.2032477964376873,1.0324743731221637,0.5241417538164812,0.8712179942724362,0.46522375892484663,-0.39054884908353993,0.7018533132430774,-0.20443117922176018,1.1106899688377077
2016-06-30,1.16634077442732,1.0899785216333344,-0.260937086210716,0.23363895784496375,0.6321058642729436,-0.3448933459098288,0.3923923386204664,0.2386193286479245,0.1336609443078025
2016-07-01,1.1478872634221355,1.0708104721296106,-0.19340342255246248,0.14255623835532483,0.4235032325878224,-0.5579523607205096,0.3923923386204664,0.6816698365176094,-0.6213160291925327
2016-07-02,0.9633521533702945,0.9174660760998221,0.5410251697310448,0.4158043968242416,0.7572674432840162,-0.5275153586046906,0.2686079487714215,1.124720344387294,0.08925053410193905
2016-07-03,0.8710845983443739,0.9941382741147168,-0.2229494004029484,0.4158043968242416,0.6738263906099677,-0.5883893628363113,-0.2884218055492835,1.5677708522569789,-0.17721192713349418
2016-07-04,1.1478872634221355,1.1283146206407815,-0.1765200066378991,0.05147351886568591,0.6321058642729436,-0.907977885052341,0.20671575384689803,1.5677708522569789,-0.9321889006338799
2016-07-05,1.0740732194013993,0.7066175315588635,0.07673123208055167,0.8712179942724362,0.8407084959580646,-0.7710113755311904,1.320775262488306,1.5677708522569789,0.4001234055432357
2016-07-06,0.3728398012044032,0.4957689870179043,1.0812944789970729,1.4177143112102697,0.8407084959580646,-0.6340448660100396,-0.35031400047380484,1.5677708522569789,0.4001234055432357
2016-07-08,1.3693293954843453,1.1474826701445053,-0.33691245782625123,-0.22177463960323085,-0.9115536101969528,-1.7602139442950815,0.887529898016648,1.124720344387294,-3.2859406415467642
2016-07-09,1.6276785495569226,0.8216258285812045,0.0978355019737559,-0.22177463960323085,-0.45262782048968636,-2.0645839654532017,2.8061879406768506,1.124720344387294,-0.887778490427966
2016-07-10,0.8341775763340059,0.7832897295737575,-0.26515794018935684,0.32472167733460267,0.8407084959580646,-1.8667434517004307,0.2686079487714215,1.124720344387294,0.5777650463668411
2016-07-11,0.7972705543236378,0.7641216800700343,0.15692745767472768,0.6890525552931583,0.8824290222950889,-1.5775919316002023,0.20671575384689803,1.124720344387294,0.8442275076023248
2016-07-12,0.40974682321477124,0.936634125603546,-0.3326916038476104,0.5979698358035194,0.8407084959580646,-1.33409591467372,-1.650050093888781,1.124720344387294,0.7109962769845325
2016-07-13,0.907991620354742,0.6682814325514166,1.1488281426553266,0.8712179942724362,0.5903853379359193,-1.1514739019788407,0.8875298980166457,1.124720344387294,0.5333546361609777
2016-07-14,0.6496424662821648,0.8216258285812045,0.093614647995115,0.7801352747827972,0.6321058642729436,-0.8775408829365394,-0.47409839032284967,1.124720344387294,0.7998170973963604
2016-07-15,1.1478872634221355,1.2433229176631229,-0.29470391803984275,0.32472167733460267,0.4235032325878224,-0.8471038808207204,-0.16463741570023868,1.5677708522569789,0.08925053410193905
2016-07-16,1.1847942854325044,1.319995115678017,-0.3242498958903287,0.14255623835532483,0.04801849555460437,-0.6797003691837508,-0.2884218055492813,1.5677708522569789,0.4889442259550637
2016-07-17,1.1847942854325044,1.319995115678017,-0.33691245782625123,0.05147351886568591,0.04801849555460437,-0.6188263649521302,-0.2884218055492813,1.124720344387294,0.17807135451371647
2016-07-18,1.0371661973910307,1.262490967166846,-0.31158733395440613,-0.31285735909286977,0.17318007456567705,-0.7710113755311904,-0.5978827801718967,1.124720344387294,-0.4436743883689274
2016-07-19,1.0187126863858462,0.8791299770923752,-0.151194882766054,0.14255623835532483,0.4235032325878224,-0.7101373712995698,0.5780689233940325,1.124720344387294,0.17807135451371647
2016-07-20,0.9448986423651101,0.6682814325514166,0.3721910105854109,0.4158043968242416,0.08973902189162859,-0.4209858511993589,1.0113142878656907,1.124720344387294,0.8442275076022743
2016-07-21,1.2032477964376873,1.0324743731221637,-0.3242498958903287,-0.13069192011359193,-0.7863920311858802,-0.2535823395623892,0.7018533132430774,1.124720344387294,0.4889442259550637
2016-07-22,1.129433752416951,1.1474826701445053,-0.33691245782625123,-0.13069192011359193,-1.6208025579263647,-0.3448933459098288,0.082931363997851,0.6816698365176094,-0.26603274754532213
2016-07-23,1.1109802414117669,1.1283146206407815,-0.33691245782625123,-0.039609200623953005,-1.495640978915292,-0.5579523607205096,0.082931363997851,0.2386193286479245,-0.6213160291925327
2016-07-24,1.3324223734739766,1.1283146206407815,-0.33691245782625123,-0.4950227980721476,-1.9545667686225585,-0.6340448660100396,0.8256377030921244,0.2386193286479245,-0.22162233733940814
2016-07-25,1.5169574835258177,1.1858187691519522,-0.33691245782625123,-0.31285735909286977,-1.662523084263389,-0.6036078638942207,1.2588830675637823,-0.20443117922176018,0.08925053410193905
2016-07-26,0.9633521533702945,0.936634125603546,0.0007558604650164249,0.5979698358035194,-0.45262782048968636,-0.6492633670679492,0.20671575384689803,-0.20443117922176018,-0.1328015169276307
2016-07-28,1.129433752416951,1.1474826701445053,-0.33691245782625123,-0.31285735909286977,-1.6208025579263647,-0.436204352257251,0.082931363997851,-0.6474816870914448,0.6221754565728055
2016-07-29,1.2770618404584249,1.0516424226258876,-0.33691245782625123,-0.31285735909286977,-1.495640978915292,-0.6188263649521302,0.887529898016648,-1.0905321949611295,-0.5324952087807553
2016-07-31,1.3139688624687922,0.936634125603546,-0.2862622100825611,-0.31285735909286977,-0.8698330838599286,-1.1362554009209314,1.3826674574128273,-0.6474816870914448,-1.5095242333106098
2016-08-01,0.8895381093495583,0.898298026596099,-0.14275317480877234,-0.13069192011359193,0.715546916946992,-2.095020967569021,0.0829313639978532,-0.20443117922176018,-2.7974261292818623
2016-08-02,0.5020143782406918,0.5724411850327988,4.770320856329172,0.962300713762075,1.0493111276431857,-2.5363574982482917,-0.16463741570023868,0.2386193286479245,-1.2874721822810906
2016-08-03,0.1883046911525621,0.7641216800700343,0.3932952804786151,1.4177143112102697,0.7572674432840162,-0.9536333882260695,-1.8357266786623494,0.6816698365176094,4.619112375104102
2016-08-04,0.3359327791940351,0.7641216800700343,0.5452460237096854,1.5087970306999086,0.5903853379359193,-0.5883893628363113,-1.3405891192661679,0.6816698365176094,1.066279558631844
2016-08-06,1.1847942854325044,1.0133063236184399,-0.33691245782625123,-0.039609200623953005,-1.3287588735671951,-1.1514739019788407,0.7018533132430818,0.6816698365176094,-1.6427554639283517
2016-08-07,1.2217013074428718,1.1666507196482283,-0.33691245782625123,0.23363895784496375,-0.2857457151415894,-1.4862809252527802,0.3305001436959429,0.6816698365176094,-0.9765993108397938
2016-08-08,1.2217013074428718,1.2433229176631229,-0.33691245782625123,0.14255623835532483,0.6321058642729436,-1.455843923136961,0.082931363997851,0.2386193286479245,0.08925053410193905
2016-08-09,1.0925267304065838,0.7641216800700343,1.077073625018432,0.5068871163138805,0.6321058642729436,-1.6384659358318403,1.196990872639261,0.2386193286479245,-0.5324952087807553
2016-08-10,0.46510735623032373,0.4957689870179043,1.3429874256728052,1.2355488722309917,0.8824290222950889,-1.5167179273685818,-0.04085302585119164,0.2386193286479245,0.3557129953373723
2016-08-11,0.5758284222614279,0.591609234536522,1.4400670671815448,0.8712179942724362,0.715546916946992,-1.4254069210211422,0.02103916907332968,0.2386193286479245,0.26689217492554435
2016-08-12,0.4835608672355074,0.9174660760998221,-0.3200290419116878,0.7801352747827972,0.7572674432840162,-1.7145584411213703,-1.3405891192661679,0.2386193286479245,-0.8433680802221025
2016-08-14,0.4835608672355074,0.7066175315588635,0.747847014684446,1.1444661527413529,0.8824290222950889,-2.171113472858551,-0.6597749750964202,0.6816698365176094,-1.3318825924870046
2016-08-15,0.29902575718366636,0.6682814325514166,0.46927065209415036,1.4177143112102697,0.8407084959580646,-2.308079982379702,-1.1549125344926017,1.124720344387294,-0.39926397816301346
2016-08-16,0.022223092105904722,0.6491133830476928,1.7692936775155306,1.6909624696791865,0.8407084959580646,-2.5211389971903824,-2.021403263435918,1.5677708522569789,-0.6213160291925327
2016-08-17,0.22521171316293018,0.6107772840402459,1.3894168194378544,1.6909624696791865,0.8824290222950889,-2.8711645215222137,-1.2168047294171231,1.5677708522569789,-1.0210097210456572
2016-08-18,0.3543862901992188,0.7257855810625867,1.811502217301939,1.5087970306999086,0.8407084959580646,-2.4754834940166712,-1.1549125344925995,1.5677708522569789,1.155100379043571
2016-08-19,0.8341775763340059,0.8407938780849282,0.10627720993103756,1.1444661527413529,0.6738263906099677,-1.455843923136961,0.0829313639978532,1.5677708522569789,2.9759271974856896
2016-08-20,1.0371661973910307,1.0133063236184399,-0.1765200066378991,0.962300713762075,0.2566211272397255,-1.1971294051525518,0.20671575384689803,1.5677708522569789,0.7554066871904969
2016-08-21,0.8157240653288215,0.45743288801045734,1.3472082796514462,0.8712179942724362,-0.41090729415266214,-1.4254069210211422,1.2588830675637823,1.5677708522569789,-0.6657264393984467
2016-08-22,1.1478872634221355,0.9941382741147168,-0.33691245782625123,0.4158043968242416,-1.704243610600413,-1.1971294051525518,0.6399611183185561,1.124720344387294,0.666585866778669
2016-08-23,1.2217013074428718,0.9749702246109929,-0.33691245782625123,-0.31285735909286977,-2.038007821296607,-1.1819109040946598,0.9494220929411692,0.6816698365176094,0.044840123895974596
2016-08-24,1.2401548184480562,1.1091465711370576,-0.33691245782625123,-0.22177463960323085,-1.0784357155450497,-1.33409591467372,0.5780689233940347,0.2386193286479245,-0.4436743883689274
2016-08-25,1.4062364174947128,1.1474826701445053,-0.33691245782625123,-0.039609200623953005,-1.4121999262412435,-1.273221910442082,1.0113142878656907,-0.20443117922176018,0.17807135451376696
2016-08-26,1.2586083294532404,1.1474826701445053,-0.33691245782625123,-0.4950227980721476,-1.4121999262412435,-1.2123479062104614,0.5161767284695112,-0.6474816870914448,0.17807135451371647
2016-08-27,1.1847942854325044,0.936634125603546,-0.18918256857382162,0.14255623835532483,0.2566211272397255,-0.93841488716816,0.9494220929411714,-0.6474816870914448,0.7998170973963604
2016-08-28,0.7788170433184534,0.629945333543969,0.030301838315502313,0.4158043968242416,0.5903853379359193,-0.93841488716816,0.5780689233940347,-0.6474816870914448,0.00042971369011113775
2016-08-30,0.8157240653288215,0.7641216800700343,-0.33691245782625123,-0.7682709565410644,0.3817827062507982,-0.7557928744732809,0.26860794877141936,-0.6474816870914448,0.5333546361609777
2016-08-31,0.8710845983443739,0.8599619275886521,-0.3284707498689695,0.05147351886568591,0.6738263906099677,-0.9536333882260695,0.1448235589223745,-0.20443117922176018,-0.5769056189866693
2016-09-01,0.5942819332666124,0.591609234536522,2.5712559334572913,0.962300713762075,0.7572674432840162,-1.41018841996325,0.0829313639978532,0.2386193286479245,-1.3318825924870046
2016-09-02,0.7788170433184534,1.0324743731221637,-0.07944036512915965,0.7801352747827972,0.8407084959580646,-1.6080289337160214,-0.7216671700209415,0.6816698365176094,-0.5769056189866187
2016-09-03,0.8157240653288215,0.6874494820551398,-0.04145267932139203,0.8712179942724362,0.8407084959580646,-1.5014994263106722,0.5161767284695112,1.124720344387294,0.3113025851314583
2016-09-05,0.44665384522513935,0.7066175315588635,2.8413905880903054,1.053383433251714,0.7572674432840162,-0.9840703903418712,-0.7835593649454651,1.124720344387294,1.510383660690832
2016-09-06,0.1698511801473777,0.6874494820551398,0.11893977186696013,1.1444661527413529,0.7572674432840162,-0.8927593839944316,-1.650050093888781,1.124720344387294,0.26689217492554435
2016-09-07,0.22521171316293018,0.629945333543969,0.5241417538164812,1.1444661527413529,0.9658700749691373,-0.7710113755311904,-1.2786969243416444,1.5677708522569789,0.35571299533732176
2016-09-08,0.29902575718366636,0.6491133830476928,-0.21872854642430756,1.1444661527413529,0.6738263906099677,-0.6949188702416602,-1.0930203395680782,1.5677708522569789,0.2224817647196304
2016-09-09,0.4835608672355074,0.6491133830476928,0.3510867406922067,0.962300713762075,0.7989879696210405,-0.6340448660100396,-0.47409839032285184,1.5677708522569789,0.17807135451371647
2016-09-10,0.1698511801473777,0.45743288801045734,1.9085818588106787,1.4177143112102697,0.7989879696210405,-0.7253558723574792,-0.9073437547945099,1.5677708522569789,-0.26603274754532213
2016-09-11,0.8895381093495583,0.7257855810625867,-0.058336095235955426,0.8712179942724362,0.17318007456567705,-0.6340448660100396,0.6399611183185583,1.5677708522569789,0.26689217492554435
2016-09-12,1.0925267304065838,0.7449536305663105,-0.33691245782625123,0.5068871163138805,-0.7863920311858802,-0.36011184696772097,1.2588830675637845,1.124720344387294,0.7998170973964108
2016-09-13,0.760363532313269,0.7449536305663105,0.021860130358220653,0.5979698358035194,-0.2857457151415894,-0.36011184696772097,0.1448235589223745,1.124720344387294,0.00042971369011113775
2016-09-14,1.0740732194013993,0.9174660760998221,-0.33691245782625123,-0.7682709565410644,-0.36918676781563786,-1.227566407268371,0.6399611183185583,0.6816698365176094,-2.530963668046429
2016-09-15,0.9448986423651101,1.1283146206407815,-0.30736647997576527,-0.8593536760307032,-0.20230466246754097,-1.4710624241948707,-0.47409839032285184,0.6816698365176094,-0.7101368496043606
2016-09-16,0.8341775763340059,0.9941382741147168,-0.33691245782625123,-0.6771882370514254,-0.9949946628710012,-1.1666924030367503,-0.41220619539832837,0.2386193286479245,0.8886379178081882
2016-09-17,0.8895381093495583,0.9941382741147168,-0.33691245782625123,-1.0415191150099812,-0.7446715048488559,-1.0449443945734918,-0.22652961062475999,-0.20443117922176018,0.3557129953373723
2016-09-19,1.0740732194013993,0.6491133830476928,-0.1765200066378991,-0.4039400785825087,-0.7029509785118317,-0.6949188702416602,1.5064518472618742,-0.20443117922176018,1.0218691484258797
2016-09-20,0.5020143782406918,0.13157604644715723,1.3345457177155238,0.8712179942724362,0.715546916946992,-0.07096032686751007,1.2588830675637823,0.2386193286479245,1.8212565321321792
2016-09-21,0.7050029992977173,0.4957689870179043,-0.23561196233887094,-0.039609200623953005,-0.6612304521748075,0.2790651974643214,0.7637455081676031,0.2386193286479245,1.0218691484258797
2016-09-22,0.3912933122095869,0.7641216800700343,-0.33691245782625123,-0.13069192011359193,0.7989879696210405,0.1573171890010802,-1.1549125344926017,0.2386193286479245,-0.35485356795709955
2016-09-25,0.6865494882925329,0.9174660760998221,-0.33691245782625123,0.23363895784496375,-0.6612304521748075,-0.4209858511993589,-0.659774975096418,-0.20443117922176018,-1.6871658741342657
2016-09-27,1.4985039725206333,1.0708104721296106,-0.33691245782625123,-0.8593536760307032,-1.3287588735671951,-1.5167179273685818,1.5683440421863957,-0.20443117922176018,-3.1971198211349363
2016-09-28,1.0002591753806633,1.3008270661742931,-0.33691245782625123,-1.7701808709270925,0.46522375892484663,-1.9884914601636718,-0.8454515598699842,-0.20443117922176018,-1.3762930026929185
2016-09-29,0.3912933122095869,0.5341050860253512,-0.30736647997576527,-0.6771882370514254,0.8407084959580646,-1.3188774136158106,-0.41220619539832837,-0.20443117922176018,1.9544877627498705
2016-09-30,-0.07004446292001582,0.38076068999556345,-0.33691245782625123,0.05147351886568591,0.7572674432840162,-0.7405743734153714,-1.464373509115215,-0.6474816870914448,1.688025301514488
2016-10-01,0.4835608672355074,0.36159264049183965,3.6940030917757563,1.053383433251714,0.29834165357674974,-0.4057673501414494,0.4542845335449877,-0.6474816870914448,0.9774587382199657
2016-10-03,0.28057224617848264,0.8599619275886521,-0.3284707498689695,0.4158043968242416,0.6738263906099677,-0.7253558723574792,-1.8357266786623494,-0.20443117922176018,-0.9321889006338799
2016-10-04,0.5020143782406918,0.8407938780849282,-0.33691245782625123,0.5068871163138805,-0.32746624147861364,-0.6797003691837508,-1.0311281446435547,-0.20443117922176018,0.133660944307853
2016-10-06,1.0371661973910307,0.7257855810625867,0.36797015660676996,-0.22177463960323085,-0.45262782048968636,-0.5275153586046906,1.1350986777147376,0.2386193286479245,0.44453381574914974
2016-10-07,0.46510735623032373,0.6491133830476928,0.3932952804786151,0.14255623835532483,0.7572674432840162,-0.831885379762811,-0.5359905852473732,0.6816698365176094,-0.887778490427966
2016-10-09,0.3728398012044032,0.5341050860253512,-0.33691245782625123,-0.7682709565410644,0.7572674432840162,-0.5579523607205096,-0.47409839032284967,0.2386193286479245,0.7998170973963604
2016-10-10,0.24366522416811454,0.2657523929732219,-0.33691245782625123,-0.6771882370514254,0.2566211272397255,-0.36011184696772097,-0.04085302585119164,0.2386193286479245,0.5777650463668916
2016-10-11,0.0037695811007210068,-0.021768349582631272,-0.3326916038476104,0.14255623835532483,0.8407084959580646,-0.2840193416781909,0.0829313639978532,0.2386193286479245,0.2224817647196304
2016-10-12,-0.18076552895112008,0.16991214545460417,-0.2989247720184836,0.5979698358035194,0.8407084959580646,-0.010086322635889457,-1.1549125344925995,0.2386193286479245,0.7998170973963604
2016-10-15,0.6496424662821648,0.47660093751418114,-0.33691245782625123,-0.4950227980721476,-0.20230466246754097,0.005132178422020021,0.6399611183185561,0.2386193286479245,0.04484012389602509
2016-10-16,0.7419100213080854,0.7257855810625867,-0.33691245782625123,-0.5861055175617865,-0.2440251888045652,-0.2535823395623892,0.14482355892237672,-0.20443117922176018,-0.7545472598102746
2016-10-17,0.3728398012044032,0.38076068999556345,0.36797015660676996,0.32472167733460267,0.8824290222950889,-0.5275153586046906,0.02103916907332968,-0.20443117922176018,-0.798957670016138
2016-10-18,-0.23612606196667252,0.3424245909881158,7.20575360200494,1.6909624696791865,0.9658700749691373,-0.6797003691837508,-1.8976188735868709,0.2386193286479245,-0.4436743883689274
2016-10-19,-0.16231201794593636,0.43826483850673353,9.092475330457399,1.6909624696791865,1.09103165398021,-0.5883893628363113,-1.9595110685113943,0.6816698365176094,0.26689217492554435
2016-10-20,0.5020143782406918,0.4957689870179043,-0.33691245782625123,0.4158043968242416,0.5903853379359193,-1.2123479062104614,0.0829313639978532,0.2386193286479245,-1.8203971047519572
2016-10-21,0.22521171316293018,0.43826483850673353,2.723206676688362,0.7801352747827972,1.1744727066542584,-2.353735485553413,-0.659774975096418,0.2386193286479245,-3.330351051752678
2016-10-22,0.4835608672355074,0.7641216800700343,-0.2567162322320752,0.5979698358035194,0.3817827062507982,-0.7253558723574792,-0.8454515598699885,0.6816698365176094,4.752343605721793
2016-10-23,0.4282003342199556,0.7066175315588635,-0.33691245782625123,0.962300713762075,0.0062979692175801445,-0.39054884908353993,-0.8454515598699863,0.6816698365176094,0.9774587382200162
2016-10-26,0.5942819332666124,0.6874494820551398,-0.33691245782625123,0.5979698358035194,-0.8698330838599286,0.46168721015920056,-0.22652961062475999,0.2386193286479245,2.487412685220737
2016-10-27,0.760363532313269,0.629945333543969,-0.33691245782625123,0.14255623835532483,-1.1201562418820739,0.5225612143908211,0.5161767284695112,-0.20443117922176018,0.17807135451371647
2016-10-28,0.8710845983443739,0.8024577790774813,-0.33691245782625123,-0.22177463960323085,-0.577789399500759,0.3551577027538515,0.3305001436959429,-0.6474816870914448,-0.4880847985748413
2016-10-29,0.40974682321477124,0.4190967890030104,-0.315808187933047,0.14255623835532483,0.08973902189162859,0.7051832270857004,0.02103916907332968,-0.20443117922176018,1.0218691484259301
2016-10-30,-0.03313744090964708,0.15074409595088037,-0.33691245782625123,-0.31285735909286977,0.715546916946992,1.1008642545912428,-0.5978827801718944,-0.6474816870914448,1.155100379043571
2016-10-31,0.3543862901992188,0.189080194958328,-0.33691245782625123,-0.6771882370514254,-0.07714308345646831,0.9943347471859112,0.5780689233940325,-1.0905321949611295,-0.3104431577511856
2016-11-01,-0.2730330839770406,0.07407189793598645,-0.33691245782625123,-0.7682709565410644,0.34006217991377397,1.0856457535333508,-1.1549125344925995,-1.0905321949611295,0.26689217492554435
2016-11-02,-0.36530063900296117,-0.2134488446198667,-0.33691245782625123,-0.8593536760307032,-0.20230466246754097,1.176956759880773,-0.5359905852473732,-1.0905321949611295,0.2668921749254939
2016-11-03,-0.36530063900296117,-0.3859612901533784,-0.33691245782625123,-1.0415191150099812,-0.577789399500759,1.0247717493017128,0.02103916907332968,-1.0905321949611295,-0.4436743883689274
2016-11-04,-0.2730330839770406,-0.48180153767199607,-0.33691245782625123,-0.8593536760307032,-1.9128462422855343,0.40081320592757996,0.6399611183185561,-1.0905321949611295,-1.8203971047519067
2016-11-05,0.022223092105904722,-0.07927249809380205,-0.33691245782625123,-0.039609200623953005,-0.4943483468267106,0.06600618265364064,0.3305001436959429,-1.5335827028308142,-0.9765993108397938
2016-11-06,0.022223092105904722,0.054903848432262634,-0.33691245782625123,0.14255623835532483,-0.9949946628710012,0.38559470486967046,-0.10274522077571516,-1.5335827028308142,0.9330483280141022
2016-11-07,0.29902575718366636,0.2465843434694981,-0.33691245782625123,0.32472167733460267,-0.6612304521748075,0.6138722207382608,0.20671575384689803,-1.5335827028308142,0.666585866778669
2016-11-08,0.24366522416811454,-0.002600300078907455,-0.13431146685149065,0.23363895784496375,-0.2857457151415894,0.7356202292015019,0.8256377030921244,-1.0905321949611295,0.35571299533732176
2016-11-09,-0.8635454361429319,-0.5968098346943376,-0.2820413561039202,0.32472167733460267,0.8407084959580646,1.055208751417532,-0.9692359497190312,-0.6474816870914448,0.9330483280141022
2016-11-10,-1.4356042773036395,-0.9801708247688086,-0.2567162322320752,0.4158043968242416,0.8407084959580646,1.1465197577649713,-1.650050093888781,-0.20443117922176018,0.26689217492554435
2016-11-12,-0.3099401059874087,-0.09844054759752519,-0.3284707498689695,0.5979698358035194,0.4235032325878224,0.8117127344910321,-0.7216671700209415,0.2386193286479245,-0.9765993108397938
2016-11-13,0.022223092105904722,0.32325654148439265,-0.33691245782625123,0.6890525552931583,-0.11886360979349253,0.6595277239119719,-0.9692359497190334,0.2386193286479245,-0.4436743883689274
2016-11-14,0.24366522416811454,0.22741629396577495,-0.33691245782625123,0.5068871163138805,-1.2453178208931466,0.4312502080433816,0.0829313639978532,0.2386193286479245,-0.6657264393984467
2016-11-19,0.22521171316293018,0.36159264049183965,-0.2778205021252794,0.05147351886568591,0.5069442852618709,0.08122468371155012,-0.41220619539832837,0.6816698365176094,-1.0210097210456572
2016-11-21,-0.2730330839770406,0.36159264049183965,-0.3242498958903287,0.6890525552931583,0.7989879696210405,0.05078768159573115,-2.083295458360439,0.6816698365176094,-0.08839110672171677
2016-11-22,-0.4206611720185136,-0.09844054759752519,1.2036992443776575,1.5998797501895474,1.1327521803172342,0.11166168582735177,-1.0930203395680782,0.6816698365176094,0.17807135451371647
2016-11-23,-0.9558129911688524,-1.0376749732799793,0.7562887226417278,1.4177143112102697,1.0075906013061615,0.5529982165066402,0.14482355892237672,0.6816698365176094,1.2883316096613633
2016-11-25,-0.8266384141325639,-0.9034986267539146,-0.3326916038476104,0.05147351886568591,0.8407084959580646,0.5834352186224417,0.14482355892237672,0.6816698365176094,0.08925053410188855
2016-11-26,-1.048080546194773,-1.6893886564065796,1.7861770934300938,1.053383433251714,0.8407084959580646,0.5073427133329117,1.9396972117335323,1.124720344387294,-0.22162233733940814
2016-11-27,-1.2695226782569828,-1.7852289039251972,0.02608098433686148,0.5068871163138805,0.29834165357674974,0.6595277239119719,1.5064518472618722,1.5677708522569789,0.44453381574914974
2016-11-28,-1.2326156562466142,-1.1526832703023202,-0.33691245782625123,-0.8593536760307032,-0.9949946628710012,1.2682677662282127,-0.41220619539832837,1.124720344387294,1.7768461219262652
2016-11-29,-1.158801612225878,-0.8843305772501908,-0.33691245782625123,-1.0415191150099812,0.5903853379359193,1.4813267810388935,-1.0311281446435547,0.6816698365176094,0.6221754565727551
2016-11-30,-0.8819989471481163,-0.9034986267539146,-0.33691245782625123,-1.223684553989259,-1.5373615052523162,1.4813267810388935,-0.04085302585119164,0.2386193286479245,0.00042971369011113775
2016-12-01,-0.8081849031273801,-0.9418347257613615,-0.33691245782625123,-0.9504363955203422,-2.038007821296607,1.4508897789230917,0.3305001436959429,-0.20443117922176018,-0.08839110672166628
2016-12-02,-0.8081849031273801,-0.7118181317166792,-0.33691245782625123,-0.31285735909286977,0.3817827062507982,1.5269822842126217,-0.41220619539832837,-0.6474816870914448,0.2224817647196304
2016-12-03,-0.7343708591066433,-0.424297389160826,-0.33691245782625123,-0.039609200623953005,0.7989879696210405,1.2682677662282127,-1.093020339568076,-1.0905321949611295,-0.7545472598102746
2016-12-05,-0.16231201794593636,-0.06010444859007823,-0.33691245782625123,0.14255623835532483,0.6738263906099677,0.7812757323752304,-0.350314000473807,-1.5335827028308142,-1.4207034128987819
2016-12-08,-0.9373594801636688,-0.9610027752650847,-0.33691245782625123,-1.4969327124581757,-1.704243610600413,0.5986537196803513,-0.04085302585119384,-1.5335827028308142,-0.5324952087807553
2016-12-09,-0.9004524581533007,-1.0760110722874263,-0.33691245782625123,-1.13260183449962,-2.16316940030768,0.4312502080433816,0.4542845335449877,-1.5335827028308142,-0.4880847985748413
2016-12-10,-0.6790103260910909,-0.7309861812204023,-0.33691245782625123,-0.4950227980721476,-0.7029509785118317,0.5834352186224417,0.0829313639978532,-1.5335827028308142,0.44453381574914974
2016-12-15,-1.1772551232310624,-1.2485235178209382,-0.33691245782625123,-1.4058499929685369,-0.03542255711944408,1.5269822842126217,0.0829313639978521,-1.5335827028308142,2.75387514645617
2016-12-16,-1.7862209864021374,-1.7085567059103033,-0.33691245782625123,-1.4969327124581757,-2.1214488739706554,1.9683188148918929,-0.47409839032284967,-1.5335827028308142,1.2883316096613129
2016-12-17,-1.5094183213243757,-1.6127164583916855,-0.33691245782625123,-0.8593536760307032,-0.4943483468267106,1.6182932905600613,0.14482355892237672,-1.5335827028308142,-1.0210097210456572
2016-12-18,-1.0111735241844049,-0.9418347257613615,-0.33691245782625123,-0.13069192011359193,-0.9115536101969528,1.3747972736335616,-0.35031400047380484,-1.5335827028308142,-0.7101368496043606
2016-12-19,-0.7897313921221958,-0.6926500822129553,-0.33691245782625123,-0.4039400785825087,-1.6208025579263647,0.9030237408384716,-0.41220619539832837,-1.5335827028308142,-1.3762930026929185
2016-12-20,-0.7159173481014596,-0.4051293396571022,-0.33691245782625123,0.23363895784496375,0.5069442852618709,0.7204017281435925,-1.0930203395680782,-1.5335827028308142,-0.5324952087807553
2016-12-21,-0.7712778811170115,-0.2134488446198667,-0.21872854642430756,1.1444661527413529,0.715546916946992,0.6443092228540624,-1.8976188735868709,-1.0905321949611295,-0.22162233733940814
2016-12-22,-0.36530063900296117,-0.46263348816827293,-0.3326916038476104,-0.22177463960323085,-0.36918676781563786,0.6443092228540624,0.2686079487714215,-0.6474816870914448,0.00042971369011113775
2016-12-24,-1.343336722277719,-0.9993388742725323,-0.18074086061653993,-0.13069192011359193,0.8407084959580646,1.0095532482438208,-1.2786969243416444,-0.20443117922176018,1.066279558631844
2016-12-26,-0.5682892600599866,-0.5009695871757199,-0.33691245782625123,0.23363895784496375,-0.6195099258377832,0.6747462249698813,-0.2884218055492835,-0.20443117922176018,-0.9765993108397938
2016-12-27,-0.9189059691584844,-1.7852289039251972,-0.33691245782625123,-1.4969327124581757,-0.9532741365339771,1.1921752609386824,2.6824035508278037,-0.20443117922176018,1.510383660690832
2016-12-28,-2.044570140474715,-2.0344135474736036,-0.33691245782625123,-1.5880154319478146,0.5486648115988951,1.5878562884442424,-0.2884218055492835,-0.20443117922176018,1.1551003790436216
2016-12-29,-1.638592898360665,-1.5743803593842383,-0.33691245782625123,-2.134511748885648,0.5069442852618709,1.7552598000811948,-0.4122061953983294,-0.20443117922176018,0.4889442259550132
2016-12-30,-1.5094183213243757,-1.4018679138507264,-0.33691245782625123,-1.5880154319478146,0.6321058642729436,1.7704783011391216,-0.5359905852473732,-0.6474816870914448,0.04484012389607558
2016-12-31,-1.1218945902155097,-1.2485235178209382,-0.33691245782625123,-0.31285735909286977,-0.16058413613051675,1.5574192863284235,0.26860794877142047,-1.0905321949611295,-0.6213160291925832
2017-01-01,-1.1034410792103255,-0.7118181317166792,-0.33691245782625123,0.23363895784496375,0.17318007456567705,1.3900157746914712,-1.4024813141906893,-1.5335827028308142,-0.48808479857479087
2017-01-02,-0.6421033040807228,-0.7118181317166792,-0.33691245782625123,0.32472167733460267,-1.662523084263389,1.1617382588228808,0.14482355892237672,-1.5335827028308142,-0.6657264393984467
2017-01-03,-1.0111735241844049,-0.6159778841980614,-0.33691245782625123,0.5068871163138805,-0.4943483468267106,1.1008642545912428,-1.4024813141906893,-1.5335827028308142,-0.17721192713354467
2017-01-04,-0.9373594801636688,-0.6543139832055084,-0.33691245782625123,0.23363895784496375,-0.7029509785118317,0.9334607429542906,-1.0311281446435547,-1.5335827028308142,-0.48808479857479087
2017-01-05,-0.623649793075539,-0.6159778841980614,-0.33691245782625123,0.23363895784496375,-0.2857457151415894,0.6595277239119719,-0.10274522077571516,-1.5335827028308142,-0.7989576700161886
2017-01-06,-0.32839361699259306,-0.46263348816827293,-0.33691245782625123,0.23363895784496375,-1.0367151892080255,0.38559470486967046,0.3923923386204664,-1.5335827028308142,-0.798957670016138
2017-01-07,-0.7343708591066433,-0.46263348816827293,-0.33691245782625123,0.14255623835532483,0.0062979692175801445,0.20297269217479133,-0.9692359497190312,-1.5335827028308142,-0.5324952087807553
2017-01-08,-0.23612606196667252,-0.30928909213848443,-0.33691245782625123,-0.13069192011359193,-0.7446715048488559,0.12688018688526123,0.20671575384689803,-1.5335827028308142,-0.22162233733940814
2017-01-09,-0.9189059691584844,-0.46263348816827293,-0.33691245782625123,0.05147351886568591,-0.07714308345646831,0.5682167175645323,-1.5881578989642575,-1.5335827028308142,1.2883316096613129
2017-01-10,-1.158801612225878,-0.6351459337017846,-0.33691245782625123,0.14255623835532483,0.17318007456567705,0.842149736606851,-1.8357266786623494,-1.5335827028308142,0.7998170973964108
2017-01-11,-1.3064297002673508,-0.7501542307241261,-0.33691245782625123,0.23363895784496375,0.7572674432840162,0.842149736606851,-1.9595110685113943,-1.5335827028308142,0.00042971369011113775
2017-01-13,-1.7862209864021374,-1.344363765339556,-0.315808187933047,0.5979698358035194,0.8407084959580646,0.47690571121711006,-1.65005009388878,-1.0905321949611295,-1.0654201312515712
2017-01-14,-1.8969420524332423,-1.459372062361897,-0.29470391803984275,0.8712179942724362,1.0075906013061615,0.8117127344910321,-1.650050093888781,-0.6474816870914448,0.9774587382199657
2017-01-15,-1.8415815194176899,-1.4977081613693441,-0.2735996481466385,0.6890525552931583,1.3413548120023553,1.207393761996592,-1.3405891192661679,-0.20443117922176018,1.1551003790436216
2017-01-16,-1.7308604533865855,-1.4210359633544503,-0.3200290419116878,0.23363895784496375,1.0493111276431857,1.1921752609386824,-1.2168047294171231,0.2386193286479245,-0.04398069651580282
2017-01-17,-1.3986972552932715,-1.0376749732799793,-0.33691245782625123,-0.13069192011359193,0.8407084959580646,1.2987047683440316,-1.3405891192661679,0.2386193286479245,0.3113025851314583
2017-01-19,-0.49447521603924977,-0.6543139832055084,-0.33691245782625123,0.6890525552931583,0.34006217991377397,1.1465197577649713,0.4542845335449899,0.2386193286479245,-0.4436743883689274
2017-01-21,-1.4356042773036395,-1.4402040128581737,-0.33691245782625123,-0.9504363955203422,-1.3704793999042193,1.937881812776074,-0.16463741570023757,0.2386193286479245,2.309771044397081
2017-01-22,-1.2879761892621666,-1.6318845078954092,-0.33691245782625123,-1.7701808709270925,-2.455213084666849,2.059629821239315,0.9494220929411703,-0.20443117922176018,0.35571299533732176
2017-01-23,-1.3617902332829035,-1.3251957158358325,-0.33691245782625123,-0.5861055175617865,-0.2857457151415894,1.9987558170077118,-0.2884218055492835,-0.6474816870914448,-0.1772119271334437
2017-01-24,-1.454057788308824,-1.2293554683172148,-0.33691245782625123,-0.4950227980721476,0.46522375892484663,1.9531003138340006,-0.9073437547945099,-1.0905321949611295,-0.13280151692758022
2017-01-25,-1.0849875682051418,-1.1910193693097675,-0.33691245782625123,-0.13069192011359193,-1.0784357155450497,1.9683188148918929,0.20671575384689694,-1.5335827028308142,0.044840123895974596
2017-01-26,-1.2879761892621666,-1.133515220798597,-0.33691245782625123,-0.22177463960323085,-0.9532741365339771,1.7856968021970137,-0.659774975096418,-1.5335827028308142,-0.5324952087807553
2017-01-27,-1.0111735241844049,-1.4785401118656205,-0.33691245782625123,-0.7682709565410644,-2.288330979318752,1.5269822842126217,1.3826674574128284,-1.5335827028308142,-0.7545472598102241
2017-01-28,-1.4725112993140077,-1.09517912179115,-0.3242498958903287,0.14255623835532483,0.4235032325878224,0.9182422418963812,-1.4024813141906893,-1.0905321949611295,-1.775986694546043
2017-01-29,-0.9742665021740369,-0.7693222802278492,-0.23561196233887094,0.962300713762075,0.8407084959580646,0.6138722207382608,-0.7835593649454651,-0.6474816870914448,-0.887778490427966
2017-01-30,-0.623649793075539,-0.9034986267539146,-0.2862622100825611,1.1444661527413529,0.8407084959580646,0.8573682376647604,0.8256377030921244,-0.20443117922176018,0.710996276984583
2017-01-31,-1.6939534313762168,-1.1910193693097675,-0.315808187933047,0.8712179942724362,0.8407084959580646,1.1617382588228808,-1.8357266786623483,0.2386193286479245,0.8886379178081882
2017-02-03,-1.3248832112725346,-1.2868596168283852,-0.33691245782625123,-0.13069192011359193,0.7989879696210405,1.176956759880773,-0.28842180554928243,0.2386193286479245,0.044840123895974596
2017-02-04,-1.0849875682051418,-1.1143471712948732,-0.26937879416799765,0.14255623835532483,0.17318007456567705,0.5225612143908211,-0.04085302585119384,0.6816698365176094,-1.9092179251637347
2017-02-05,-0.8819989471481163,-1.0376749732799793,-0.19762427653110332,0.5068871163138805,-0.03542255711944408,0.20297269217479133,0.3923923386204664,1.124720344387294,-0.9321889006338799
2017-02-07,-1.490964810319192,-1.1910193693097675,-0.33691245782625123,-0.31285735909286977,0.6321058642729436,0.6595277239119719,-1.1549125344926006,0.6816698365176094,1.3327420198672268
2017-02-10,-2.063023651479899,-2.168589893999668,-0.33691245782625123,-1.9523463099063703,0.8407084959580646,1.6335117916179536,0.0829313639978521,0.2386193286479245,2.8426959668679475
2017-02-11,-1.638592898360665,-2.0344135474736036,-0.33691245782625123,-1.8612635904167314,-1.495640978915292,2.090066823355134,1.0732064827902141,-0.20443117922176018,1.3327420198672268
2017-02-12,-1.4171507662984553,-1.842733052436368,-0.33691245782625123,-1.0415191150099812,-2.580374663677922,2.150940827586772,1.196990872639261,-0.6474816870914448,0.17807135451376696
2017-02-13,-1.2326156562466142,-1.727724755414027,-0.33691245782625123,-1.13260183449962,-2.455213084666849,2.2118148318183755,1.4445596523373518,-0.6474816870914448,0.17807135451366599
2017-02-14,-1.048080546194773,-1.2485235178209382,-0.33691245782625123,-1.4058499929685369,-1.4121999262412435,2.379218343455362,0.5161767284695123,-1.0905321949611295,0.48894422595511416
2017-02-15,-1.0849875682051418,-1.3060276663321086,-0.33691245782625123,-1.4058499929685369,-1.9962872949595827,2.059629821239315,0.5780689233940325,-1.5335827028308142,-0.9321889006339303
2017-02-16,-0.5129287270444342,-1.2868596168283852,-0.33691245782625123,-0.7682709565410644,-2.371772031992801,1.3747972736335616,2.434834771129713,-1.5335827028308142,-1.998038745575512
2017-02-17,-0.2545795729718569,-0.9610027752650847,-0.33691245782625123,-0.31285735909286977,-1.2035972945561224,1.2226122630545015,2.2491581863561434,-1.5335827028308142,-0.4436743883689274
2017-02-18,-0.49447521603924977,-0.7884903297315731,-0.33691245782625123,-0.13069192011359193,-1.4539204525782679,1.313923269401941,0.887529898016648,-1.5335827028308142,0.26689217492554435
2017-02-19,-1.4171507662984553,-1.09517912179115,-0.3242498958903287,0.4158043968242416,0.8407084959580646,0.8269312355489415,-1.216804729417121,-1.0905321949611295,-1.4207034128988323
2017-02-21,-1.048080546194773,-1.0568430227837025,-0.14275317480877234,1.1444661527413529,0.9241495486321131,0.6899647260277908,-0.10274522077571516,-0.6474816870914448,-0.39926397816301346
2017-02-22,-1.0111735241844049,-1.09517912179115,0.0007558604650164249,1.2355488722309917,0.8824290222950889,0.41603170698547215,0.14482355892237672,-0.20443117922176018,-0.7989576700161886
2017-02-25,-2.395186849573213,-2.187757943503392,-0.30736647997576527,0.6890525552931583,0.8824290222950889,1.2682677662282127,-0.9692359497190312,0.2386193286479245,2.487412685220737
2017-02-26,-1.8046744974073217,-2.2069259930071157,-0.2778205021252794,0.14255623835532483,0.8407084959580646,1.313923269401941,1.0732064827902152,0.6816698365176094,0.133660944307853
2017-02-27,-1.2879761892621666,-1.2868596168283852,-0.33691245782625123,-1.0415191150099812,0.3817827062507982,1.5117637831547124,-0.16463741570023757,0.6816698365176094,0.5777650463668411
2017-02-28,-1.1034410792103255,-1.344363765339556,-0.33691245782625123,-1.223684553989259,-0.7029509785118317,1.2226122630545015,0.6399611183185572,0.6816698365176094,-0.843368080222052
2017-03-01,-0.7159173481014596,-1.1910193693097675,-0.33691245782625123,-0.9504363955203422,0.17318007456567705,1.055208751417532,1.4445596523373496,0.2386193286479245,-0.4880847985748413
2017-03-02,-0.5313822380496185,-0.9418347257613615,-0.33691245782625123,-2.9542562242923984,-2.3300515056557765,1.0095532482438208,1.2588830675637823,-0.20443117922176018,-0.13280151692758022
2017-03-03,-1.2326156562466142,-1.2293554683172148,-0.33691245782625123,-0.9504363955203422,-1.0367151892080255,0.6747462249698813,-0.16463741570023646,-0.6474816870914448,-0.9765993108397938
2017-03-04,-0.9189059691584844,-1.0185069237762554,-0.33691245782625123,-0.4039400785825087,0.34006217991377397,0.2334096942906103,0.20671575384689803,-1.0905321949611295,-1.2874721822810906
2017-03-05,-0.5129287270444342,-0.6543139832055084,-0.33691245782625123,0.5068871163138805,0.5069442852618709,-0.025304823693798936,0.3923923386204664,-1.5335827028308142,-0.7545472598102746
2017-03-08,-1.7493139643917692,-1.3635318148432793,-0.21872854642430756,0.7801352747827972,0.8824290222950889,0.7508387302594114,-1.4643735091152128,-1.0905321949611295,2.2653606341912176
2017-03-12,-1.343336722277719,-0.9801708247688086,-0.29470391803984275,1.1444661527413529,1.0075906013061615,0.26384669640641195,-1.3405891192661679,-0.6474816870914448,-1.4207034128988323
2017-03-13,-0.439114683023698,-0.5201376366794437,-0.33691245782625123,1.3266315917206308,0.7572674432840162,-0.1166158300412385,0.20671575384689803,-0.6474816870914448,-1.1098305414574852
2017-03-14,-0.8819989471481163,-1.0185069237762554,0.021860130358220653,1.5087970306999086,1.0493111276431857,0.4921242122750022,0.3305001436959429,-0.20443117922176018,1.7768461219262652
2017-03-18,-1.2326156562466142,-0.9034986267539146,-0.3242498958903287,1.1444661527413529,0.9658700749691373,0.7964942334331225,-1.216804729417121,0.2386193286479245,0.8886379178081882
2017-03-19,-1.1403481012206935,-0.6159778841980614,0.11471891788831923,1.5087970306999086,1.2996342856653311,0.7204017281435925,-1.8357266786623472,0.6816698365176094,-0.22162233733940814
2017-03-21,0.151397669142194,-0.5776417851906138,-0.31158733395440613,0.6890525552931583,0.04801849555460437,0.370376203811761,2.3729425762051903,1.124720344387294,-1.0210097210456572
2017-03-22,-1.3064297002673508,-0.865162527746467,-0.2989247720184836,0.962300713762075,0.8407084959580646,0.2334096942906103,-1.5881578989642597,1.124720344387294,-0.39926397816301346
2017-03-23,-0.4022076610133292,-0.5968098346943376,-0.33691245782625123,0.5979698358035194,0.6321058642729436,0.370376203811761,0.5780689233940347,0.6816698365176094,0.4001234055432357
2017-03-26,-1.823128008412506,-1.593548408887962,-0.29470391803984275,-0.13069192011359193,0.7572674432840162,1.4356712778651823,-0.9692359497190334,1.124720344387294,3.109158428103381
2017-03-27,-0.9742665021740369,-1.1143471712948732,-0.33691245782625123,-2.0434290293960093,0.21490060090270127,1.5422007852705313,0.3305001436959429,0.6816698365176094,0.3113025851314583
2017-03-28,-0.34684712799777745,-0.7693222802278492,-0.33691245782625123,-0.6771882370514254,-0.32746624147861364,1.0095532482438208,1.3207752624883038,0.2386193286479245,-1.5539346435165238
2017-03-29,-0.5682892600599866,-0.32845714164220824,-0.3242498958903287,0.5979698358035194,0.8407084959580646,0.8725867387226527,-0.8454515598699863,0.2386193286479245,-0.39926397816306397
2017-03-31,-0.5682892600599866,-1.2676915673246616,0.5874545634960939,1.3266315917206308,0.715546916946992,0.41603170698547215,2.187265991431622,0.2386193286479245,-1.3318825924870046
2017-04-01,-0.5313822380496185,-1.2676915673246616,-0.3284707498689695,-0.6771882370514254,-1.3704793999042193,1.1160827556491524,2.311050381280667,0.2386193286479245,2.0433085831616986
2017-04-02,-0.47602170503406604,-0.9801708247688086,-0.33691245782625123,-1.223684553989259,-2.1214488739706554,1.359578772575652,1.5683440421863957,0.2386193286479245,0.710996276984583
2017-04-03,-0.4206611720185136,-0.8843305772501908,-0.33691245782625123,-0.8593536760307032,-1.9128462422855343,1.2530492651703031,1.4445596523373507,-0.20443117922176018,-0.31044315775123604
2017-04-04,-0.143858506940752,-0.5393056861831669,-0.33691245782625123,-0.039609200623953005,-0.7029509785118317,0.8878052397805621,1.2588830675637823,-0.20443117922176018,-1.0654201312515712
2017-04-05,0.2067582021577458,-0.23261689412359055,-0.33691245782625123,0.32472167733460267,0.5069442852618709,0.33993920169594205,1.4445596523373507,-0.20443117922176018,-1.5983450537224377
2017-04-06,-0.32839361699259306,0.07407189793598645,-0.3242498958903287,0.8712179942724362,0.7572674432840162,-0.010086322635889457,-1.3405891192661679,-0.20443117922176018,-1.0210097210456572
2017-04-07,0.2067582021577458,0.09323994743971027,-0.33691245782625123,0.5979698358035194,-0.20230466246754097,-0.025304823693798936,0.3923923386204642,-0.6474816870914448,-0.04398069651580282
2017-04-08,0.13294415813700963,0.16991214545460417,-0.33691245782625123,0.6890525552931583,-0.2440251888045652,-0.05574182580960059,-0.10274522077571516,-1.0905321949611295,-0.08839110672166628
2017-04-09,0.2067582021577458,0.2657523929732219,-0.33691245782625123,0.5979698358035194,0.3817827062507982,-0.4818598554309795,-0.16463741570023868,-1.0905321949611295,-1.243061772075227
2017-04-11,0.1883046911525621,0.016567749424815682,-0.31158733395440613,1.1444661527413529,0.8824290222950889,-0.7405743734153714,0.5780689233940347,-0.6474816870914448,-0.7545472598102241
2017-04-12,-0.7343708591066433,-0.7501542307241261,0.5705711475815306,1.053383433251714,0.8407084959580646,0.0964431847694596,-0.04085302585119164,-0.20443117922176018,2.443002275014823
2017-04-14,-0.3837541500081455,-0.424297389160826,-0.33691245782625123,0.05147351886568591,0.5486648115988951,0.40081320592757996,0.0829313639978532,-0.20443117922176018,0.8886379178081882
2017-04-15,0.022223092105904722,-0.09844054759752519,-0.33691245782625123,0.7801352747827972,0.6738263906099677,0.1420986879431707,0.3923923386204642,-0.6474816870914448,-0.7545472598102746
2017-04-18,0.7234565103029009,0.3424245909881158,-0.33691245782625123,0.14255623835532483,-0.8281125575229044,-0.5579523607205096,1.320775262488306,-0.6474816870914448,-2.0424491557814766
2017-04-19,0.4835608672355074,0.4957689870179043,-0.33691245782625123,0.05147351886568591,-0.7863920311858802,-0.5275153586046906,0.02103916907332968,-0.6474816870914448,0.08925053410193905
2017-04-20,0.13294415813700963,0.5724411850327988,-0.20606598448838498,0.7801352747827972,0.6738263906099677,-0.4209858511993589,-1.4024813141906913,-0.20443117922176018,0.3113025851314078
2017-04-21,0.4835608672355074,0.13157604644715723,-0.007685847492265274,0.962300713762075,0.9241495486321131,-0.6797003691837508,1.1969908726392589,-0.20443117922176018,-0.7545472598102241
2017-04-22,-0.4206611720185136,-0.6926500822129553,-0.058336095235955426,0.14255623835532483,0.9241495486321131,0.05078768159573115,0.8256377030921244,-0.20443117922176018,2.132129403573476
2017-04-23,-0.9189059691584844,-0.424297389160826,-0.2778205021252794,0.5068871163138805,0.8407084959580646,0.33993920169594205,-1.7119422888133025,0.2386193286479245,0.8442275076022743
2017-04-25,-0.7159173481014596,-0.2709529931310375,0.12316062584560096,1.3266315917206308,0.8824290222950889,-0.025304823693798936,-1.5262657040397363,0.6816698365176094,-1.0654201312515712
2017-04-26,0.0037695811007210068,0.054903848432262634,-0.21450769244566673,1.5998797501895474,0.8824290222950889,-0.2535823395623892,-0.16463741570023646,1.124720344387294,-0.6657264393984467
2017-04-27,-0.5129287270444342,-0.29012104263476063,-0.18918256857382162,0.962300713762075,0.8824290222950889,-0.010086322635889457,-0.7835593649454651,1.5677708522569789,0.710996276984583
2017-04-28,-0.36530063900296117,-0.36679324064965524,-0.33691245782625123,-0.31285735909286977,-0.03542255711944408,0.40081320592757996,-0.04085302585119164,1.124720344387294,1.1995107892495354
2017-04-29,0.09603713612664155,-0.424297389160826,-0.33691245782625123,-0.22177463960323085,-1.3704793999042193,0.2790651974643214,1.6921284320354426,0.6816698365176094,-0.35485356795715
2017-04-30,0.26211873517329826,-0.13677664660497282,-0.33691245782625123,-0.22177463960323085,-1.7876846632744616,0.11166168582735177,1.320775262488306,0.2386193286479245,-0.4880847985748413
2017-05-01,0.5020143782406918,0.09323994743971027,-0.33691245782625123,0.32472167733460267,-0.41090729415266214,0.005132178422020021,1.3826674574128273,-0.20443117922176018,-0.3104431577511856
2017-05-02,0.24366522416811454,0.4190967890030104,-0.33691245782625123,0.6890525552931583,0.6321058642729436,-0.10139732898332902,-0.5359905852473732,-0.6474816870914448,-0.31044315775123604
2017-05-04,0.151397669142194,0.15074409595088037,1.456950483096108,1.1444661527413529,0.6738263906099677,-0.10139732898332902,0.02103916907333188,-0.6474816870914448,0.00042971369011113775
2017-05-05,0.5573749112562443,0.2465843434694981,-0.33691245782625123,0.32472167733460267,-0.36918676781563786,0.17253569005898967,1.0732064827902164,-1.0905321949611295,0.7998170973964108
2017-05-07,0.1698511801473777,0.5149370365216281,-0.260937086210716,0.7801352747827972,0.5903853379359193,0.30950219958014036,-1.0930203395680782,-0.6474816870914448,0.4001234055432357
2017-05-08,0.3359327791940351,0.189080194958328,0.05140610820870654,0.5068871163138805,0.7989879696210405,-0.08617882792541955,0.5161767284695112,-0.20443117922176018,-1.1542409516633991
2017-05-09,0.46510735623032373,0.09323994743971027,0.11893977186696013,0.32472167733460267,0.3817827062507982,-0.025304823693798936,1.2588830675637823,0.2386193286479245,0.17807135451371647
2017-05-10,0.5204678892458762,0.6107772840402459,-0.33691245782625123,0.32472167733460267,0.6738263906099677,0.18775419111688185,-0.22652961062475999,0.2386193286479245,0.6221754565727551
2017-05-11,0.8895381093495583,0.6874494820551398,-0.33691245782625123,0.32472167733460267,0.3817827062507982,0.18775419111688185,0.7637455081676031,0.2386193286479245,0.00042971369011113775
2017-05-13,-0.03313744090964708,0.45743288801045734,-0.13853232083013148,0.23363895784496375,0.715546916946992,-0.36011184696772097,-1.5881578989642575,0.2386193286479245,-1.5983450537223873
2017-05-15,0.040676603111089095,0.47660093751418114,1.2881163239504743,1.5087970306999086,0.7572674432840162,-0.5883893628363113,-1.4024813141906913,0.6816698365176094,-0.6657264393984467
2017-05-16,-0.03313744090964708,0.2849204424769457,-0.21028683846702584,0.6890525552931583,0.6738263906099677,-0.7557928744732809,-1.0311281446435547,0.6816698365176094,-0.4880847985748413
2017-05-17,0.5758284222614279,0.32325654148439265,-0.33691245782625123,-0.039609200623953005,0.34006217991377397,-0.436204352257251,0.8875298980166457,0.2386193286479245,0.9330483280141022
2017-05-18,0.11449064713182526,0.4190967890030104,-0.3326916038476104,-0.31285735909286977,0.7572674432840162,-0.08617882792541955,-0.9692359497190334,0.2386193286479245,1.0218691484258797
2017-05-19,-0.143858506940752,0.30408849198066884,-0.30736647997576527,0.23363895784496375,0.8407084959580646,-0.23836383850447973,-1.4643735091152128,0.6816698365176094,-0.4436743883689274
2017-05-20,-0.36530063900296117,0.11240799694343341,-0.3242498958903287,0.962300713762075,0.8407084959580646,-0.5883893628363113,-1.5881578989642575,1.124720344387294,-1.0210097210456572
2017-05-21,-0.34684712799777745,0.16991214545460417,-0.151194882766054,1.1444661527413529,0.8407084959580646,-0.7405743734153714,-1.7119422888133047,1.124720344387294,-0.4436743883689274
2017-05-22,-0.291486594982225,0.32325654148439265,-0.10054463502236388,1.4177143112102697,0.8407084959580646,-0.6797003691837508,-2.021403263435918,1.124720344387294,0.17807135451371647
2017-05-23,0.3174792681888507,0.47660093751418114,-0.16385744470197655,1.4177143112102697,0.7572674432840162,-0.7253558723574792,-0.47409839032285184,1.124720344387294,-0.1328015169276307
2017-05-24,-0.10695148493038391,0.3999287394992866,11.211344027735102,1.5998797501895474,1.0075906013061615,-0.8775408829365394,-1.650050093888781,1.5677708522569789,-0.4436743883689274
2017-05-25,0.3174792681888507,0.3424245909881158,-0.33691245782625123,0.14255623835532483,0.6738263906099677,-0.5883893628363113,-0.04085302585119164,1.124720344387294,0.8442275076023248
2017-05-26,0.0037695811007210068,0.3424245909881158,-0.33691245782625123,-0.13069192011359193,0.17318007456567705,-0.36011184696772097,-1.093020339568076,0.6816698365176094,0.666585866778669
2017-05-28,0.6865494882925329,0.5149370365216281,-0.33691245782625123,-0.8593536760307032,-1.0367151892080255,-0.4514228533151605,0.6399611183185561,0.2386193286479245,-0.26603274754532213
2017-05-29,0.6496424662821648,0.5341050860253512,-0.33691245782625123,-0.31285735909286977,-0.8281125575229044,-0.4057673501414494,0.4542845335449899,-0.20443117922176018,0.1336609443078025
2017-05-31,0.8341775763340059,0.6682814325514166,-0.33691245782625123,0.14255623835532483,0.04801849555460437,-0.907977885052341,0.6399611183185561,-0.6474816870914448,-1.4651138231046958
2017-06-03,1.055619708396215,1.2241548681593992,-0.33691245782625123,0.5068871163138805,0.6738263906099677,-1.5014994263106722,-0.41220619539832837,-1.0905321949611295,-1.731576284340129
2017-06-07,1.3324223734739766,0.9749702246109929,-0.15541573674469486,0.23363895784496375,-0.7446715048488559,-0.39054884908353993,1.320775262488306,-1.0905321949611295,3.242389658721072
2017-06-08,1.055619708396215,1.1858187691519522,-0.33691245782625123,0.23363895784496375,-0.20230466246754097,-0.4057673501414494,-0.2884218055492835,-1.0905321949611295,-0.04398069651580282
2017-06-09,0.9448986423651101,1.1474826701445053,-0.2904830640612019,0.32472167733460267,0.5486648115988951,-0.5122968575467811,-0.5359905852473754,-0.6474816870914448,-0.3104431577511856
2017-06-12,0.5942819332666124,0.6107772840402459,1.2543494921213476,0.8712179942724362,0.5069442852618709,-1.6232474347739307,0.02103916907332968,-0.20443117922176018,-3.2415302313409007
2017-06-13,0.3912933122095869,0.4190967890030104,8.923641171311765,1.4177143112102697,0.9658700749691373,-0.9688518892839617,-0.04085302585119384,0.2386193286479245,1.9100773525440071
2017-06-14,0.5020143782406918,0.6491133830476928,0.3215407628417207,0.6890525552931583,0.8407084959580646,-0.6036078638942207,-0.41220619539832837,0.6816698365176094,1.0662795586317937
2017-06-15,0.7972705543236378,0.898298026596099,0.2751113690766714,0.32472167733460267,0.8407084959580646,-0.7557928744732809,-0.22652961062475999,1.124720344387294,-0.4436743883689274
2017-06-16,0.5204678892458762,1.0899785216333344,0.23290282929026293,0.6890525552931583,0.8407084959580646,-1.1362554009209314,-1.773834483737826,1.124720344387294,-1.1098305414574852
2017-06-17,0.29902575718366636,0.43826483850673353,5.487866032698116,1.6909624696791865,1.0493111276431857,-1.3493144157316121,-0.41220619539832837,1.5677708522569789,-0.6213160291925327
2017-06-18,0.09603713612664155,0.4957689870179043,0.6845342050048334,1.2355488722309917,0.9658700749691373,-1.1971294051525518,-1.2786969243416444,1.5677708522569789,0.44453381574914974
2017-06-19,0.28057224617848264,0.6107772840402459,1.0390859392106646,1.3266315917206308,0.7572674432840162,-1.1058183988051298,-1.0311281446435547,1.5677708522569789,0.2668921749254939
2017-06-20,0.26211873517329826,0.591609234536522,0.7098593288766786,1.2355488722309917,0.8407084959580646,-1.1362554009209314,-1.0311281446435547,1.5677708522569789,-0.08839110672166628
2017-06-21,0.44665384522513935,0.591609234536522,3.71088650769032,1.1444661527413529,0.8824290222950889,-1.1058183988051298,-0.41220619539832837,1.5677708522569789,0.08925053410188855
2017-06-23,0.8895381093495583,1.0324743731221637,0.10627720993103756,0.5979698358035194,0.5069442852618709,-0.7405743734153714,-0.35031400047380484,1.5677708522569789,1.066279558631844
2017-06-24,0.7419100213080854,0.8216258285812045,0.4355038202650236,0.6890525552931583,0.46522375892484663,-0.9536333882260695,-0.16463741570023646,1.5677708522569789,-0.6213160291925832
2017-06-25,0.8710845983443739,0.898298026596099,-0.1596365907233357,0.14255623835532483,0.5486648115988951,-0.86232238187863,0.02103916907332968,1.5677708522569789,0.26689217492554435
2017-06-26,0.9633521533702945,1.2433229176631229,-0.3326916038476104,0.05147351886568591,0.715546916946992,-0.6340448660100396,-0.7835593649454651,1.5677708522569789,0.666585866778669
2017-06-27,0.8710845983443739,1.2433229176631229,-0.2820413561039202,0.14255623835532483,0.6321058642729436,-0.46664135437306997,-1.0930203395680782,1.5677708522569789,0.4889442259550637
2017-06-28,1.0187126863858462,1.1666507196482283,-0.33691245782625123,-0.039609200623953005,-0.41090729415266214,-0.36011184696772097,-0.350314000473807,1.124720344387294,0.3113025851314583
2017-06-29,1.1109802414117669,1.1091465711370576,-0.33691245782625123,0.05147351886568591,-0.2440251888045652,-0.436204352257251,0.1448235589223745,0.6816698365176094,-0.22162233733940814
2017-06-30,1.2770618404584249,1.0516424226258876,-0.33691245782625123,-0.22177463960323085,-0.16058413613051675,-0.7253558723574792,0.887529898016648,0.2386193286479245,-0.8433680802221025
2017-07-01,0.907991620354742,0.8791299770923752,-0.024569263406828634,0.14255623835532483,0.5903853379359193,-0.9536333882260695,0.20671575384689803,0.2386193286479245,-0.6657264393984467
2017-07-02,0.6496424662821648,0.7832897295737575,0.03452269229414322,0.5979698358035194,0.8407084959580646,-1.0297258935155995,-0.35031400047380484,0.2386193286479245,-0.22162233733940814
2017-07-03,0.7234565103029009,0.8791299770923752,0.01763927637957982,0.5068871163138805,0.7989879696210405,-0.9840703903418712,-0.41220619539832837,0.2386193286479245,0.133660944307853
2017-07-04,0.3359327791940351,0.6107772840402459,1.0264233772747418,1.3266315917206308,0.6738263906099677,-0.6340448660100396,-0.8454515598699863,0.2386193286479245,1.0218691484258797
2017-07-05,0.7788170433184534,0.8407938780849282,0.8238223862999813,1.053383433251714,0.715546916946992,-0.49707835648888893,-0.10274522077571516,0.6816698365176094,0.4001234055432357
2017-07-06,0.3543862901992188,0.7066175315588635,0.3510867406922067,1.4177143112102697,0.8407084959580646,-0.6797003691837508,-1.0930203395680782,1.124720344387294,-0.5324952087807048
2017-07-07,0.5573749112562443,0.7449536305663105,1.1741532665271714,0.8712179942724362,0.8407084959580646,-0.6188263649521302,-0.5359905852473732,1.5677708522569789,0.17807135451371647
2017-07-08,0.3912933122095869,0.8024577790774813,0.20335685143977703,1.2355488722309917,0.8407084959580646,-0.4057673501414494,-1.2786969243416466,1.5677708522569789,0.6221754565727551
2017-07-09,1.0187126863858462,0.9558021751072698,-0.2862622100825611,0.32472167733460267,0.3817827062507982,-0.436204352257251,0.33050014369594066,1.5677708522569789,-0.08839110672166628
2017-07-10,0.9818056643754789,1.0324743731221637,-0.31158733395440613,-0.039609200623953005,0.6321058642729436,-0.6188263649521302,-0.04085302585119164,1.5677708522569789,-0.5324952087807553
2017-07-11,1.0925267304065838,1.0516424226258876,-0.33691245782625123,0.05147351886568591,0.0062979692175801445,-0.3753303480256304,0.2686079487714215,1.124720344387294,0.710996276984583
2017-07-14,1.1109802414117669,1.0133063236184399,-0.23983281631751177,0.4158043968242416,0.17318007456567705,-0.7557928744732809,0.4542845335449877,1.124720344387294,-1.1098305414574852
2017-07-15,0.9818056643754789,0.936634125603546,0.03452269229414322,0.5979698358035194,0.5903853379359193,-0.7862298765890998,0.2686079487714215,1.124720344387294,-0.08839110672171677
2017-07-16,0.3174792681888507,0.7641216800700343,0.5494668776883264,1.1444661527413529,0.8407084959580646,-0.7253558723574792,-1.4024813141906913,1.124720344387294,0.17807135451371647
2017-07-17,0.3728398012044032,0.43826483850673353,7.45478398674475,1.5998797501895474,0.8407084959580646,-0.5579523607205096,-0.16463741570023646,1.124720344387294,0.4889442259550637
2017-07-18,0.1883046911525621,0.47660093751418114,5.331694435488405,1.6909624696791865,0.9658700749691373,-0.20792683638866077,-0.9073437547945099,1.124720344387294,1.0218691484259301
2017-07-19,0.7419100213080854,0.45743288801045734,0.1949151434824953,1.053383433251714,0.6738263906099677,-0.49707835648888893,1.0113142878656927,1.124720344387294,-0.8433680802221025
2017-07-20,0.7419100213080854,0.9749702246109929,-0.2524953782534343,0.6890525552931583,0.8407084959580646,-0.6036078638942207,-0.659774975096418,1.5677708522569789,-0.3104431577511856
2017-07-21,1.0002591753806633,1.0516424226258876,-0.3284707498689695,0.32472167733460267,0.46522375892484663,-0.4818598554309795,-0.04085302585119164,1.5677708522569789,0.35571299533732176
2017-07-22,1.16634077442732,0.8407938780849282,-0.19762427653110332,0.32472167733460267,0.29834165357674974,-0.573170861778419,1.196990872639261,1.5677708522569789,-0.26603274754532213
2017-07-23,0.3728398012044032,0.6682814325514166,1.625784642241742,0.8712179942724362,0.7572674432840162,-1.0449443945734918,-0.9073437547945099,1.5677708522569789,-1.376293002692868
2017-07-24,0.8157240653288215,0.7066175315588635,-0.19762427653110332,1.053383433251714,0.2566211272397255,-1.0753813966893107,0.4542845335449877,1.5677708522569789,-0.08839110672171677
2017-07-26,1.4062364174947128,0.9558021751072698,-0.33691245782625123,-0.039609200623953005,-0.32746624147861364,-1.2884404114999914,1.630236237110917,1.124720344387294,-0.6213160291925327
2017-07-28,1.4062364174947128,1.1474826701445053,-0.33691245782625123,-0.4039400785825087,-0.45262782048968636,-1.3645329167895215,1.0113142878656907,0.6816698365176094,-0.22162233733940814
2017-07-29,1.295515351463608,1.28165901667057,-0.33691245782625123,-0.4950227980721476,0.04801849555460437,-1.9276174559320511,0.20671575384689583,0.2386193286479245,-1.6427554639283517
2017-07-30,1.480050461515449,1.4350034127003584,-0.33691245782625123,-0.31285735909286977,0.04801849555460437,-2.5211389971903824,0.33050014369594066,-0.20443117922176018,-1.731576284340129
2017-07-31,1.0371661973910307,1.4733395117078054,-0.33691245782625123,0.14255623835532483,0.6321058642729436,-2.2319874770901715,-1.2786969243416466,-0.6474816870914448,0.8442275076022743
2017-08-01,1.1847942854325044,1.1858187691519522,-0.08788207308644132,0.23363895784496375,0.8407084959580646,-1.699339940063461,0.14482355892237672,-0.6474816870914448,1.554794070896746
2017-08-02,0.7788170433184534,0.9941382741147168,0.28777393101259396,0.5068871163138805,0.8407084959580646,-1.5775919316002023,-0.5978827801718967,-0.6474816870914448,0.3557129953373723
2017-08-03,0.5573749112562443,0.6107772840402459,2.4783971459271927,0.962300713762075,0.9241495486321131,-1.6384659358318403,-0.10274522077571516,-0.20443117922176018,-0.17721192713354467
2017-08-04,0.46510735623032373,0.7257855810625867,0.47771236005143203,1.053383433251714,0.46522375892484663,-1.455843923136961,-0.7835593649454629,0.2386193286479245,0.5333546361609777
2017-08-05,1.3324223734739766,0.9558021751072698,-0.2989247720184836,0.23363895784496375,-0.9115536101969528,-1.0753813966893107,1.3826674574128273,0.6816698365176094,1.1106899688377077
2017-08-06,1.129433752416951,1.2241548681593992,-0.33691245782625123,0.05147351886568591,-0.2857457151415894,-0.93841488716816,-0.16463741570023868,0.6816698365176094,0.4001234055432357
2017-08-07,1.1478872634221355,0.9941382741147168,-0.04567353330003286,-0.039609200623953005,-0.07714308345646831,-0.9536333882260695,0.6399611183185561,1.124720344387294,-0.04398069651580282
2017-08-08,1.1109802414117669,1.2049868186556754,-0.2567162322320752,0.05147351886568591,0.2566211272397255,-0.907977885052341,-0.16463741570023868,1.124720344387294,0.133660944307853
2017-08-09,0.7788170433184534,0.8024577790774813,0.2666696611193897,0.32472167733460267,0.715546916946992,-0.9840703903418712,0.02103916907332968,1.124720344387294,-0.22162233733940814
2017-08-10,0.8526310873391896,1.0516424226258876,0.1316023338028826,0.32472167733460267,0.8407084959580646,-0.9840703903418712,-0.5359905852473754,1.124720344387294,0.00042971369011113775
2017-08-11,0.8895381093495583,1.3008270661742931,-0.18918256857382162,0.14255623835532483,0.5903853379359193,-0.7557928744732809,-1.216804729417121,1.124720344387294,0.666585866778669
2017-08-12,1.055619708396215,1.319995115678017,-0.33691245782625123,-0.13069192011359193,0.17318007456567705,-0.5883893628363113,-0.7216671700209415,0.6816698365176094,0.4889442259550637
2017-08-13,1.0371661973910307,1.2433229176631229,-0.33691245782625123,-0.13069192011359193,-0.36918676781563786,-0.5275153586046906,-0.5359905852473754,0.6816698365176094,0.17807135451371647
2017-08-15,1.129433752416951,1.1474826701445053,-0.3284707498689695,-0.31285735909286977,-0.07714308345646831,-0.6340448660100396,0.082931363997851,0.6816698365176094,-0.31044315775123604
2017-08-17,1.1478872634221355,1.1091465711370576,-0.33691245782625123,-0.4039400785825087,0.13145954822865283,-0.5275153586046906,0.2686079487714215,0.2386193286479245,0.3113025851314583
2017-08-18,1.3877829064895284,1.1474826701445053,-0.33691245782625123,-0.13069192011359193,-0.32746624147861364,-0.3448933459098288,0.9494220929411671,-0.20443117922176018,0.5333546361609272
2017-08-19,1.3324223734739766,1.2049868186556754,-0.33691245782625123,-0.5861055175617865,-0.2857457151415894,-0.4209858511993589,0.5780689233940347,-0.6474816870914448,-0.22162233733940814
2017-08-20,1.2217013074428718,1.2241548681593992,-0.33691245782625123,-0.22177463960323085,-1.6208025579263647,-0.831885379762811,0.1448235589223745,-1.0905321949611295,-1.1986513618692627
2017-08-21,1.4246899284998973,1.2433229176631229,-0.33691245782625123,-0.4950227980721476,-1.0784357155450497,-1.4254069210211422,0.7637455081676009,-1.0905321949611295,-1.731576284340129
2017-08-22,1.8122136596087637,1.1283146206407815,-0.2524953782534343,-0.13069192011359193,0.2566211272397255,-1.958054458047853,2.434834771129714,-0.6474816870914448,-1.5539346435165238
2017-08-23,0.5020143782406918,0.629945333543969,2.495280561841756,1.053383433251714,1.0493111276431857,-2.3841724876692316,-0.35031400047380484,-0.6474816870914448,-1.243061772075227
2017-08-25,1.0925267304065838,1.0899785216333344,-0.3326916038476104,0.32472167733460267,0.5486648115988951,-0.6492633670679492,0.14482355892237672,-0.20443117922176018,5.063216477163141
2017-08-26,1.3877829064895284,0.7832897295737575,-0.07099865717187795,-0.4039400785825087,-0.11886360979349253,-0.93841488716816,2.1253737965070987,0.2386193286479245,-0.843368080222052
2017-08-27,0.022223092105904722,0.36159264049183965,6.640159168867067,1.5998797501895474,0.8824290222950889,-1.2580034093841899,-1.0930203395680782,0.6816698365176094,-0.9321889006338799
2017-08-28,-0.08849797392519954,0.45743288801045734,3.8121870031777,1.6909624696791865,0.9241495486321131,-0.36011184696772097,-1.773834483737826,1.124720344387294,2.6206439158384787
2017-08-29,0.8526310873391896,0.47660093751418114,-0.33691245782625123,0.14255623835532483,-1.4121999262412435,-0.3753303480256304,1.3207752624883038,1.124720344387294,-0.04398069651580282
2017-08-30,0.8895381093495583,0.936634125603546,-0.3200290419116878,0.14255623835532483,-0.7863920311858802,-0.6492633670679492,-0.04085302585119164,1.124720344387294,-0.7989576700161886
2017-08-31,1.1109802414117669,0.7832897295737575,-0.16385744470197655,-0.039609200623953005,0.5069442852618709,-0.8014483776470093,1.1969908726392589,1.124720344387294,-0.4436743883689274
2017-09-01,0.907991620354742,0.7641216800700343,-0.06255694921459626,0.5068871163138805,0.715546916946992,-1.0601628956314013,0.5780689233940325,1.124720344387294,-0.7545472598102241
2017-09-02,0.6680959772873485,0.8216258285812045,-0.29470391803984275,0.5068871163138805,0.8407084959580646,-1.227566407268371,-0.41220619539832837,1.124720344387294,-0.4880847985748413
2017-09-03,0.5758284222614279,0.6682814325514166,0.6676507890902701,0.962300713762075,0.8407084959580646,-1.0905998977472202,-0.22652961062476218,1.124720344387294,0.4001234055432357
2017-09-04,0.151397669142194,0.6107772840402459,1.047527647167946,1.053383433251714,0.9241495486321131,-0.8927593839944316,-1.4643735091152128,1.124720344387294,0.5777650463668916
2017-09-05,0.7234565103029009,0.7257855810625867,-0.06677780319323709,0.8712179942724362,0.6321058642729436,-0.6188263649521302,0.0829313639978532,1.5677708522569789,0.7998170973963604
2017-09-07,0.7234565103029009,1.0324743731221637,-0.260937086210716,0.5979698358035194,0.7572674432840162,-0.6644818681258413,-0.9073437547945099,1.5677708522569789,-0.13280151692758022
2017-09-08,0.760363532313269,0.9174660760998221,-0.2904830640612019,0.5068871163138805,-0.16058413613051675,-0.49707835648888893,-0.41220619539832837,1.5677708522569789,0.4889442259550132
2017-09-09,0.9633521533702945,0.7449536305663105,0.752067868663087,0.7801352747827972,0.3817827062507982,-0.5427338596626001,0.8256377030921244,1.5677708522569789,-0.13280151692758022
2017-09-11,1.0371661973910307,1.0516424226258876,-0.33691245782625123,-0.22177463960323085,-1.5790820315893404,-0.436204352257251,0.082931363997851,1.124720344387294,0.3113025851314583
2017-09-12,1.1109802414117669,1.1091465711370576,-0.31158733395440613,-0.039609200623953005,-0.7029509785118317,-0.49707835648888893,0.1448235589223745,1.124720344387294,-0.17721192713354467
2017-09-13,1.3324223734739766,1.1858187691519522,-0.33691245782625123,-0.4039400785825087,0.13145954822865283,-0.46664135437306997,0.6399611183185561,0.6816698365176094,0.08925053410193905
2017-09-14,0.8710845983443739,1.0516424226258876,-0.33691245782625123,-1.223684553989259,0.34006217991377397,-0.6188263649521302,-0.47409839032285184,0.2386193286479245,-0.4436743883689274
2017-09-16,1.0740732194013993,1.0708104721296106,-0.33691245782625123,-0.4039400785825087,-0.6612304521748075,-0.4057673501414494,0.14482355892237672,-0.20443117922176018,0.6221754565727551
2017-09-17,1.0740732194013993,1.2241548681593992,-0.33691245782625123,-0.4950227980721476,-1.3287588735671951,-0.4818598554309795,-0.35031400047380484,-0.6474816870914448,-0.22162233733940814
2017-09-18,1.129433752416951,1.0899785216333344,-0.33691245782625123,-0.22177463960323085,-1.5790820315893404,-0.4209858511993589,0.26860794877141936,-1.0905321949611295,0.17807135451371647
2017-09-19,1.0002591753806633,1.0516424226258876,-0.33691245782625123,-0.22177463960323085,-1.2035972945561224,-0.36011184696772097,-0.04085302585119164,-1.0905321949611295,0.17807135451376696
2017-09-20,0.9633521533702945,1.0516424226258876,-0.3284707498689695,0.05147351886568591,0.21490060090270127,-0.49707835648888893,-0.16463741570023868,-1.0905321949611295,-0.39926397816306397
2017-09-22,0.9633521533702945,0.7641216800700343,0.4186204043504601,0.5068871163138805,0.17318007456567705,-0.4057673501414494,0.7637455081676009,-0.6474816870914448,0.26689217492554435
2017-09-23,0.8526310873391896,0.8791299770923752,1.072852771039791,0.6890525552931583,0.29834165357674974,-0.2688008406202987,0.02103916907332968,-0.20443117922176018,0.4001234055432357
2017-09-24,0.6865494882925329,0.9558021751072698,-0.10054463502236388,0.5979698358035194,0.5486648115988951,-0.573170861778419,-0.7835593649454651,0.2386193286479245,-0.887778490427966
2017-09-25,0.9448986423651101,1.0708104721296106,-0.315808187933047,0.32472167733460267,0.5486648115988951,-0.3753303480256304,-0.2884218055492835,0.6816698365176094,0.5777650463668916
2017-09-26,1.129433752416951,1.0899785216333344,-0.33691245782625123,0.05147351886568591,-1.1201562418820739,-0.23836383850447973,0.26860794877141936,0.6816698365176094,0.4001234055432357
2017-09-27,1.1478872634221355,1.0708104721296106,-0.33691245782625123,0.05147351886568591,-1.4121999262412435,-0.4514228533151605,0.3923923386204664,0.6816698365176094,-0.6213160291925327
2017-09-28,1.350875884479161,1.1666507196482283,-0.33691245782625123,-0.4950227980721476,-1.7876846632744616,-0.5122968575467811,0.7637455081676031,0.2386193286479245,-0.17721192713349418
2017-09-30,0.6496424662821648,0.7257855810625867,1.1403864346980448,0.7801352747827972,0.17318007456567705,0.17253569005898967,-0.16463741570023646,0.2386193286479245,1.9988981729557844
2017-10-01,0.6127354442717967,1.0516424226258876,-0.058336095235955426,0.7801352747827972,0.5069442852618709,-0.13183433109913067,-1.3405891192661679,0.2386193286479245,-0.887778490427966
2017-10-02,1.0925267304065838,0.8216258285812045,-0.18496171459518077,0.5068871163138805,-0.07714308345646831,-0.22314533744657025,1.0113142878656949,0.2386193286479245,-0.26603274754532213
2017-10-03,1.2401548184480562,1.1858187691519522,-0.33691245782625123,0.05147351886568591,-0.6612304521748075,-0.04052332475170842,0.3305001436959429,-0.20443117922176018,0.5333546361609272
2017-10-04,0.7788170433184534,1.0324743731221637,0.06406867014462911,0.4158043968242416,0.34006217991377397,0.2181911932327008,-0.7216671700209415,0.2386193286479245,0.7554066871904969
2017-10-06,0.7972705543236378,1.0133063236184399,-0.3284707498689695,-0.22177463960323085,0.6321058642729436,0.08122468371155012,-0.5978827801718944,0.6816698365176094,-0.39926397816301346
2017-10-07,0.907991620354742,1.1091465711370576,-0.33691245782625123,-0.31285735909286977,0.34006217991377397,0.06600618265364064,-0.5359905852473732,0.6816698365176094,-0.04398069651580282
2017-10-08,0.8710845983443739,0.9941382741147168,-0.33691245782625123,-0.22177463960323085,0.5903853379359193,-0.1166158300412385,-0.2884218055492835,0.2386193286479245,-0.5324952087807553
2017-10-11,1.055619708396215,1.1858187691519522,-0.3284707498689695,-0.4039400785825087,-1.0367151892080255,-0.20792683638866077,-0.2884218055492835,0.2386193286479245,-0.2660327475452716
2017-10-12,1.0925267304065838,1.0516424226258876,-0.33691245782625123,-0.7682709565410644,0.04801849555460437,-0.4057673501414494,0.2686079487714215,-0.20443117922176018,-0.5769056189866693
2017-10-13,0.7050029992977173,0.45743288801045734,-0.33691245782625123,-1.223684553989259,-0.36918676781563786,-0.7101373712995698,0.887529898016648,-0.20443117922176018,-0.887778490427966
2017-10-14,-0.21767255096148816,-0.04093639908635509,-0.3200290419116878,-0.8593536760307032,0.8407084959580646,-1.227566407268371,-0.5978827801718944,-0.20443117922176018,-1.5095242333106098
2017-10-15,0.022223092105904722,-0.32845714164220824,0.5368043157524038,1.053383433251714,0.8824290222950889,-1.8667434517004307,1.1350986777147376,-0.20443117922176018,-1.8648075149578711
2017-10-16,0.13294415813700963,0.6682814325514166,0.38485357252133345,1.2355488722309917,0.8407084959580646,-0.6797003691837508,-1.7119422888133047,0.2386193286479245,3.464441709750642
2017-10-17,0.151397669142194,0.4957689870179043,1.4063002353524177,0.8712179942724362,0.8824290222950889,-0.05574182580960059,-1.093020339568076,0.6816698365176094,1.8212565321321792
2017-10-19,0.2067582021577458,0.2465843434694981,-0.33691245782625123,-0.5861055175617865,0.08973902189162859,-0.10139732898332902,-0.10274522077571516,0.2386193286479245,-0.1328015169276307
2017-10-20,0.1883046911525621,0.0357357989285395,-0.33691245782625123,-0.7682709565410644,0.17318007456567705,-0.07096032686751007,0.5161767284695112,0.2386193286479245,0.08925053410193905
2017-10-21,0.07758362512145718,-0.09844054759752519,-0.33691245782625123,-1.223684553989259,-1.4539204525782679,-0.07096032686751007,0.5780689233940325,0.2386193286479245,0.00042971369011113775
2017-10-22,-0.08849797392519954,-0.36679324064965524,-0.33691245782625123,-1.5880154319478146,-2.455213084666849,-0.025304823693798936,0.887529898016648,-0.20443117922176018,0.1336609443078025
2017-10-23,0.1698511801473777,-0.2517849436273137,-0.33691245782625123,-1.4058499929685369,-2.580374663677922,0.46168721015920056,1.3826674574128273,-0.6474816870914448,1.4215628402790548
2017-10-24,0.09603713612664155,0.07407189793598645,-0.33691245782625123,-1.13260183449962,-2.246610452981728,0.9030237408384716,0.0829313639978532,-1.0905321949611295,1.2883316096613129
2017-10-26,0.24366522416811454,-0.002600300078907455,-0.33691245782625123,-0.5861055175617865,-2.079728347633631,0.5682167175645323,0.8256377030921244,-1.5335827028308142,-0.9765993108397938
2017-10-27,0.3359327791940351,-0.002600300078907455,-0.33691245782625123,-1.5880154319478146,-1.1618767682190982,0.20297269217479133,1.1350986777147376,-1.5335827028308142,-1.0654201312515712
2017-10-28,0.22521171316293018,0.07407189793598645,-0.33691245782625123,-2.134511748885648,-1.9545667686225585,0.33993920169594205,0.5161767284695112,-1.5335827028308142,0.4001234055432357
2017-10-29,0.040676603111089095,-0.07927249809380205,-0.33691245782625123,-2.225594468375287,-1.5373615052523162,0.8269312355489415,0.3923923386204664,-1.5335827028308142,1.4215628402790548
2017-11-01,-0.07004446292001582,-0.30928909213848443,-0.33691245782625123,-1.0415191150099812,-1.6208025579263647,0.7051832270857004,0.7637455081676009,-1.5335827028308142,-0.35485356795709955
2017-11-02,0.1883046911525621,-0.23261689412359055,-0.33691245782625123,-0.9504363955203422,-1.9128462422855343,0.26384669640641195,1.3826674574128295,-1.5335827028308142,-1.287472182281141
2017-11-03,0.151397669142194,-0.021768349582631272,-0.33691245782625123,-1.3147672734788978,-0.16058413613051675,0.4464687091012911,0.5780689233940347,-1.5335827028308142,0.5333546361609777
2017-11-04,-0.18076552895112008,-0.2709529931310375,-0.3242498958903287,-1.7701808709270925,0.7572674432840162,0.9638977450700922,0.2686079487714215,-1.0905321949611295,1.510383660690832
2017-11-07,-0.143858506940752,-0.06010444859007823,-0.3242498958903287,-0.22177463960323085,0.8407084959580646,0.5225612143908211,-0.2884218055492835,-0.6474816870914448,-1.2874721822810906
2017-11-10,0.29902575718366636,0.15074409595088037,-0.33691245782625123,-0.31285735909286977,-0.4943483468267106,0.3551577027538515,0.5161767284695112,-0.6474816870914448,-0.4880847985748413
2017-11-11,-0.05159095191483145,0.2465843434694981,-0.33691245782625123,0.05147351886568591,0.8824290222950889,0.2334096942906103,-0.9692359497190312,-0.6474816870914448,-0.35485356795709955
2017-11-12,-0.6051962820703547,-0.1942807951161429,0.28355307703395305,0.8712179942724362,1.0493111276431857,0.1573171890010802,-1.4024813141906913,-0.20443117922176018,-0.22162233733940814
2017-11-13,-0.7528243701118277,-0.11760859710124899,0.19069428950385447,1.2355488722309917,1.1327521803172342,0.0964431847694596,-2.1451876532849625,0.2386193286479245,-0.17721192713349418
2017-11-14,-0.5129287270444342,-0.021768349582631272,-0.3284707498689695,0.962300713762075,0.8407084959580646,0.30950219958014036,-1.650050093888781,0.6816698365176094,0.6221754565727551
2017-11-15,-0.5313822380496185,0.09323994743971027,-0.33691245782625123,0.5979698358035194,0.6738263906099677,0.5225612143908211,-2.0832954583604413,0.2386193286479245,0.6221754565727551
2017-11-16,-0.10695148493038391,0.016567749424815682,-0.33691245782625123,0.32472167733460267,0.0062979692175801445,0.38559470486967046,-0.41220619539832837,-0.20443117922176018,-0.39926397816301346
2017-11-17,-0.10695148493038391,0.15074409595088037,-0.33691245782625123,0.5979698358035194,-1.0784357155450497,-0.14705283215704015,-0.8454515598699863,-0.20443117922176018,-1.5539346435165238
2017-11-18,-0.05159095191483145,-0.3859612901533784,-0.2567162322320752,0.5068871163138805,-0.32746624147861364,-0.05574182580960059,1.0732064827902141,0.2386193286479245,0.26689217492554435
2017-11-19,-1.2141621452414304,-0.5201376366794437,-0.29470391803984275,0.5979698358035194,0.8407084959580646,0.7812757323752304,-2.3927564329830524,0.2386193286479245,2.443002275014823
2017-11-20,-1.195708634236246,-0.8076583792352969,-0.33691245782625123,0.05147351886568591,0.9658700749691373,0.9486792440121827,-1.4024813141906893,-0.20443117922176018,0.4889442259550132
2017-11-21,-0.9927200131792212,-0.8843305772501908,-0.33691245782625123,-0.039609200623953005,0.8407084959580646,0.8269312355489415,-0.47409839032285184,-0.6474816870914448,-0.35485356795709955
2017-11-22,-0.7159173481014596,-0.9226666762576378,-0.33691245782625123,-0.6771882370514254,-0.32746624147861364,0.5986537196803513,0.5780689233940325,-0.6474816870914448,-0.6657264393984467
2017-11-23,-1.195708634236246,-1.2676915673246616,-0.33691245782625123,-1.223684553989259,-0.8698330838599286,1.1160827556491524,0.0829313639978532,-0.6474816870914448,1.510383660690832
2017-11-24,-1.1034410792103255,-1.0760110722874263,-0.33691245782625123,-1.13260183449962,0.7572674432840162,1.4508897789230917,-0.22652961062475999,-0.6474816870914448,0.9774587382200162
2017-11-25,-1.4171507662984553,-0.9993388742725323,-0.33691245782625123,-0.4039400785825087,0.8407084959580646,1.359578772575652,-1.526265704039734,-1.0905321949611295,-0.26603274754532213
2017-11-26,-0.8081849031273801,-0.7693222802278492,-0.33691245782625123,-0.4039400785825087,0.21490060090270127,1.1617382588228808,-0.22652961062476218,-1.5335827028308142,-0.5769056189866187
2017-11-29,-0.07004446292001582,-0.09844054759752519,-0.33691245782625123,0.4158043968242416,0.2566211272397255,0.6595277239119719,0.082931363997851,-1.5335827028308142,-1.4651138231047462
2017-11-30,-0.6605568150859071,-0.06010444859007823,-0.3242498958903287,1.1444661527413529,0.7572674432840162,0.6595277239119719,-2.021403263435918,-1.0905321949611295,0.00042971369011113775
2017-12-02,-0.7159173481014596,-0.8843305772501908,-0.33691245782625123,-0.4039400785825087,-0.11886360979349253,0.9943347471859112,0.4542845335449877,-1.0905321949611295,0.9774587382200162
2017-12-03,-0.7159173481014596,-0.6159778841980614,-0.33691245782625123,-0.13069192011359193,-0.6612304521748075,0.7812757323752304,-0.41220619539832837,-1.0905321949611295,-0.6213160291925327
2017-12-04,-0.8266384141325639,-0.7884903297315731,-0.33691245782625123,-0.5861055175617865,-1.3287588735671951,0.8725867387226527,-0.22652961062475999,-1.0905321949611295,0.2668921749254939
2017-12-05,-1.1772551232310624,-0.8459944782427439,-0.33691245782625123,-0.5861055175617865,0.4235032325878224,1.131301256707062,-1.2168047294171231,-1.0905321949611295,0.7554066871904969
2017-12-06,-1.048080546194773,-0.8843305772501908,-0.33691245782625123,-0.4039400785825087,-1.1201562418820739,0.9030237408384716,-0.659774975096418,-1.0905321949611295,-0.6657264393984467
2017-12-07,-0.9189059691584844,-0.82682642873902,-0.33691245782625123,-0.7682709565410644,-0.45262782048968636,0.8573682376647604,-0.41220619539832837,-1.0905321949611295,-0.13280151692758022
2017-12-08,-1.3617902332829035,-1.3060276663321086,-0.33691245782625123,-2.5899253463338425,-2.455213084666849,1.313923269401941,-0.350314000473807,-1.5335827028308142,1.3327420198672268
2017-12-09,-1.6201393873554806,-1.6893886564065796,-0.33691245782625123,-1.9523463099063703,-2.2048899266447037,1.0856457535333508,0.02103916907332968,-1.5335827028308142,-0.6657264393984467
2017-12-10,-1.1772551232310624,-1.382699864347003,-0.33691245782625123,-1.5880154319478146,-1.287038347230171,0.8573682376647604,0.5161767284695101,-1.5335827028308142,-0.6657264393984467
2017-12-11,-1.048080546194773,-0.9801708247688086,-0.33691245782625123,-1.7701808709270925,-0.45262782048968636,0.8725867387226527,-0.35031400047380484,-1.5335827028308142,0.044840123895974596
2017-12-15,-1.0111735241844049,-0.6926500822129553,-0.33691245782625123,0.32472167733460267,0.46522375892484663,1.0095532482438208,-1.1549125344925995,-1.5335827028308142,0.40012340554328624
2017-12-16,-1.343336722277719,-1.9002372009475388,-0.33691245782625123,-0.9504363955203422,0.04801849555460437,1.6487302926758631,1.6302362371109191,-1.5335827028308142,1.8656669423380425
2017-12-17,-2.358279827562845,-2.168589893999668,-0.33691245782625123,-1.223684553989259,0.5486648115988951,2.135722326528845,-0.9073437547945099,-1.5335827028308142,1.4215628402790041
2017-12-18,-2.0261166294695307,-2.3602703890369034,-0.33691245782625123,-1.8612635904167314,-1.87112571594851,1.9683188148918929,0.8256377030921244,-1.5335827028308142,-0.48808479857479087
2017-12-19,-1.8969420524332423,-2.187757943503392,-0.33691245782625123,-2.8631735048027593,-1.1618767682190982,1.983537315949785,0.7018533132430795,-1.5335827028308142,0.044840123895974596
2017-12-20,-1.6570464093658488,-1.8619011019400915,-0.33691245782625123,-3.409669821740593,-1.6208025579263647,2.242251833934194,0.4542845335449888,-1.5335827028308142,0.7554066871904969
2017-12-21,-1.8046744974073217,-1.8619011019400915,-0.33691245782625123,-2.225594468375287,-1.87112571594851,1.9987558170077118,-0.040853025851192735,-1.5335827028308142,-0.7101368496043101
2017-12-22,-1.4171507662984553,-1.459372062361897,-0.33691245782625123,-1.13260183449962,-0.6612304521748075,1.313923269401941,-0.04085302585119164,-1.5335827028308142,-1.9980387455755626
2017-12-23,-1.048080546194773,-0.9610027752650847,-0.33691245782625123,-0.4039400785825087,0.9658700749691373,0.7508387302594114,-0.41220619539832837,-1.5335827028308142,-1.6427554639283517
2017-12-24,-0.6790103260910909,-0.7693222802278492,-0.33691245782625123,-1.5880154319478146,-1.662523084263389,0.842149736606851,0.20671575384689803,-1.5335827028308142,0.26689217492554435
2017-12-25,-1.3064297002673508,-1.1143471712948732,-0.33691245782625123,-2.225594468375287,-0.16058413613051675,1.1008642545912428,-0.7835593649454651,-1.5335827028308142,0.7554066871904465
2017-12-26,-1.3064297002673508,-1.1143471712948732,-0.33691245782625123,-0.4039400785825087,0.04801849555460437,1.283486267286122,-0.7835593649454651,-1.5335827028308142,0.5333546361609777
2017-12-27,-1.3617902332829035,-1.133515220798597,-0.33691245782625123,-0.22177463960323085,-0.7029509785118317,1.313923269401941,-0.9073437547945099,-1.5335827028308142,0.08925053410193905
2017-12-29,-0.9742665021740369,-0.8459944782427439,-0.33691245782625123,-0.039609200623953005,-0.9115536101969528,1.3291417704598332,-0.5359905852473732,-1.5335827028308142,0.044840123895974596
2017-12-30,-0.7712778811170115,-0.865162527746467,-0.33691245782625123,-0.5861055175617865,-0.9949946628710012,1.3747972736335616,0.20671575384689803,-1.5335827028308142,0.133660944307853
2018-01-01,-1.4356042773036395,-1.1143471712948732,-0.33691245782625123,0.05147351886568591,0.29834165357674974,1.207393761996592,-1.2168047294171231,-1.5335827028308142,-0.4880847985748413
2018-01-02,-1.3986972552932715,-1.171851319806044,-0.33691245782625123,0.05147351886568591,0.3817827062507982,1.0247717493017128,-0.9073437547945099,-1.5335827028308142,-0.5324952087807553
2018-01-03,-0.8819989471481163,-0.7501542307241261,-0.33691245782625123,-0.13069192011359193,0.46522375892484663,0.9030237408384716,-0.5359905852473732,-1.5335827028308142,-0.35485356795709955
2018-01-04,-1.158801612225878,-0.7693222802278492,-0.3284707498689695,0.4158043968242416,0.7572674432840162,0.6290907217961702,-1.4024813141906913,-1.0905321949611295,-0.798957670016138
2018-01-05,-0.7343708591066433,-0.9418347257613615,-0.3284707498689695,0.8712179942724362,0.8407084959580646,0.41603170698547215,0.5780689233940347,-0.6474816870914448,-0.6213160291925832
2018-01-06,-1.7493139643917692,-1.1910193693097675,-0.18074086061653993,1.3266315917206308,1.09103165398021,0.30950219958014036,-2.0214032634359165,-0.20443117922176018,-0.3104431577511856
2018-01-07,-1.6939534313762168,-1.2293554683172148,0.3468658867135658,1.4177143112102697,1.1327521803172342,0.26384669640641195,-1.7119422888133025,0.2386193286479245,-0.1328015169276307
2018-01-08,-1.490964810319192,-2.4177745375480746,0.15270660369608685,1.5998797501895474,0.9658700749691373,0.40081320592757996,2.8061879406768484,0.6816698365176094,0.40012340554328624
2018-01-09,-2.967245690733921,-2.724463329607651,0.0809520860591925,0.4158043968242416,1.2161932329912828,1.603074789502152,-1.1549125344926006,1.124720344387294,3.5088521199565053
2018-01-12,-2.1183841844954516,-2.226094042510839,-0.33691245782625123,-2.8631735048027593,-2.371772031992801,2.2118148318183755,0.0829313639978532,1.124720344387294,1.7768461219262146
2018-01-13,-2.2475587615317405,-2.0727496464810504,-0.33691245782625123,-0.9504363955203422,-2.079728347633631,2.044411320181423,-0.8454515598699874,0.6816698365176094,-0.48808479857479087
2018-01-14,-1.7677674753969537,-1.9385732999549858,-0.33691245782625123,-0.6771882370514254,-2.371772031992801,1.5726377873863329,0.3305001436959429,0.2386193286479245,-1.3762930026929185
2018-01-15,-1.5832323653451126,-1.7468928049177503,-0.33691245782625123,0.14255623835532483,-2.16316940030768,0.9638977450700922,0.3305001436959429,-0.20443117922176018,-1.775986694546043
2018-01-16,-0.7712778811170115,-1.4018679138507264,-0.33691245782625123,-0.22177463960323085,-1.87112571594851,0.4312502080433816,1.9396972117335323,-0.6474816870914448,-1.5539346435165238
2018-01-17,-0.23612606196667252,-1.1910193693097675,-0.33691245782625123,-1.5880154319478146,-2.455213084666849,0.2790651974643214,3.053756720374939,-1.0905321949611295,-0.4436743883689274
2018-01-18,-0.5129287270444342,-1.1910193693097675,-0.33691245782625123,-0.13069192011359193,-1.2035972945561224,0.6138722207382608,2.1253737965070996,-1.5335827028308142,0.9774587382200162
2018-01-19,-1.380243744288087,-0.8076583792352969,-0.30314562599712447,1.053383433251714,1.0075906013061615,0.7964942334331225,-2.0214032634359156,-1.0905321949611295,0.5333546361609272
2018-01-21,-0.9742665021740369,-1.0185069237762554,-0.33691245782625123,0.32472167733460267,0.4235032325878224,0.46168721015920056,0.02103916907332968,-1.0905321949611295,-0.9765993108397434
2018-01-22,-0.36530063900296117,-0.9610027752650847,-0.33691245782625123,0.23363895784496375,-0.2440251888045652,0.20297269217479133,1.8778050168090088,-1.0905321949611295,-0.7545472598102746
2018-01-23,-0.7343708591066433,-0.9418347257613615,-0.33691245782625123,0.05147351886568591,0.46522375892484663,0.41603170698547215,0.5780689233940347,-1.0905321949611295,0.6221754565727551
2018-01-24,-1.5094183213243757,-1.0568430227837025,-0.33691245782625123,0.05147351886568591,0.5069442852618709,0.4464687091012911,-1.650050093888781,-1.0905321949611295,0.08925053410193905
2018-01-25,-1.4725112993140077,-1.1526832703023202,-0.33691245782625123,0.14255623835532483,0.5903853379359193,0.47690571121711006,-1.2168047294171231,-1.0905321949611295,0.08925053410193905
2018-01-28,-1.5463253433347444,-1.8235650029326445,-0.33691245782625123,0.32472167733460267,0.8407084959580646,0.32472070063804986,0.7018533132430784,-1.0905321949611295,-0.4436743883689274
2018-01-29,-2.5612684486198702,-2.5327828345704155,-0.3326916038476104,-0.13069192011359193,1.09103165398021,1.1465197577649713,-0.41220619539832837,-1.0905321949611295,2.398591864808909
2018-01-30,-2.9118851577183684,-2.5327828345704155,-0.3284707498689695,0.4158043968242416,1.3413548120023553,1.1921752609386824,-1.5881578989642586,-0.6474816870914448,0.1336609443078025
2018-01-31,-2.9856992017391044,-2.7436313791113744,0.47771236005143203,0.8712179942724362,0.7572674432840162,1.283486267286122,-1.1549125344926001,-0.20443117922176018,0.26689217492554435
2018-02-01,-2.6719895146509747,-2.93531187414861,-0.33691245782625123,-1.223684553989259,0.34006217991377397,1.4661082799810012,0.5161767284695118,-0.20443117922176018,0.5333546361609777
2018-02-03,-2.764257069676895,-2.551950884074139,-0.33691245782625123,-2.0434290293960093,0.8407084959580646,2.029192819123531,-1.0311281446435547,-0.20443117922176018,1.643614891308574
2018-02-04,-2.7827105806820795,-2.4944467355629687,-0.33691245782625123,-2.407759907354565,0.8407084959580646,2.059629821239315,-1.2786969243416455,-0.20443117922176018,0.08925053410183806
2018-02-05,-2.764257069676895,-2.686127230600204,-0.33691245782625123,-2.6810080658234816,0.46522375892484663,2.135722326528845,-0.5978827801718956,-0.20443117922176018,0.2224817647196304
2018-02-06,-2.321372805552477,-2.724463329607651,-0.33691245782625123,-2.498842626844204,-0.8281125575229044,1.6943857958495914,1.0113142878656916,-0.6474816870914448,-1.28747218228104
2018-02-07,-2.1183841844954516,-2.226094042510839,-0.33691245782625123,-1.9523463099063703,0.46522375892484663,1.283486267286122,0.0829313639978532,-1.0905321949611295,-1.198651361869313
2018-02-08,-1.860035030422874,-2.0727496464810504,-0.33691245782625123,-1.4969327124581757,0.21490060090270127,0.9486792440121827,0.4542845335449877,-1.5335827028308142,-0.9765993108397938
2018-02-09,-1.7862209864021374,-1.6127164583916855,-0.33691245782625123,-0.13069192011359193,0.9241495486321131,0.5986537196803513,-0.7835593649454629,-1.5335827028308142,-1.0210097210456572
2018-02-10,-0.8635454361429319,-1.1910193693097675,-0.33691245782625123,0.05147351886568591,0.13145954822865283,0.7356202292015019,0.9494220929411703,-1.5335827028308142,0.4001234055432357
2018-02-11,-1.3064297002673508,-1.459372062361897,-0.33691245782625123,-1.3147672734788978,0.4235032325878224,1.5422007852705313,0.3305001436959429,-1.5335827028308142,2.3541814546030455
2018-02-12,-1.4356042773036395,-1.9577413494587093,-0.33691245782625123,-1.6790981514374534,-1.7459641369374372,2.1052853244130607,1.506451847261873,-1.5335827028308142,1.643614891308574
2018-02-13,-1.5463253433347444,-1.7852289039251972,-0.33691245782625123,-1.223684553989259,-1.495640978915292,1.7096042969074836,0.5780689233940325,-1.5335827028308142,-1.1542409516634498
2018-02-14,-1.5094183213243757,-1.4402040128581737,-0.33691245782625123,-1.7701808709270925,0.2566211272397255,0.9943347471859112,-0.41220619539832726,-1.5335827028308142,-2.08685956598734
2018-02-15,-0.5129287270444342,-0.9418347257613615,-0.33691245782625123,-0.13069192011359193,-0.45262782048968636,0.5225612143908211,1.320775262488306,-1.5335827028308142,-1.3762930026929185
2018-02-16,-0.36530063900296117,-0.8843305772501908,-0.33691245782625123,0.05147351886568591,-2.413492558329825,0.370376203811761,1.6302362371109191,-1.5335827028308142,-0.4436743883689274
2018-02-18,-1.2141621452414304,-1.0760110722874263,-0.33691245782625123,0.14255623835532483,0.7989879696210405,0.766057231317321,-0.5978827801718967,-1.5335827028308142,1.1551003790436216
2018-02-22,-1.8415815194176899,-1.7468928049177503,-0.23983281631751177,1.053383433251714,1.3413548120023553,0.8573682376647604,-0.5359905852473732,-1.0905321949611295,0.26689217492554435
2018-02-23,-1.8969420524332423,-1.7852289039251972,-0.2524953782534343,0.6890525552931583,0.7989879696210405,1.1160827556491524,-0.5978827801718967,-0.6474816870914448,0.7554066871904465
2018-02-24,-1.1034410792103255,-1.2676915673246616,-0.3284707498689695,-0.4950227980721476,0.7572674432840162,0.9791162461280017,0.3923923386204664,-0.20443117922176018,-0.39926397816301346
2018-02-27,-0.6605568150859071,-1.210187418813491,-0.33691245782625123,-0.5861055175617865,0.6321058642729436,0.7204017281435925,1.6921284320354404,-0.20443117922176018,-0.7545472598102746
2018-03-01,-0.36530063900296117,-0.5201376366794437,-0.33691245782625123,0.7801352747827972,-0.8698330838599286,-0.010086322635889457,0.4542845335449899,-0.20443117922176018,-2.131269976193254
2018-03-03,-0.5867427710651704,-0.2134488446198667,-0.33691245782625123,1.2355488722309917,0.7572674432840162,-0.20792683638866077,-1.2786969243416444,-0.20443117922176018,-0.5769056189866187
2018-03-05,0.1883046911525621,0.2465843434694981,-0.33691245782625123,0.5979698358035194,0.13145954822865283,-0.025304823693798936,-0.16463741570023646,-0.20443117922176018,0.5333546361609272
2018-03-08,-1.158801612225878,-1.842733052436368,0.5199208998378405,0.4158043968242416,0.9241495486321131,1.0399902503596223,2.063481601582577,-0.20443117922176018,3.109158428103381
2018-03-09,-1.2879761892621666,-2.1110857454884977,-0.33691245782625123,-1.4969327124581757,-2.3300515056557765,1.5574192863284235,2.4967269660542364,-0.6474816870914448,1.510383660690832
2018-03-10,-1.195708634236246,-1.6127164583916855,-0.33691245782625123,-1.0415191150099812,-2.3300515056557765,1.4508897789230917,1.196990872639261,-1.0905321949611295,-0.3104431577511856
2018-03-11,-0.7897313921221958,-1.3060276663321086,-0.33691245782625123,-0.7682709565410644,-1.9962872949595827,1.359578772575652,1.5683440421863957,-1.0905321949611295,-0.26603274754532213
2018-03-12,-0.6421033040807228,-0.9993388742725323,-0.33691245782625123,-0.5861055175617865,-2.413492558329825,0.9791162461280017,1.0732064827902164,-1.0905321949611295,-1.1098305414574852
2018-03-13,-0.4206611720185136,-0.7693222802278492,-0.33691245782625123,-0.22177463960323085,-0.8281125575229044,0.6290907217961702,1.0732064827902141,-1.0905321949611295,-1.0210097210456572
2018-03-14,-1.1034410792103255,-0.5201376366794437,-0.23561196233887094,0.5068871163138805,0.8407084959580646,0.33993920169594205,-2.0214032634359156,-0.6474816870914448,-0.8433680802221025
2018-03-16,-0.08849797392519954,-0.3476251911459314,-0.33691245782625123,0.32472167733460267,-1.2035972945561224,0.33993920169594205,0.8256377030921244,-1.0905321949611295,0.00042971369011113775
2018-03-21,-0.49447521603924977,-1.459372062361897,-0.33691245782625123,-2.407759907354565,-2.6220951900149463,0.6290907217961702,3.05375672037494,-1.0905321949611295,0.8442275076023248
2018-03-22,-0.49447521603924977,-1.133515220798597,-0.33691245782625123,-1.8612635904167314,-2.455213084666849,0.6595277239119719,2.0015894066580557,-1.0905321949611295,0.08925053410188855
2018-03-23,-0.3837541500081455,-0.9418347257613615,-0.33691245782625123,-0.8593536760307032,-2.371772031992801,0.8878052397805621,1.7540206269599639,-1.0905321949611295,0.666585866778669
2018-03-26,-0.05159095191483145,-0.32845714164220824,-0.33691245782625123,-0.5861055175617865,0.04801849555460437,0.8725867387226527,0.887529898016648,-1.0905321949611295,-0.04398069651580282
2018-03-27,-0.143858506940752,-0.2517849436273137,-0.33691245782625123,-0.4039400785825087,-0.7446715048488559,0.5529982165066402,0.3305001436959429,-1.0905321949611295,-0.9321889006338294
2018-03-28,-0.014683929904463364,-0.2134488446198667,-0.33691245782625123,-0.039609200623953005,-1.1201562418820739,0.32472070063804986,0.6399611183185561,-1.5335827028308142,-0.6657264393984467
2018-03-29,0.040676603111089095,-0.1942807951161429,-0.33691245782625123,0.05147351886568591,0.04801849555460437,0.26384669640641195,0.7637455081676009,-1.5335827028308142,-0.17721192713354467
2018-03-30,0.2067582021577458,-0.17511274561241977,-0.33691245782625123,-0.13069192011359193,-0.9115536101969528,0.4312502080433816,1.2588830675637823,-1.5335827028308142,0.4889442259550637
2018-03-31,0.13294415813700963,-0.13677664660497282,-0.33691245782625123,-1.13260183449962,-1.5373615052523162,0.4464687091012911,0.887529898016648,-1.5335827028308142,0.04484012389602509
2018-04-01,0.2067582021577458,-0.15594469610869596,-0.33691245782625123,-0.4039400785825087,-0.7029509785118317,0.2942836985222309,1.1969908726392589,-1.5335827028308142,-0.4436743883689274
2018-04-02,0.3543862901992188,-0.11760859710124899,-0.33691245782625123,-0.5861055175617865,-1.9128462422855343,0.1573171890010802,1.5683440421863957,-1.5335827028308142,-0.39926397816301346
2018-04-03,0.4835608672355074,-0.04093639908635509,-0.33691245782625123,-0.31285735909286977,-1.2453178208931466,0.1573171890010802,1.7540206269599639,-1.5335827028308142,0.00042971369011113775
2018-04-04,0.3174792681888507,0.09323994743971027,-0.33691245782625123,0.05147351886568591,-1.4539204525782679,0.0203506794799295,0.7637455081676009,-1.5335827028308142,-0.39926397816301346
2018-04-05,0.1883046911525621,0.11240799694343341,-0.33691245782625123,0.05147351886568591,-0.45262782048968636,-0.14705283215704015,0.2686079487714215,-1.5335827028308142,-0.4880847985748413
2018-04-08,-0.34684712799777745,-1.1143471712948732,-0.33691245782625123,-2.225594468375287,-1.9128462422855343,1.2378307641124109,2.4348347711297116,-1.5335827028308142,4.041777042427372
2018-04-09,-0.05159095191483145,-0.5968098346943376,-0.33691245782625123,-0.22177463960323085,-1.0367151892080255,0.766057231317321,1.7540206269599639,-1.5335827028308142,-1.3762930026929185
2018-04-10,0.3174792681888507,-0.1942807951161429,-0.33691245782625123,0.05147351886568591,-0.8281125575229044,0.32472070063804986,1.6921284320354404,-1.5335827028308142,-1.2874721822810906
2018-04-11,0.151397669142194,0.07407189793598645,-0.33691245782625123,0.5068871163138805,0.29834165357674974,-0.04052332475170842,0.2686079487714215,-1.5335827028308142,-1.0654201312516218
2018-04-12,0.24366522416811454,0.3424245909881158,-0.33691245782625123,0.4158043968242416,0.6738263906099677,-0.22314533744657025,-0.2884218055492813,-1.5335827028308142,-0.5324952087807048
2018-04-15,-0.19921903995630444,-0.6734820327092316,0.3890744264999742,0.6890525552931583,0.8824290222950889,0.24862819534851976,1.5064518472618722,-1.0905321949611295,1.3771524300731408
2018-04-16,-1.3617902332829035,-0.8843305772501908,-0.2524953782534343,0.962300713762075,1.0493111276431857,0.5986537196803513,-1.7119422888133047,-0.6474816870914448,1.0218691484258797
2018-04-17,-0.7159173481014596,-0.9034986267539146,-0.3284707498689695,0.4158043968242416,0.9241495486321131,0.6899647260277908,0.5161767284695112,-0.20443117922176018,0.26689217492554435
2018-04-18,-0.21767255096148816,-0.1942807951161429,-0.3326916038476104,0.05147351886568591,0.8824290222950889,0.4921242122750022,-0.10274522077571516,0.2386193286479245,-0.5769056189866693
2018-04-19,-0.08849797392519954,-0.13677664660497282,-0.33691245782625123,-0.13069192011359193,0.4235032325878224,0.30950219958014036,0.14482355892237672,0.2386193286479245,-0.5324952087807048
2018-04-24,-0.014683929904463364,0.3424245909881158,0.009197568422298085,0.6890525552931583,0.715546916946992,-0.4057673501414494,-1.1549125344925995,0.6816698365176094,-2.0868595659873903
2018-04-26,-0.4022076610133292,0.11240799694343341,-0.3242498958903287,0.5979698358035194,1.0075906013061615,0.1573171890010802,-1.7119422888133025,1.124720344387294,1.643614891308574
2018-04-28,-0.07004446292001582,0.189080194958328,-0.3326916038476104,0.5979698358035194,0.8824290222950889,0.370376203811761,-0.8454515598699885,1.124720344387294,0.6221754565727551
2018-05-02,0.9264451313599265,0.6682814325514166,-0.33691245782625123,-0.22177463960323085,-0.16058413613051675,-0.025304823693798936,0.9494220929411692,0.6816698365176094,-1.1542409516633991
2018-05-03,1.2401548184480562,0.15074409595088037,-0.2567162322320752,0.23363895784496375,0.5903853379359193,0.2334096942906103,3.6726786696201668,0.6816698365176094,0.7554066871904969
2018-05-04,-0.3099401059874087,-0.002600300078907455,-0.30314562599712447,0.4158043968242416,0.8824290222950889,0.5377797154487306,-1.0311281446435547,0.6816698365176094,0.8886379178081882
2018-05-06,0.7788170433184534,0.629945333543969,-0.29470391803984275,0.23363895784496375,0.5069442852618709,-0.1927083353307686,0.5780689233940347,1.124720344387294,-2.1312699761933045
2018-05-07,0.5204678892458762,0.43826483850673353,-0.05411524125731456,0.4158043968242416,0.8407084959580646,-0.8166668787049015,0.33050014369594505,1.124720344387294,-1.8203971047519067
2018-05-08,0.05913011411627346,0.30408849198066884,0.8618100721077488,1.2355488722309917,0.8407084959580646,-0.6492633670679492,-0.7835593649454629,1.124720344387294,0.4889442259550132
2018-05-09,-0.19921903995630444,0.13157604644715723,-0.10898634297964555,0.962300713762075,0.8407084959580646,0.05078768159573115,-1.0930203395680782,1.124720344387294,2.0433085831616986
2018-05-10,-0.5313822380496185,0.016567749424815682,0.0007558604650164249,1.053383433251714,0.9241495486321131,0.370376203811761,-1.8357266786623494,1.5677708522569789,0.9330483280141022
2018-05-11,-0.2730330839770406,0.0357357989285395,-0.29470391803984275,0.7801352747827972,0.8407084959580646,0.24862819534851976,-1.0311281446435547,1.5677708522569789,-0.35485356795709955
2018-05-12,0.7050029992977173,0.3999287394992866,-0.33691245782625123,0.4158043968242416,0.13145954822865283,-0.04052332475170842,1.0732064827902164,1.124720344387294,-0.8433680802221025
2018-05-13,0.8710845983443739,0.6107772840402459,-0.33691245782625123,0.14255623835532483,-1.1201562418820739,-0.23836383850447973,0.9494220929411692,0.6816698365176094,-0.5769056189866187
2018-05-14,0.9448986423651101,0.8599619275886521,-0.33691245782625123,-0.039609200623953005,-1.0367151892080255,-0.39054884908353993,0.3923923386204642,0.2386193286479245,-0.4436743883689274
2018-05-15,1.0187126863858462,0.9558021751072698,-0.33691245782625123,-0.13069192011359193,-0.577789399500759,-0.49707835648888893,0.33050014369594066,-0.20443117922176018,-0.31044315775123604
2018-05-16,1.0002591753806633,0.7641216800700343,-0.33691245782625123,-0.31285735909286977,-0.9115536101969528,-0.573170861778419,0.887529898016648,-0.6474816870914448,-0.22162233733940814
2018-05-17,1.16634077442732,1.0133063236184399,-0.33691245782625123,-0.22177463960323085,-0.16058413613051675,-0.6644818681258413,0.6399611183185583,-1.0905321949611295,-0.2660327475452716
2018-05-18,1.2217013074428718,1.0708104721296106,-0.33691245782625123,-0.31285735909286977,0.21490060090270127,-0.7405743734153714,0.6399611183185561,-1.5335827028308142,-0.22162233733940814
2018-05-19,1.2217013074428718,1.0899785216333344,-0.33691245782625123,-0.31285735909286977,0.17318007456567705,-0.7405743734153714,0.5780689233940325,-1.5335827028308142,0.00042971369011113775
2018-05-20,1.4246899284998973,1.0899785216333344,-0.33691245782625123,-0.4950227980721476,-1.1201562418820739,-0.6340448660100396,1.2588830675637823,-1.5335827028308142,0.3113025851314078
2018-05-21,1.461596950510266,1.1474826701445053,-0.33691245782625123,-0.5861055175617865,-0.577789399500759,-0.46664135437306997,1.196990872639261,-1.5335827028308142,0.4889442259550637
2018-05-22,1.480050461515449,1.1091465711370576,-0.33691245782625123,-0.7682709565410644,-1.662523084263389,-0.31445634379400983,1.3826674574128273,-1.5335827028308142,0.44453381574914974
2018-05-23,1.5354109945310022,1.0516424226258876,-0.33691245782625123,-0.7682709565410644,-2.079728347633631,-0.4514228533151605,1.7540206269599639,-1.5335827028308142,-0.39926397816301346
2018-05-24,1.2401548184480562,1.2049868186556754,-0.33691245782625123,-0.4039400785825087,-0.9115536101969528,-0.49707835648888893,0.2686079487714215,-1.5335827028308142,-0.1328015169276307
2018-05-26,1.461596950510266,1.28165901667057,-0.2989247720184836,-0.4950227980721476,-0.7863920311858802,-0.6492633670679492,0.7637455081676031,-1.0905321949611295,-0.4436743883689274
2018-05-27,1.2217013074428718,0.9174660760998221,-0.19340342255246248,-0.13069192011359193,-0.20230466246754097,-0.5579523607205096,1.1350986777147376,-0.6474816870914448,0.26689217492554435
2018-05-28,1.4246899284998973,1.0899785216333344,-0.33691245782625123,-0.4950227980721476,-0.8698330838599286,-0.5427338596626001,1.2588830675637823,-0.6474816870914448,0.04484012389602509
2018-05-29,1.5723180165413695,1.1858187691519522,-0.33691245782625123,-0.7682709565410644,-1.8294051896114858,-0.4514228533151605,1.4445596523373485,-0.6474816870914448,0.26689217492554435
2018-05-30,1.590771527546554,1.319995115678017,-0.33691245782625123,-0.7682709565410644,-0.32746624147861364,-0.436204352257251,1.0732064827902141,-0.6474816870914448,0.04484012389602509
2018-05-31,1.480050461515449,1.3008270661742931,-0.33691245782625123,-0.6771882370514254,-0.45262782048968636,-0.436204352257251,0.7637455081676009,-0.6474816870914448,0.00042971369011113775
2018-06-01,1.5354109945310022,1.0899785216333344,-0.33691245782625123,-0.22177463960323085,0.2566211272397255,-0.4057673501414494,1.6302362371109191,-0.6474816870914448,0.08925053410188855
2018-06-04,0.8157240653288215,0.8407938780849282,0.18647343552521364,0.6890525552931583,0.715546916946992,-0.7862298765890998,0.02103916907332968,-0.6474816870914448,-1.1098305414574852
2018-06-05,0.5020143782406918,0.7257855810625867,0.8533683641504672,1.3266315917206308,0.8407084959580646,-0.8775408829365394,-0.659774975096418,-0.6474816870914448,-0.26603274754532213
2018-06-06,0.29902575718366636,0.7449536305663105,2.1238454117213617,1.4177143112102697,1.1744727066542584,-1.1514739019788407,-1.4024813141906913,-0.20443117922176018,-0.798957670016138
2018-06-07,0.3359327791940351,0.7449536305663105,1.6637723280495094,1.3266315917206308,1.0075906013061615,-1.2580034093841899,-1.2786969243416444,0.2386193286479245,-0.31044315775123604
2018-06-08,0.6311889552769804,0.6107772840402459,2.626127035179622,0.962300713762075,1.0493111276431857,-1.7602139442950815,0.1448235589223745,0.6816698365176094,-1.4651138231046958
2018-06-09,0.6680959772873485,0.8407938780849282,-0.13431146685149065,0.14255623835532483,0.7572674432840162,-2.0493654643952923,-0.47409839032285184,1.124720344387294,-0.843368080222052
2018-06-10,1.2217013074428718,1.0133063236184399,-0.33691245782625123,-0.7682709565410644,0.04801849555460437,-1.851524950642521,0.8256377030921244,1.124720344387294,0.5777650463668411
2018-06-11,1.3877829064895284,1.1283146206407815,-0.33691245782625123,-1.6790981514374534,-0.577789399500759,-1.5471549294844007,1.0113142878656907,0.6816698365176094,0.8886379178081882
2018-06-12,0.6127354442717967,0.591609234536522,1.3345457177155238,0.962300713762075,0.8824290222950889,-1.5471549294844007,0.14482355892237672,0.6816698365176094,0.00042971369011113775
2018-06-13,0.3174792681888507,0.6682814325514166,4.2764809408281925,1.5087970306999086,1.09103165398021,-2.186331973916443,-1.0930203395680782,0.6816698365176094,-1.8648075149578207
2018-06-14,0.3359327791940351,0.629945333543969,-0.2820413561039202,0.4158043968242416,0.8824290222950889,-2.171113472858551,-0.9073437547945077,0.6816698365176094,0.044840123895974596
2018-06-15,0.4282003342199556,0.6874494820551398,-0.3284707498689695,-0.13069192011359193,0.7572674432840162,-1.6384659358318403,-0.7835593649454629,0.6816698365176094,1.554794070896746
2018-06-16,0.8710845983443739,0.9174660760998221,-0.33691245782625123,-0.6771882370514254,-0.07714308345646831,-1.3645329167895215,-0.04085302585119164,0.2386193286479245,0.7998170973964108
2018-06-21,0.8895381093495583,1.262490967166846,-0.22717025438158922,0.32472167733460267,0.715546916946992,-1.0145073924576902,-1.093020339568076,0.6816698365176094,1.0218691484258797
2018-06-22,0.6680959772873485,0.629945333543969,1.051748501146587,0.8712179942724362,0.7989879696210405,-0.9688518892839617,0.20671575384689803,1.124720344387294,0.133660944307853
2018-06-23,0.5389214002510598,0.43826483850673353,0.7436261607058053,1.1444661527413529,0.8824290222950889,-0.8927593839944316,0.3923923386204664,1.124720344387294,0.2224817647196304
2018-06-24,1.055619708396215,0.8216258285812045,0.42706211230774194,0.5979698358035194,0.6738263906099677,-0.6644818681258413,0.887529898016648,1.124720344387294,0.666585866778669
2018-06-25,0.8341775763340059,0.7449536305663105,-0.07521951115051878,0.6890525552931583,0.6321058642729436,-0.5579523607205096,0.3923923386204664,1.124720344387294,0.3113025851314078
2018-06-26,1.2217013074428718,0.7257855810625867,-0.26515794018935684,0.23363895784496375,-0.2857457151415894,-0.2992378427361003,1.7540206269599639,1.124720344387294,0.7554066871904969
2018-06-28,1.0740732194013993,1.0708104721296106,-0.33691245782625123,-0.22177463960323085,-1.2453178208931466,-0.8471038808207204,0.14482355892237672,1.124720344387294,-1.5983450537224377
2018-07-01,1.129433752416951,1.1283146206407815,-0.16385744470197655,-0.039609200623953005,0.5486648115988951,-1.2884404114999914,0.1448235589223745,1.124720344387294,-1.2874721822810906
2018-07-02,0.7050029992977173,0.6682814325514166,-0.24827452427479343,0.32472167733460267,0.8407084959580646,-1.3949699189053406,0.20671575384689803,1.124720344387294,-0.31044315775123604
2018-07-03,0.6865494882925329,0.936634125603546,0.313099054884439,0.32472167733460267,0.8407084959580646,-1.5319364284264914,-0.7216671700209415,1.124720344387294,-0.39926397816301346
2018-07-04,1.0740732194013993,1.2049868186556754,-0.19340342255246248,0.05147351886568591,0.8407084959580646,-1.5775919316002023,-0.2884218055492813,1.124720344387294,-0.13280151692758022
2018-07-05,0.8895381093495583,1.2049868186556754,-0.2735996481466385,0.05147351886568591,0.8407084959580646,-1.5623734305423103,-0.9073437547945077,1.124720344387294,0.044840123895974596
2018-07-06,0.9818056643754789,1.0516424226258876,-0.12586975889420893,0.23363895784496375,0.8407084959580646,-1.5167179273685818,-0.10274522077571516,1.124720344387294,0.133660944307853
2018-07-07,0.5942819332666124,0.8216258285812045,-0.11742805093692724,0.5979698358035194,0.7989879696210405,-1.41018841996325,-0.659774975096418,1.5677708522569789,0.3113025851314078
2018-07-08,0.7050029992977173,0.8791299770923752,0.2708905150980305,0.962300713762075,0.7989879696210405,-1.2427849083262803,-0.47409839032284967,1.5677708522569789,0.4889442259550637
2018-07-09,0.9264451313599265,0.7257855810625867,0.14004404176016436,0.6890525552931583,0.6321058642729436,-1.0449443945734918,0.7637455081676031,1.5677708522569789,0.5777650463668916
2018-07-10,1.0740732194013993,0.898298026596099,-0.2820413561039202,0.23363895784496375,-0.45262782048968636,-1.1362554009209314,0.7018533132430795,1.5677708522569789,-0.26603274754532213
2018-07-11,1.1109802414117669,0.9749702246109929,-0.33691245782625123,-0.31285735909286977,-0.4943483468267106,-1.6384659358318403,0.5780689233940325,1.124720344387294,-1.4651138231047462
2018-07-13,0.3543862901992188,0.7257855810625867,1.7903979474087348,1.4177143112102697,1.0075906013061615,-1.3188774136158106,-1.1549125344925995,1.124720344387294,0.9330483280141022
2018-07-14,0.5020143782406918,0.6107772840402459,1.8874775889174744,1.2355488722309917,0.9241495486321131,-1.303658912557901,-0.2884218055492835,1.124720344387294,0.04484012389602509
2018-07-15,0.28057224617848264,0.5532731355290751,2.507943123777679,1.053383433251714,1.0075906013061615,-1.303658912557901,-0.8454515598699863,1.124720344387294,0.00042971369011113775
2018-07-16,0.8526310873391896,0.6874494820551398,-0.09210292706508218,0.32472167733460267,0.5069442852618709,-1.33409591467372,0.6399611183185561,1.124720344387294,-0.08839110672171677
2018-07-17,1.3877829064895284,0.9174660760998221,-0.06255694921459626,0.05147351886568591,0.6321058642729436,-1.5471549294844007,1.6921284320354404,1.124720344387294,-0.6213160291925327
2018-07-18,0.5020143782406918,0.8216258285812045,0.9124603198514392,0.962300713762075,0.8824290222950889,-1.3188774136158106,-0.9692359497190312,1.124720344387294,0.666585866778669
2018-07-19,0.5389214002510598,0.8599619275886521,0.3932952804786151,0.8712179942724362,0.715546916946992,-1.2123479062104614,-0.9692359497190334,1.5677708522569789,0.3113025851314583
2018-07-20,0.8895381093495583,0.7449536305663105,-0.0372318253427512,0.8712179942724362,0.13145954822865283,-1.33409591467372,0.5780689233940347,1.5677708522569789,-0.35485356795715
2018-07-21,1.16634077442732,1.0133063236184399,-0.33691245782625123,-0.22177463960323085,-0.577789399500759,-1.5167179273685818,0.6399611183185583,1.124720344387294,-0.5324952087807048
2018-07-23,0.8157240653288215,0.8024577790774813,0.9631105675951293,0.8712179942724362,0.5486648115988951,-1.6384659358318403,0.1448235589223745,1.124720344387294,-0.35485356795715
2018-07-24,0.9633521533702945,1.1283146206407815,-0.3326916038476104,0.23363895784496375,0.6738263906099677,-1.3645329167895215,-0.41220619539832837,1.124720344387294,0.7998170973964108
2018-07-25,0.907991620354742,0.936634125603546,-0.2229494004029484,0.5068871163138805,0.08973902189162859,-1.0297258935155995,0.02103916907332968,1.124720344387294,0.9774587382199657
2018-07-26,1.0187126863858462,0.9941382741147168,-0.19340342255246248,0.4158043968242416,0.5903853379359193,-0.9231963861102506,0.20671575384689583,1.124720344387294,0.3113025851314583
2018-07-27,1.1478872634221355,1.0708104721296106,-0.3242498958903287,0.05147351886568591,0.3817827062507982,-0.8927593839944316,0.3923923386204664,1.124720344387294,0.08925053410193905
2018-07-28,1.2770618404584249,1.1666507196482283,-0.33691245782625123,-0.22177463960323085,-0.5360688731637347,-0.8927593839944316,0.5161767284695135,0.6816698365176094,0.00042971369011113775
2018-07-29,1.3877829064895284,1.1091465711370576,-0.33691245782625123,-0.4039400785825087,-1.1201562418820739,-1.0297258935155995,1.0732064827902141,0.6816698365176094,-0.39926397816306397
2018-07-30,1.2770618404584249,1.1474826701445053,-0.33691245782625123,-0.31285735909286977,-0.6195099258377832,-1.0601628956314013,0.5780689233940347,0.2386193286479245,-0.08839110672166628
2018-07-31,1.1847942854325044,0.9558021751072698,-0.19762427653110332,-0.13069192011359193,-0.11886360979349253,-1.0753813966893107,0.887529898016648,0.2386193286479245,-0.04398069651580282
2018-08-01,1.0371661973910307,1.1091465711370576,-0.2229494004029484,0.05147351886568591,0.34006217991377397,-1.2123479062104614,-0.10274522077571516,0.2386193286479245,-0.39926397816301346
2018-08-02,1.129433752416951,0.8599619275886521,-0.07944036512915965,0.05147351886568591,0.46522375892484663,-1.33409591467372,1.0113142878656907,0.2386193286479245,-0.35485356795715
2018-08-04,1.055619708396215,0.9941382741147168,-0.12586975889420893,0.14255623835532483,0.5069442852618709,-1.1971294051525518,0.3305001436959429,0.2386193286479245,0.40012340554328624
2018-08-05,1.16634077442732,1.3008270661742931,-0.315808187933047,-0.039609200623953005,0.6738263906099677,-1.0145073924576902,-0.2884218055492813,0.6816698365176094,0.5333546361609272
2018-08-06,1.295515351463608,1.28165901667057,-0.33691245782625123,-0.13069192011359193,0.6738263906099677,-1.0905998977472202,0.20671575384689583,0.6816698365176094,-0.22162233733940814
2018-08-07,1.3693293954843453,1.2049868186556754,-0.33691245782625123,0.05147351886568591,0.4235032325878224,-1.2427849083262803,0.7018533132430818,0.6816698365176094,-0.4436743883689274
2018-08-08,1.3139688624687922,0.9558021751072698,-0.315808187933047,-0.22177463960323085,0.17318007456567705,-1.273221910442082,1.3207752624883038,0.6816698365176094,-0.08839110672166628
2018-08-10,0.5020143782406918,0.7449536305663105,1.6848765979427136,1.3266315917206308,0.9658700749691373,-1.6536844368897325,-0.7216671700209415,0.6816698365176094,-1.1098305414574852
2018-08-11,0.26211873517329826,0.7066175315588635,1.8537107570883473,1.4177143112102697,0.9241495486321131,-2.110239468626913,-1.4024813141906913,0.6816698365176094,-1.3318825924870046
2018-08-12,0.24366522416811454,0.7066175315588635,0.46082894413686853,1.4177143112102697,0.9241495486321131,-2.445046491900852,-1.4643735091152128,0.6816698365176094,-0.9765993108397938
2018-08-13,1.0740732194013993,0.9941382741147168,-0.3326916038476104,0.5979698358035194,0.5069442852618709,-2.4754834940166712,0.3923923386204664,0.6816698365176094,-0.08839110672171677
2018-08-14,0.5758284222614279,0.8216258285812045,1.051748501146587,1.1444661527413529,0.8824290222950889,-2.4907019950745632,-0.7216671700209415,1.124720344387294,-0.04398069651575233
2018-08-15,0.760363532313269,0.8216258285812045,-0.2440536702961526,0.7801352747827972,0.8407084959580646,-2.034146963337383,-0.10274522077571516,1.5677708522569789,1.3327420198672268
2018-08-16,0.40974682321477124,0.8791299770923752,-0.20184513050974415,1.053383433251714,0.8407084959580646,-1.8971804538162322,-1.4643735091152128,1.5677708522569789,0.4001234055432357
2018-08-17,0.28057224617848264,0.6491133830476928,1.186815828463094,1.2355488722309917,0.8824290222950889,-1.8819619527583227,-1.1549125344925995,1.5677708522569789,0.04484012389602509
2018-08-18,0.760363532313269,0.7257855810625867,0.5832337095174531,0.5979698358035194,0.8407084959580646,-1.699339940063461,0.20671575384689803,1.5677708522569789,0.5333546361609272
2018-08-19,0.6680959772873485,0.8216258285812045,0.9799939835096926,0.5979698358035194,0.8824290222950889,-1.5319364284264914,-0.41220619539832837,1.5677708522569789,0.4889442259550637
2018-08-20,0.6865494882925329,0.7641216800700343,2.2420293231233055,0.962300713762075,0.9658700749691373,-1.5623734305423103,-0.16463741570023868,1.5677708522569789,-0.08839110672171677
2018-08-21,0.6311889552769804,0.8791299770923752,0.747847014684446,0.7801352747827972,0.6321058642729436,-1.8819619527583227,-0.7216671700209415,1.5677708522569789,-0.9321889006338294
2018-08-22,0.9264451313599265,0.4957689870179043,0.777392992534932,0.5068871163138805,0.13145954822865283,-1.8971804538162322,1.5064518472618742,1.5677708522569789,-0.04398069651580282
2018-08-23,0.760363532313269,0.47660093751418114,0.7140801828553193,0.7801352747827972,0.7572674432840162,-1.6536844368897325,1.0113142878656907,1.5677708522569789,0.710996276984583
2018-08-24,0.9448986423651101,0.6682814325514166,-0.3326916038476104,0.4158043968242416,0.6321058642729436,-1.6689029379476419,1.0113142878656907,1.5677708522569789,-0.04398069651580282
2018-08-25,1.129433752416951,1.0899785216333344,-0.33691245782625123,-0.4039400785825087,-0.07714308345646831,-1.9428359569899607,0.26860794877141936,1.124720344387294,-0.7989576700161886
2018-08-26,0.8526310873391896,0.6491133830476928,3.048212433043707,-0.039609200623953005,0.7572674432840162,-1.9884914601636718,0.7637455081676009,1.124720344387294,-0.13280151692758022
2018-08-27,0.5758284222614279,0.591609234536522,0.8153806783426997,0.8712179942724362,0.8824290222950889,-1.7145584411213703,0.02103916907332968,1.124720344387294,0.7998170973963604
2018-08-28,0.44665384522513935,0.591609234536522,2.685218990880594,1.4177143112102697,1.0493111276431857,-1.5775919316002023,-0.41220619539832837,1.124720344387294,0.40012340554328624
2018-08-29,0.46510735623032373,0.7641216800700343,0.6465465191970658,1.053383433251714,0.8824290222950889,-1.5319364284264914,-0.9073437547945099,1.124720344387294,0.1336609443078025
2018-08-30,0.3912933122095869,0.9174660760998221,-0.07099865717187795,0.8712179942724362,0.9241495486321131,-1.0753813966893107,-1.650050093888781,1.124720344387294,1.3327420198672268
2018-08-31,0.40974682321477124,0.936634125603546,-0.03301097136411033,0.962300713762075,0.8824290222950889,-0.49707835648888893,-1.650050093888781,1.124720344387294,1.6880253015144375
2018-09-01,0.2067582021577458,0.5532731355290751,1.0137608153388193,1.4177143112102697,0.8824290222950889,-0.4057673501414494,-1.0930203395680782,1.5677708522569789,0.26689217492554435
2018-09-02,0.5758284222614279,0.47660093751418114,0.07673123208055167,0.962300713762075,0.34006217991377397,-0.7101373712995698,0.3923923386204642,1.5677708522569789,-0.887778490427966
2018-09-03,0.6865494882925329,0.6682814325514166,-0.3242498958903287,0.4158043968242416,0.08973902189162859,-0.86232238187863,0.1448235589223745,1.5677708522569789,-0.4436743883689274
2018-09-04,0.9633521533702945,0.936634125603546,-0.33691245782625123,0.23363895784496375,-1.1618767682190982,-1.0449443945734918,0.20671575384689803,1.124720344387294,-0.5324952087807048
2018-09-05,1.16634077442732,1.1091465711370576,-0.3326916038476104,0.14255623835532483,-0.577789399500759,-1.1666924030367503,0.33050014369594505,1.124720344387294,-0.35485356795715
2018-09-06,0.9264451313599265,1.1666507196482283,-0.33691245782625123,0.4158043968242416,0.3817827062507982,-1.0905998977472202,-0.659774975096418,0.6816698365176094,0.2224817647196304
2018-09-08,0.5204678892458762,0.6682814325514166,0.7014176209193969,0.32472167733460267,0.7572674432840162,-0.6036078638942207,-0.41220619539832837,0.6816698365176094,1.4215628402790548
2018-09-09,0.6865494882925329,0.47660093751418114,0.36797015660676996,-0.13069192011359193,0.7572674432840162,-0.16227133321494963,0.7637455081676009,0.6816698365176094,1.2883316096613129
2018-09-10,0.28057224617848264,0.4190967890030104,-0.3284707498689695,0.23363895784496375,0.6321058642729436,-0.010086322635889457,-0.41220619539832837,0.6816698365176094,0.44453381574914974
2018-09-11,1.0925267304065838,0.591609234536522,-0.33691245782625123,-1.13260183449962,-0.9115536101969528,-0.49707835648888893,1.754020626959966,0.2386193286479245,-1.4207034128988323
2018-09-13,0.6496424662821648,0.8024577790774813,-0.23139110836023008,0.5979698358035194,0.04801849555460437,-0.4818598554309795,-0.41220619539832837,0.6816698365176094,0.04484012389602509
2018-09-14,0.907991620354742,0.8791299770923752,-0.33691245782625123,0.05147351886568591,0.17318007456567705,-0.5122968575467811,0.20671575384689803,0.2386193286479245,-0.08839110672166628
2018-09-16,0.9264451313599265,0.2849204424769457,6.733017956397165,0.7801352747827972,1.2161932329912828,-3.2972825511435926,2.187265991431622,0.6816698365176094,-8.126675353990326
2018-09-17,0.6680959772873485,0.7066175315588635,0.16959001961065023,1.053383433251714,1.0493111276431857,-0.6036078638942207,-0.04085302585119384,0.6816698365176094,7.861072320135113
2018-09-18,0.9264451313599265,0.8407938780849282,-0.2862622100825611,0.6890525552931583,-0.11886360979349253,0.17253569005898967,0.3923923386204664,0.6816698365176094,2.2653606341912176
2018-09-19,0.8526310873391896,0.7832897295737575,-0.33691245782625123,-0.039609200623953005,-1.0367151892080255,0.0203506794799295,0.3305001436959429,0.2386193286479245,-0.4436743883689274
2018-09-20,0.9448986423651101,0.936634125603546,-0.33691245782625123,-0.039609200623953005,-0.20230466246754097,-0.23836383850447973,0.1448235589223745,0.2386193286479245,-0.7545472598102746
2018-09-21,0.9448986423651101,1.0133063236184399,-0.33691245782625123,-0.5861055175617865,-1.4539204525782679,-0.14705283215704015,-0.10274522077571516,-0.20443117922176018,0.26689217492554435
2018-09-22,1.1847942854325044,0.936634125603546,-0.33691245782625123,-0.13069192011359193,-0.7029509785118317,0.11166168582735177,0.9494220929411714,-0.20443117922176018,0.7554066871904465
2018-09-24,0.5204678892458762,0.5149370365216281,2.7105441147524396,0.962300713762075,0.5069442852618709,-0.22314533744657025,0.0829313639978532,-0.20443117922176018,-0.9765993108397434
2018-09-25,0.6311889552769804,0.5149370365216281,1.1192821648048406,0.23363895784496375,0.5903853379359193,-0.4057673501414494,0.4542845335449877,-0.20443117922176018,-0.5324952087807553
2018-09-26,0.3359327791940351,0.5724411850327988,0.07251037810191077,0.32472167733460267,0.3817827062507982,-0.4514228533151605,-0.7216671700209415,-0.20443117922176018,-0.13280151692758022
2018-09-28,0.8341775763340059,0.7066175315588635,-0.33691245782625123,-0.6771882370514254,0.2566211272397255,-0.4057673501414494,0.5161767284695112,-0.20443117922176018,0.1336609443078025
2018-09-29,0.8341775763340059,0.4190967890030104,-0.33691245782625123,-1.5880154319478146,-1.7459641369374372,-0.5579523607205096,1.4445596523373507,-0.20443117922176018,-0.4436743883689274
2018-09-30,0.7050029992977173,0.5532731355290751,-0.33691245782625123,-1.5880154319478146,-1.6208025579263647,-0.31445634379400983,0.5780689233940347,-0.20443117922176018,0.710996276984583
2018-10-01,0.5204678892458762,0.20824824446205112,-0.21450769244566673,-0.6771882370514254,0.08973902189162859,0.20297269217479133,1.0732064827902164,0.2386193286479245,1.510383660690832
2018-10-02,0.6680959772873485,0.6107772840402459,-0.33691245782625123,-0.9504363955203422,-1.4539204525782679,0.3551577027538515,0.26860794877141936,-0.20443117922176018,0.44453381574914974
2018-10-03,0.6865494882925329,0.5532731355290751,-0.33691245782625123,-0.8593536760307032,-1.5790820315893404,0.41603170698547215,0.5161767284695112,-0.6474816870914448,0.17807135451371647
2018-10-04,0.6865494882925329,0.3999287394992866,-0.33691245782625123,-2.134511748885648,-2.4969336110038736,0.18775419111688185,1.0113142878656927,-1.0905321949611295,-0.6657264393984467
2018-10-05,0.8526310873391896,0.2849204424769457,-0.33691245782625123,-3.409669821740593,-2.16316940030768,-0.07096032686751007,1.93969721173353,-1.0905321949611295,-0.7545472598102241
2018-10-06,0.760363532313269,0.2657523929732219,-0.33691245782625123,-2.6810080658234816,-2.079728347633631,0.12688018688526123,1.6921284320354404,-1.0905321949611295,0.5777650463668411
2018-10-07,0.6865494882925329,0.5724411850327988,-0.33691245782625123,-0.7682709565410644,-1.0367151892080255,0.32472070063804986,0.4542845335449877,-1.0905321949611295,0.5777650463668916
2018-10-08,0.5573749112562443,0.4190967890030104,-0.2524953782534343,-0.22177463960323085,-0.32746624147861364,0.24862819534851976,0.5161767284695112,-1.0905321949611295,-0.22162233733940814
2018-10-09,0.46510735623032373,0.5724411850327988,-0.31158733395440613,0.05147351886568591,0.17318007456567705,0.17253569005898967,-0.2884218055492835,-0.6474816870914448,-0.22162233733940814
2018-10-10,0.44665384522513935,0.07407189793598645,1.4696130450320304,0.5068871163138805,0.5903853379359193,0.32472070063804986,1.2588830675637823,-0.20443117922176018,0.44453381574914974
2018-10-11,-0.3837541500081455,0.0357357989285395,-0.33691245782625123,-0.4950227980721476,0.8407084959580646,0.766057231317321,-1.4024813141906913,-0.20443117922176018,1.2883316096613129
2018-10-12,0.05913011411627346,-0.021768349582631272,-0.3242498958903287,-0.4039400785825087,0.715546916946992,0.9638977450700922,0.2686079487714215,0.2386193286479245,0.5777650463668411
2018-10-13,0.0037695811007210068,0.11240799694343341,-0.3200290419116878,-0.4950227980721476,0.7572674432840162,0.7508387302594114,-0.35031400047380484,0.6816698365176094,-0.6213160291925327
2018-10-14,0.09603713612664155,0.2849204424769457,-0.31158733395440613,0.14255623835532483,0.5903853379359193,0.4464687091012911,-0.5978827801718967,1.124720344387294,-0.887778490427966
2018-10-15,0.2067582021577458,0.4190967890030104,0.9884356914669742,0.5979698358035194,0.6321058642729436,0.30950219958014036,-0.6597749750964202,1.124720344387294,-0.39926397816301346
2018-10-16,-0.18076552895112008,0.20824824446205112,0.03874354627278405,1.3266315917206308,0.9658700749691373,0.0964431847694596,-1.2786969243416444,1.124720344387294,-0.6213160291925327
2018-10-17,-0.291486594982225,-0.04093639908635509,-0.2735996481466385,0.5979698358035194,0.9241495486321131,-0.010086322635889457,-0.8454515598699863,1.124720344387294,-0.31044315775123604
2018-10-18,-0.5313822380496185,-0.23261689412359055,0.1949151434824953,0.8712179942724362,0.9658700749691373,0.32472070063804986,-1.0311281446435547,1.5677708522569789,0.9774587382200162
2018-10-19,-0.143858506940752,0.16991214545460417,-0.3284707498689695,-0.039609200623953005,0.7989879696210405,0.7051832270857004,-1.0311281446435547,1.5677708522569789,1.1106899688377077
2018-10-23,0.11449064713182526,0.38076068999556345,-0.3326916038476104,0.14255623835532483,0.4235032325878224,0.5986537196803513,-0.8454515598699885,1.5677708522569789,-0.31044315775123604
2018-10-25,0.1698511801473777,0.43826483850673353,-0.33691245782625123,0.14255623835532483,-0.577789399500759,0.6747462249698813,-0.8454515598699863,1.124720344387294,0.2224817647196304
2018-10-26,0.3359327791940351,0.3424245909881158,-0.33691245782625123,-0.13069192011359193,-1.1201562418820739,0.5986537196803513,0.02103916907333188,0.6816698365176094,-0.22162233733940814
2018-10-27,0.2067582021577458,0.30408849198066884,-0.33691245782625123,-1.4969327124581757,-0.6195099258377832,0.842149736606851,-0.2884218055492835,0.2386193286479245,0.710996276984583
2018-10-28,0.13294415813700963,-0.07927249809380205,-0.33691245782625123,-2.134511748885648,-2.288330979318752,0.7356202292015019,0.7018533132430795,-0.20443117922176018,-0.31044315775123604
2018-10-29,0.3912933122095869,0.016567749424815682,-0.33691245782625123,-3.8650834191887875,-2.6638157163519702,0.38559470486967046,1.2588830675637823,-0.6474816870914448,-1.0210097210456572
2018-10-30,0.3174792681888507,0.2465843434694981,-0.33691245782625123,-4.047248858168065,-1.8294051896114858,0.33993920169594205,0.2686079487714215,-1.0905321949611295,-0.1328015169276307
2018-10-31,0.07758362512145718,0.15074409595088037,-0.33691245782625123,-3.68291798020951,0.6321058642729436,0.24862819534851976,-0.22652961062475999,-1.5335827028308142,-0.2660327475452716
2018-11-01,0.11449064713182526,0.09323994743971027,-0.33691245782625123,-2.9542562242923984,0.6738263906099677,-0.010086322635889457,0.082931363997851,-1.5335827028308142,-0.7545472598102746
2018-11-02,-0.36530063900296117,-0.3859612901533784,-0.3326916038476104,-0.6771882370514254,0.9658700749691373,0.4464687091012911,0.02103916907332968,-1.0905321949611295,1.3327420198672268
2018-11-03,-0.623649793075539,-0.5201376366794437,0.013418422400938991,0.7801352747827972,1.2996342856653311,0.6290907217961702,-0.41220619539832837,-0.6474816870914448,0.5333546361609777
2018-11-06,0.05913011411627346,0.22741629396577495,-0.33691245782625123,0.05147351886568591,-1.1201562418820739,0.7508387302594114,-0.5359905852473732,-0.6474816870914448,0.35571299533732176
2018-11-07,0.05913011411627346,0.2849204424769457,-0.33691245782625123,-0.039609200623953005,0.21490060090270127,0.766057231317321,-0.7216671700209415,-0.6474816870914448,0.04484012389602509
2018-11-09,0.05913011411627346,0.15074409595088037,-0.33691245782625123,-0.31285735909286977,0.5903853379359193,0.6443092228540624,-0.2884218055492813,-0.6474816870914448,-0.35485356795715
2018-11-11,-0.19921903995630444,0.07407189793598645,-0.33691245782625123,0.14255623835532483,0.0062979692175801445,0.6747462249698813,-0.9073437547945099,-0.6474816870914448,0.08925053410193905
2018-11-16,-0.34684712799777745,0.15074409595088037,-0.2904830640612019,0.6890525552931583,0.7989879696210405,0.40081320592757996,-1.650050093888781,-0.20443117922176018,-0.798957670016138
2018-11-17,-0.5498357490548023,0.189080194958328,-0.315808187933047,0.8712179942724362,1.1744727066542584,0.4921242122750022,-2.454648627907576,-0.20443117922176018,0.2668921749254939
2018-11-18,-0.18076552895112008,0.11240799694343341,-0.33691245782625123,0.5979698358035194,0.715546916946992,0.5529982165066402,-0.9692359497190312,-0.6474816870914448,0.17807135451376696
2018-11-19,-0.18076552895112008,-0.021768349582631272,-0.33691245782625123,-0.22177463960323085,0.4235032325878224,0.7508387302594114,-0.5359905852473732,-0.6474816870914448,0.5777650463668411
2018-11-20,-0.5129287270444342,-0.021768349582631272,-0.3326916038476104,0.23363895784496375,0.6738263906099677,0.7356202292015019,-1.650050093888781,-0.20443117922176018,-0.04398069651580282
2018-11-21,0.07758362512145718,-0.17511274561241977,-0.23561196233887094,0.32472167733460267,0.5903853379359193,0.5834352186224417,0.8256377030921244,0.2386193286479245,-0.4436743883689274
2018-11-22,-0.9004524581533007,-0.6351459337017846,-0.3284707498689695,-1.13260183449962,0.8407084959580646,1.1160827556491524,-0.9692359497190334,0.6816698365176094,1.554794070896746
2018-11-25,-0.9558129911688524,-0.9034986267539146,0.5494668776883264,0.5979698358035194,1.1327521803172342,0.9486792440121827,-0.2884218055492813,0.6816698365176094,-0.4880847985748413
2018-11-26,-1.0849875682051418,-0.9801708247688086,0.3257616168203615,1.053383433251714,1.0493111276431857,0.9638977450700922,-0.47409839032285184,0.6816698365176094,0.04484012389602509
2018-11-27,-0.7897313921221958,-0.5968098346943376,0.3510867406922067,0.5068871163138805,0.8824290222950889,0.9791162461280017,-0.7216671700209415,1.124720344387294,0.04484012389602509
2018-11-28,-0.9927200131792212,-0.5584737356868906,-0.011906701470906104,1.053383433251714,0.8407084959580646,1.0247717493017128,-1.5262657040397363,1.5677708522569789,0.1336609443078025
2018-11-30,-0.6605568150859071,-0.3859612901533784,-0.33691245782625123,-0.4950227980721476,-0.9115536101969528,1.1921752609386824,-0.9692359497190334,1.124720344387294,0.4889442259550637
2018-12-01,-0.47602170503406604,-0.1942807951161429,-0.33691245782625123,0.05147351886568591,-0.4943483468267106,0.8725867387226527,-0.9692359497190334,0.6816698365176094,-0.9321889006338799
2018-12-02,-0.4575681940288817,-0.17511274561241977,-0.33691245782625123,0.5068871163138805,-0.7029509785118317,0.5834352186224417,-0.9692359497190312,0.2386193286479245,-0.843368080222052
2018-12-03,-0.143858506940752,-0.021768349582631272,-0.33691245782625123,0.14255623835532483,-0.41090729415266214,0.5986537196803513,-0.41220619539832837,-0.20443117922176018,0.04484012389602509
2018-12-04,0.05913011411627346,0.11240799694343341,-0.33691245782625123,0.05147351886568591,-0.41090729415266214,0.5225612143908211,-0.16463741570023646,-0.6474816870914448,-0.22162233733940814
2018-12-06,-0.3099401059874087,-0.09844054759752519,-0.3326916038476104,0.5979698358035194,0.6321058642729436,0.4464687091012911,-0.7216671700209415,-0.6474816870914448,-0.22162233733940814
2018-12-07,-0.6421033040807228,-0.6926500822129553,-0.29470391803984275,0.962300713762075,0.9241495486321131,0.9030237408384716,0.0829313639978532,-0.6474816870914448,1.3327420198672268
2018-12-08,-1.3064297002673508,-1.0376749732799793,-0.33691245782625123,-0.13069192011359193,0.8407084959580646,1.3747972736335616,-1.0311281446435547,-0.6474816870914448,1.3771524300731408
2018-12-10,-1.5647788543399281,-1.344363765339556,-0.3284707498689695,-0.22177463960323085,0.8407084959580646,1.0856457535333508,-0.9073437547945088,-0.20443117922176018,-0.843368080222052
2018-12-12,-1.8969420524332423,-1.6127164583916855,-0.33691245782625123,-0.9504363955203422,0.6738263906099677,1.7704783011391216,-1.1549125344925995,-0.20443117922176018,1.9988981729557844
2018-12-13,-1.6016858763502964,-1.6510525573991326,-0.33691245782625123,-0.8593536760307032,0.7572674432840162,1.907444810660255,-0.04085302585119164,-0.20443117922176018,0.4001234055431852
2018-12-14,-1.5832323653451126,-1.2676915673246616,-0.33691245782625123,-0.4950227980721476,0.8407084959580646,1.937881812776074,-1.2168047294171231,-0.20443117922176018,0.08925053410193905
2018-12-15,-1.0296270351895893,-0.9418347257613615,-0.33691245782625123,-0.22177463960323085,-0.16058413613051675,1.6639487937337725,-0.41220619539832837,-0.6474816870914448,-0.798957670016138
2018-12-17,-1.0665340571999573,-1.2485235178209382,-0.33691245782625123,-1.9523463099063703,-1.2453178208931466,1.4661082799810012,0.4542845335449888,-1.0905321949611295,-0.5769056189866187
2018-12-18,-1.2141621452414304,-1.133515220798597,-0.33691245782625123,-1.5880154319478146,-1.2453178208931466,1.4661082799810012,-0.41220619539832837,-1.0905321949611295,0.00042971369011113775
2018-12-19,-0.9742665021740369,-0.6926500822129553,-0.33691245782625123,0.05147351886568591,0.4235032325878224,1.055208751417532,-1.0311281446435547,-1.5335827028308142,-1.198651361869313
2018-12-20,-0.6605568150859071,-0.3859612901533784,-0.33691245782625123,0.5979698358035194,0.5069442852618709,0.5986537196803513,-0.9692359497190334,-1.5335827028308142,-1.3318825924870046
2018-12-21,-0.32839361699259306,-0.13677664660497282,-0.33691245782625123,0.7801352747827972,0.0062979692175801445,0.5377797154487306,-0.659774975096418,-1.5335827028308142,-0.17721192713349418
2018-12-22,-0.291486594982225,-0.4051293396571022,-0.33691245782625123,-0.039609200623953005,-0.07714308345646831,0.6747462249698813,0.3305001436959429,-1.5335827028308142,0.4001234055432357
2018-12-23,-0.7897313921221958,-0.8843305772501908,0.10627720993103756,1.053383433251714,1.1744727066542584,0.766057231317321,0.20671575384689803,-1.0905321949611295,0.26689217492554435
2018-12-24,-1.4356042773036395,-1.0185069237762554,-0.3326916038476104,0.7801352747827972,1.2996342856653311,0.7508387302594114,-1.5262657040397363,-0.6474816870914448,-0.04398069651580282
2018-12-25,-1.048080546194773,-0.6926500822129553,-0.33691245782625123,0.32472167733460267,0.9241495486321131,0.4464687091012911,-1.2786969243416444,-0.6474816870914448,-0.887778490427966
2018-12-26,-0.5867427710651704,-0.6543139832055084,-0.33691245782625123,0.5979698358035194,-1.704243610600413,0.26384669640641195,0.14482355892237672,-0.6474816870914448,-0.5324952087807553
2018-12-31,-2.063023651479899,-1.9769093989624327,-0.33691245782625123,-0.8593536760307032,0.3817827062507982,2.196596330760483,-0.5359905852473743,-0.6474816870914448,5.640551809839921
2019-01-03,-1.7493139643917692,-1.382699864347003,-0.3326916038476104,0.5979698358035194,0.9658700749691373,1.7856968021970137,-1.4024813141906902,-0.20443117922176018,-1.198651361869313
2019-01-04,-1.0849875682051418,-1.0185069237762554,-0.3326916038476104,0.5068871163138805,0.7989879696210405,1.5574192863284235,-0.350314000473807,0.2386193286479245,-0.6657264393984467
2019-01-05,-0.7528243701118277,-0.6159778841980614,-0.33691245782625123,0.8712179942724362,0.8407084959580646,1.207393761996592,-0.5359905852473732,-0.20443117922176018,-1.0210097210456572
2019-01-07,-1.2510691672517984,-0.9034986267539146,-0.33691245782625123,0.5068871163138805,0.8824290222950889,1.3443602715177427,-1.2786969243416444,-0.6474816870914448,0.4001234055432357
2019-01-08,-1.1218945902155097,-0.9418347257613615,-0.3284707498689695,0.5979698358035194,1.09103165398021,1.3291417704598332,-0.7216671700209415,-0.20443117922176018,-0.04398069651580282
2019-01-09,-1.490964810319192,-0.9418347257613615,-0.33691245782625123,0.5979698358035194,0.8824290222950889,1.4813267810388935,-1.9595110685113943,-0.20443117922176018,0.44453381574914974
2019-01-10,-1.1034410792103255,-0.9034986267539146,-0.33691245782625123,0.4158043968242416,0.8407084959580646,1.1617382588228808,-0.7835593649454629,-0.20443117922176018,-0.9321889006338294
2019-01-11,-0.6421033040807228,-0.7501542307241261,-0.33691245782625123,0.5979698358035194,-0.5360688731637347,0.9182422418963812,0.2686079487714215,-0.6474816870914448,-0.7101368496043606
2019-01-15,-1.048080546194773,-0.9801708247688086,-0.16807829868061738,0.962300713762075,0.8407084959580646,0.9486792440121827,-0.35031400047380484,-0.6474816870914448,0.08925053410188855
2019-01-16,-1.2695226782569828,-1.1910193693097675,-0.33691245782625123,-0.4950227980721476,0.7989879696210405,1.207393761996592,-0.4122061953983294,-0.6474816870914448,0.7554066871904969
2019-01-17,-1.343336722277719,-1.4402040128581737,-0.33691245782625123,-0.6771882370514254,-0.5360688731637347,1.4661082799810012,0.1448235589223756,-0.6474816870914448,0.7554066871904969
2019-01-18,-1.5278718323295601,-1.210187418813491,-0.33691245782625123,-0.22177463960323085,0.46522375892484663,1.4508897789230917,-1.2168047294171231,-1.0905321949611295,-0.04398069651580282
2019-01-19,-0.9004524581533007,-0.9610027752650847,-0.3284707498689695,-0.22177463960323085,0.715546916946992,1.0704272524754412,0.082931363997851,-0.6474816870914448,-1.1098305414574852
2019-01-20,-0.623649793075539,-0.7693222802278492,-0.3326916038476104,-0.4039400785825087,0.34006217991377397,0.9638977450700922,0.3923923386204642,-0.20443117922176018,-0.31044315775123604
2019-01-21,-1.2510691672517984,-1.210187418813491,-0.33691245782625123,-1.223684553989259,-0.07714308345646831,1.4052342757493632,-0.2884218055492835,-0.20443117922176018,1.2883316096613129
2019-01-22,-1.4171507662984553,-1.727724755414027,-0.33691245782625123,-2.225594468375287,-1.9545667686225585,1.4813267810388935,0.8256377030921255,-0.6474816870914448,0.2224817647196304
2019-01-23,-1.3986972552932715,-1.6127164583916855,-0.33691245782625123,-1.4058499929685369,-2.7055362426889946,1.283486267286122,0.5161767284695112,-0.6474816870914448,-0.5769056189866187
2019-01-24,-1.3248832112725346,-1.3635318148432793,-0.33691245782625123,-0.5861055175617865,-2.413492558329825,1.2226122630545015,-0.04085302585119164,-0.6474816870914448,-0.17721192713349418
2019-01-25,-0.8450919251377482,-1.1526832703023202,-0.33691245782625123,-0.9504363955203422,-2.288330979318752,1.313923269401941,0.8875298980166457,-0.6474816870914448,0.26689217492554435
2019-01-26,-1.0296270351895893,-1.0376749732799793,-0.33691245782625123,-0.4039400785825087,-2.1214488739706554,1.603074789502152,-0.10274522077571516,-1.0905321949611295,0.8442275076022743
2019-01-27,-1.3617902332829035,-1.2485235178209382,-0.33691245782625123,-0.5861055175617865,0.5069442852618709,1.679167294791682,-0.5359905852473743,-1.5335827028308142,0.2224817647196304
2019-01-28,-1.195708634236246,-1.2293554683172148,-0.33691245782625123,-0.8593536760307032,-0.20230466246754097,1.3747972736335616,-0.04085302585119164,-1.5335827028308142,-0.887778490427966
2019-01-29,-1.158801612225878,-0.9993388742725323,-0.33691245782625123,-0.31285735909286977,-1.2035972945561224,1.3443602715177427,-0.659774975096418,-1.5335827028308142,-0.08839110672171677
2019-01-30,-0.9558129911688524,-0.9418347257613615,-0.33691245782625123,-0.4039400785825087,0.04801849555460437,1.2530492651703031,-0.16463741570023646,-1.5335827028308142,-0.26603274754532213
2019-01-31,-0.4206611720185136,-0.6159778841980614,-0.33691245782625123,-0.13069192011359193,-0.03542255711944408,0.9638977450700922,0.5780689233940347,-1.5335827028308142,-0.843368080222052
2019-02-01,-0.8819989471481163,-0.865162527746467,-0.33691245782625123,-0.6771882370514254,0.6738263906099677,1.3747972736335616,-0.16463741570023868,-1.5335827028308142,1.1995107892495354
2019-02-04,-0.23612606196667252,-0.5009695871757199,-0.33691245782625123,0.5068871163138805,-0.2857457151415894,0.842149736606851,0.8256377030921244,-1.5335827028308142,-1.5539346435165238
2019-02-05,-0.8266384141325639,-0.7501542307241261,-0.33691245782625123,0.5979698358035194,0.6738263906099677,0.7356202292015019,-0.35031400047380484,-1.5335827028308142,-0.31044315775123604
2019-02-06,-0.34684712799777745,-0.30928909213848443,-0.33691245782625123,0.6890525552931583,0.6321058642729436,0.2942836985222309,-0.16463741570023868,-1.5335827028308142,-1.2874721822810906
2019-02-09,-1.2326156562466142,-0.7118181317166792,-0.30314562599712447,1.1444661527413529,1.2996342856653311,0.8117127344910321,-1.8357266786623472,-1.0905321949611295,1.510383660690832
2019-02-10,-1.4725112993140077,-0.9034986267539146,-0.30314562599712447,1.1444661527413529,0.8824290222950889,1.3900157746914712,-2.0214032634359156,-0.6474816870914448,1.688025301514488
2019-02-12,-0.9004524581533007,-0.9993388742725323,-0.3284707498689695,0.4158043968242416,0.04801849555460437,1.7704783011391216,0.20671575384689803,-0.20443117922176018,1.1106899688377077
2019-02-13,-0.3099401059874087,-0.5968098346943376,-0.33691245782625123,0.23363895784496375,0.0062979692175801445,1.4052342757493632,0.887529898016648,-0.20443117922176018,-1.0654201312516218
2019-02-15,-0.8081849031273801,-0.6351459337017846,-0.3284707498689695,0.5979698358035194,0.6738263906099677,1.1160827556491524,-0.6597749750964202,0.2386193286479245,-0.843368080222052
2019-02-16,-0.143858506940752,-0.3859612901533784,-0.33691245782625123,0.32472167733460267,0.17318007456567705,0.8117127344910321,0.7637455081676009,0.2386193286479245,-0.887778490427966
2019-02-17,-1.2141621452414304,-0.7884903297315731,-0.3326916038476104,0.7801352747827972,0.9658700749691373,0.7964942334331225,-1.5262657040397363,0.6816698365176094,-0.04398069651580282
2019-02-18,-1.380243744288087,-1.0185069237762554,0.42706211230774194,1.1444661527413529,0.9658700749691373,0.4312502080433816,-1.3405891192661679,0.6816698365176094,-1.0654201312515712
2019-02-19,-0.5498357490548023,-0.6926500822129553,0.971552275552411,1.2355488722309917,0.46522375892484663,0.6443092228540624,0.3923923386204664,0.6816698365176094,0.6221754565727551
2019-02-20,-0.21767255096148816,-0.2517849436273137,-0.3284707498689695,1.3266315917206308,0.6738263906099677,0.9030237408384716,0.0829313639978532,0.6816698365176094,0.7554066871904969
2019-02-22,-0.4575681940288817,-0.7118181317166792,-0.26937879416799765,0.4158043968242416,0.46522375892484663,0.7051832270857004,0.7637455081676031,1.124720344387294,-0.5769056189866187
2019-02-23,-1.158801612225878,-1.2485235178209382,0.1822525815465728,0.8712179942724362,1.1327521803172342,0.4921242122750022,0.1448235589223756,1.124720344387294,-0.6213160291925832
2019-02-24,-1.343336722277719,-1.5360442603767914,-0.19340342255246248,0.5068871163138805,0.8407084959580646,0.6595277239119719,0.4542845335449888,1.5677708522569789,0.4889442259550637
2019-02-28,-0.014683929904463364,-0.29012104263476063,-0.33691245782625123,0.6890525552931583,-0.03542255711944408,0.32472070063804986,0.8875298980166457,1.124720344387294,-0.9765993108397434
2019-03-01,-0.8081849031273801,-0.48180153767199607,-0.3200290419116878,1.053383433251714,0.9658700749691373,0.5377797154487306,-1.1549125344926017,1.124720344387294,0.6221754565727551
2019-03-03,-0.6051962820703547,-0.4051293396571022,-0.07099865717187795,0.8712179942724362,0.715546916946992,-0.1927083353307686,-0.7216671700209415,1.124720344387294,-2.1312699761933045
2019-03-04,-0.7712778811170115,-0.5393056861831669,0.093614647995115,0.4158043968242416,0.6321058642729436,0.17253569005898967,-0.8454515598699863,1.124720344387294,1.066279558631844
2019-03-05,-0.014683929904463364,-0.8459944782427439,0.942006297701925,0.962300713762075,0.8824290222950889,-0.07096032686751007,2.6824035508278037,1.124720344387294,-0.7101368496043606
2019-03-06,-0.8819989471481163,-0.48180153767199607,1.5835761024553334,1.3266315917206308,0.9658700749691373,0.0964431847694596,-1.4024813141906913,1.124720344387294,0.4889442259550637
2019-03-07,-1.158801612225878,-1.2676915673246616,0.9124603198514392,1.4177143112102697,0.8824290222950889,0.4921242122750022,0.20671575384689803,1.124720344387294,1.155100379043571
2019-03-08,-1.7308604533865855,-1.344363765339556,0.14848574971744602,1.3266315917206308,1.1327521803172342,0.5225612143908211,-1.464373509115214,1.5677708522569789,0.08925053410193905
2019-03-09,-1.490964810319192,-0.9801708247688086,0.2751113690766714,1.5998797501895474,1.1327521803172342,-0.05574182580960059,-1.8357266786623494,1.5677708522569789,-1.687165874134215
2019-03-10,-1.5278718323295601,-0.9801708247688086,-0.14275317480877234,0.8712179942724362,0.7572674432840162,0.1573171890010802,-1.9595110685113943,1.5677708522569789,0.6221754565727551
2019-03-11,-0.7712778811170115,-1.2676915673246616,-0.01612755544954697,0.32472167733460267,-0.41090729415266214,0.3551577027538515,1.5064518472618742,1.5677708522569789,0.5777650463668411
2019-03-12,-0.47602170503406604,-0.9034986267539146,-0.33691245782625123,-0.039609200623953005,-2.2048899266447037,0.5834352186224417,1.320775262488306,1.124720344387294,0.666585866778669
2019-03-13,-0.7159173481014596,-0.5776417851906138,-0.33691245782625123,-0.5861055175617865,-0.07714308345646831,0.7964942334331225,-0.5359905852473754,0.6816698365176094,0.6221754565727551
2019-03-14,-0.9742665021740369,-0.4434654386645491,-0.06677780319323709,0.5068871163138805,1.1327521803172342,0.8725867387226527,-1.8357266786623494,0.6816698365176094,0.2224817647196304
2019-03-15,-1.2510691672517984,-0.9226666762576378,-0.3200290419116878,0.32472167733460267,0.8824290222950889,1.2226122630545015,-1.2168047294171231,0.6816698365176094,1.0218691484259301
2019-03-16,-0.7343708591066433,-0.6351459337017846,-0.33691245782625123,-1.13260183449962,0.715546916946992,1.131301256707062,-0.41220619539832837,0.2386193286479245,-0.26603274754532213
2019-03-17,-0.7528243701118277,-0.46263348816827293,-0.33691245782625123,-0.039609200623953005,0.715546916946992,0.9638977450700922,-1.0311281446435547,-0.20443117922176018,-0.4880847985748413
2019-03-18,-0.3837541500081455,-0.46263348816827293,-0.33691245782625123,0.4158043968242416,0.08973902189162859,0.6443092228540624,0.20671575384689803,-0.6474816870914448,-0.9321889006338799
2019-03-19,0.11449064713182526,-0.2709529931310375,-0.33691245782625123,0.5979698358035194,-1.0784357155450497,0.33993920169594205,1.2588830675637823,-0.6474816870914448,-0.887778490427966
2019-03-20,-0.32839361699259306,-0.002600300078907455,-0.33691245782625123,0.962300713762075,0.7572674432840162,0.06600618265364064,-1.0930203395680782,-0.6474816870914448,-0.798957670016138
2019-03-21,0.07758362512145718,0.2465843434694981,-0.33691245782625123,0.32472167733460267,0.46522375892484663,-0.1774898342728591,-0.5359905852473732,-1.0905321949611295,-0.7101368496043606
2019-03-23,-0.32839361699259306,-0.9034986267539146,-0.19762427653110332,1.053383433251714,1.2996342856653311,0.6899647260277908,1.8159128218844875,-1.0905321949611295,2.5318230954266507
2019-03-24,-1.5832323653451126,-1.0568430227837025,-0.3242498958903287,0.962300713762075,1.3413548120023553,0.8269312355489415,-1.8976188735868729,-0.6474816870914448,0.4001234055432357
2019-03-25,-0.6421033040807228,-0.8076583792352969,-0.29470391803984275,0.6890525552931583,1.0075906013061615,0.6443092228540624,0.4542845335449899,-0.20443117922176018,-0.5324952087807553
2019-03-26,-0.4022076610133292,-0.2517849436273137,-0.33691245782625123,0.6890525552931583,0.7572674432840162,0.9030237408384716,-0.5359905852473732,-0.20443117922176018,0.7554066871904969
2019-03-28,0.1883046911525621,0.016567749424815682,-0.33691245782625123,0.5979698358035194,-0.45262782048968636,0.005132178422020021,0.5780689233940347,-0.20443117922176018,-2.6197844884582064
2019-03-29,-0.05159095191483145,0.189080194958328,-0.04567353330003286,0.7801352747827972,0.5486648115988951,-0.31445634379400983,-0.7835593649454651,0.2386193286479245,-0.9321889006338799
2019-03-31,-0.7159173481014596,-0.36679324064965524,-0.011906701470906104,0.6890525552931583,1.0493111276431857,0.6443092228540624,-1.2168047294171231,0.6816698365176094,2.7982855566620337
2019-04-05,0.11449064713182526,-0.23261689412359055,-0.33691245782625123,-0.13069192011359193,-1.287038347230171,0.2942836985222309,1.1350986777147376,0.2386193286479245,-1.0210097210456572
2019-04-06,0.24366522416811454,0.054903848432262634,-0.33691245782625123,0.14255623835532483,-1.704243610600413,0.06600618265364064,0.6399611183185583,-0.20443117922176018,-0.6657264393984467
2019-04-07,0.22521171316293018,0.30408849198066884,-0.33691245782625123,0.23363895784496375,-0.8281125575229044,-0.010086322635889457,-0.22652961062475999,-0.6474816870914448,-0.22162233733940814
2019-04-08,0.5758284222614279,0.5724411850327988,-0.33691245782625123,0.23363895784496375,0.5069442852618709,-0.14705283215704015,0.082931363997851,-0.6474816870914448,-0.39926397816301346
2019-04-09,0.3912933122095869,0.6491133830476928,-0.33691245782625123,0.32472167733460267,0.46522375892484663,-0.22314533744657025,-0.7835593649454651,-0.6474816870914448,-0.22162233733940814
2019-04-10,0.6127354442717967,0.6107772840402459,-0.33691245782625123,0.23363895784496375,0.46522375892484663,-0.2535823395623892,0.0829313639978532,-1.0905321949611295,-0.08839110672171677
2019-04-11,0.5758284222614279,0.6107772840402459,-0.30736647997576527,0.32472167733460267,0.6738263906099677,-0.39054884908353993,-0.04085302585119384,-1.0905321949611295,-0.39926397816301346
2019-04-12,-0.291486594982225,-0.2134488446198667,-0.07944036512915965,1.053383433251714,0.9658700749691373,0.11166168582735177,-0.2884218055492835,-0.6474816870914448,1.4659732504849181
2019-04-13,-0.8266384141325639,-0.3476251911459314,-0.1765200066378991,1.3266315917206308,1.257913759328307,0.26384669640641195,-1.650050093888781,-0.20443117922176018,0.44453381574914974
2019-04-14,-0.439114683023698,-0.04093639908635509,0.10205635595239673,1.1444661527413529,1.0075906013061615,0.18775419111688185,-1.3405891192661679,0.2386193286479245,-0.22162233733940814
2019-04-15,-0.6790103260910909,-0.23261689412359055,-0.2904830640612019,0.6890525552931583,0.9658700749691373,0.2790651974643214,-1.526265704039734,0.6816698365176094,0.26689217492554435
2019-04-16,-0.5867427710651704,-0.5009695871757199,0.05140610820870654,1.2355488722309917,0.7989879696210405,0.005132178422020021,-0.35031400047380484,1.124720344387294,-0.798957670016138
2019-04-17,-0.12540499593556761,-0.11760859710124899,-0.33691245782625123,0.6890525552931583,0.3817827062507982,-0.05574182580960059,-0.04085302585119164,1.124720344387294,-0.17721192713349418
2019-04-18,-0.32839361699259306,0.16991214545460417,-0.05411524125731456,1.1444661527413529,0.9658700749691373,-0.39054884908353993,-1.650050093888781,1.124720344387294,-0.9765993108397938
2019-04-19,0.3359327791940351,-0.15594469610869596,2.86249485798351,1.4177143112102697,0.9241495486321131,-0.7405743734153714,1.6302362371109191,1.124720344387294,-1.0210097210456572
2019-04-20,-0.10695148493038391,-0.04093639908635509,1.5033798768611573,1.5998797501895474,1.0493111276431857,-0.8166668787049015,-0.22652961062475999,1.124720344387294,-0.22162233733940814
2019-04-21,0.6127354442717967,0.20824824446205112,-0.3242498958903287,0.962300713762075,0.5486648115988951,-0.6949188702416602,1.3826674574128295,1.124720344387294,0.35571299533732176
2019-04-22,0.6127354442717967,0.6682814325514166,-0.33691245782625123,0.5979698358035194,0.17318007456567705,-0.49707835648888893,-0.10274522077571516,0.6816698365176094,0.5777650463668411
2019-04-23,0.7788170433184534,0.7449536305663105,-0.33691245782625123,0.32472167733460267,-0.41090729415266214,-0.3296748448519193,0.20671575384689803,0.2386193286479245,0.4889442259550637
2019-04-24,0.8157240653288215,0.7832897295737575,-0.33691245782625123,0.05147351886568591,-0.45262782048968636,-0.4057673501414494,0.20671575384689803,0.2386193286479245,-0.22162233733940814
2019-04-25,0.7972705543236378,0.8216258285812045,-0.33691245782625123,-0.039609200623953005,-1.2035972945561224,-0.49707835648888893,0.02103916907333188,-0.20443117922176018,-0.26603274754532213
2019-04-26,0.8710845983443739,0.7832897295737575,-0.2989247720184836,0.32472167733460267,-0.41090729415266214,-0.3296748448519193,0.3923923386204664,-0.20443117922176018,0.4889442259550637
2019-04-27,-0.07004446292001582,0.0357357989285395,0.3637493026281292,0.7801352747827972,0.9658700749691373,0.035569180537821675,-0.350314000473807,-0.20443117922176018,1.0662795586317937
2019-04-28,0.022223092105904722,0.11240799694343341,-0.20606598448838498,1.053383433251714,0.715546916946992,0.0964431847694596,-0.2884218055492835,-0.20443117922176018,0.17807135451376696
2019-04-29,0.44665384522513935,0.4957689870179043,-0.33691245782625123,0.7801352747827972,0.13145954822865283,-0.2535823395623892,-0.10274522077571516,-0.20443117922176018,-1.0210097210457079
2019-04-30,0.3728398012044032,0.6107772840402459,-0.020348409428187803,0.4158043968242416,0.6321058642729436,-0.6949188702416602,-0.7216671700209415,0.2386193286479245,-1.2874721822810906
2019-05-01,0.05913011411627346,0.32325654148439265,-0.3284707498689695,0.05147351886568591,0.715546916946992,-0.5275153586046906,-0.8454515598699863,0.6816698365176094,0.4889442259550637
2019-05-02,-0.439114683023698,-0.07927249809380205,-0.315808187933047,0.23363895784496375,0.8824290222950889,-0.07096032686751007,-1.2168047294171231,1.124720344387294,1.3327420198672268
2019-05-03,-0.5129287270444342,-0.5393056861831669,-0.1132071969582864,0.32472167733460267,0.9658700749691373,0.2942836985222309,0.02103916907332968,1.124720344387294,1.0662795586317937
2019-05-04,-0.5867427710651704,-0.2134488446198667,0.01763927637957982,-0.13069192011359193,0.8407084959580646,0.0964431847694596,-1.2786969243416444,1.124720344387294,-0.5769056189866187
2019-05-05,-0.8266384141325639,-0.23261689412359055,0.013418422400938991,1.4177143112102697,1.09103165398021,-0.4818598554309795,-2.0214032634359156,1.124720344387294,-1.6871658741342657
2019-05-06,-0.7343708591066433,-0.4051293396571022,0.14004404176016436,1.1444661527413529,1.1327521803172342,-0.5883893628363113,-1.1549125344925995,1.5677708522569789,-0.3104431577511856
2019-05-07,-0.9927200131792212,-0.6159778841980614,0.38063271854269254,0.8712179942724362,1.1327521803172342,-0.36011184696772097,-1.3405891192661679,1.5677708522569789,0.666585866778669
2019-05-08,-1.0296270351895893,-0.4434654386645491,0.7225218908126011,0.962300713762075,1.0493111276431857,-0.49707835648888893,-2.021403263435918,1.5677708522569789,-0.39926397816306397
2019-05-09,-0.08849797392519954,-0.36679324064965524,0.08517294003783334,1.1444661527413529,1.0075906013061615,-0.6797003691837508,0.887529898016648,1.5677708522569789,-0.5324952087807048
2019-05-10,-0.014683929904463364,0.11240799694343341,-0.33691245782625123,0.8712179942724362,-0.20230466246754097,-0.39054884908353993,-0.41220619539832837,1.124720344387294,0.8442275076022743
2019-05-11,0.3912933122095869,0.13157604644715723,-0.33691245782625123,-0.13069192011359193,-2.246610452981728,-0.16227133321494963,0.8875298980166457,0.6816698365176094,0.666585866778669
2019-05-12,0.3912933122095869,0.2657523929732219,-0.33691245782625123,0.23363895784496375,-0.45262782048968636,-0.20792683638866077,0.4542845335449877,0.2386193286479245,-0.13280151692758022
2019-05-14,0.7972705543236378,0.591609234536522,-0.33691245782625123,0.5979698358035194,-0.16058413613051675,-0.5122968575467811,0.7637455081676031,-0.20443117922176018,-0.887778490427966
2019-05-16,0.8710845983443739,1.0899785216333344,-0.30314562599712447,0.5068871163138805,0.5903853379359193,-0.7862298765890998,-0.5978827801718967,-0.20443117922176018,-0.7989576700161886
2019-05-17,0.8895381093495583,1.2049868186556754,-0.3326916038476104,0.23363895784496375,0.5903853379359193,-1.0753813966893107,-0.9073437547945077,-0.20443117922176018,-0.843368080222052
2019-05-19,1.0187126863858462,1.3583312146854638,-0.33691245782625123,0.23363895784496375,0.46522375892484663,-0.86232238187863,-0.9692359497190334,-0.6474816870914448,0.6221754565727551
2019-05-20,0.9633521533702945,0.5532731355290751,0.04296440025142488,0.5068871163138805,0.715546916946992,-0.6949188702416602,1.4445596523373507,-0.20443117922176018,0.4889442259550637
2019-05-21,-0.05159095191483145,0.09323994743971027,-0.19762427653110332,0.4158043968242416,0.9658700749691373,-0.2688008406202987,-0.47409839032285184,0.2386193286479245,1.243921199455399
2019-05-22,0.28057224617848264,0.09323994743971027,-0.30736647997576527,0.5068871163138805,0.3817827062507982,-0.3753303480256304,0.6399611183185561,0.6816698365176094,-0.3104431577511856
2019-05-23,0.0037695811007210068,0.4957689870179043,-0.06255694921459626,1.1444661527413529,0.8824290222950889,-0.36011184696772097,-1.5881578989642575,1.124720344387294,0.04484012389602509
2019-05-24,-0.18076552895112008,0.32325654148439265,0.5705711475815306,1.3266315917206308,1.2161932329912828,-0.23836383850447973,-1.650050093888781,1.124720344387294,0.35571299533732176
2019-05-25,0.3912933122095869,0.5724411850327988,-0.23561196233887094,1.1444661527413529,0.8824290222950889,-0.573170861778419,-0.5359905852473754,1.124720344387294,-0.9765993108397938
2019-05-26,0.24366522416811454,0.4957689870179043,0.30043649294851643,1.3266315917206308,0.6321058642729436,-0.7253558723574792,-0.7835593649454629,1.5677708522569789,-0.4436743883689274
2019-05-27,0.22521171316293018,0.629945333543969,0.8364849482359039,1.4177143112102697,0.7989879696210405,-0.6797003691837508,-1.2786969243416444,1.5677708522569789,0.133660944307853
2019-05-28,0.1698511801473777,0.3424245909881158,1.5160424387970797,1.3266315917206308,0.7989879696210405,-0.5883893628363113,-0.5359905852473732,1.5677708522569789,0.26689217492554435
2019-05-29,-0.19921903995630444,0.2465843434694981,-0.20184513050974415,1.2355488722309917,1.1327521803172342,-0.4057673501414494,-1.4643735091152128,1.5677708522569789,0.5333546361609272
2019-05-30,-0.16231201794593636,0.20824824446205112,-0.20184513050974415,1.053383433251714,1.2161932329912828,-0.3753303480256304,-1.2168047294171231,1.5677708522569789,0.08925053410193905
2019-05-31,-0.014683929904463364,0.5532731355290751,0.12738147982424178,1.4177143112102697,1.0493111276431857,-0.5883893628363113,-1.8357266786623494,1.5677708522569789,-0.6213160291925327
2019-06-01,0.7050029992977173,0.5341050860253512,1.0390859392106646,0.8712179942724362,0.715546916946992,-0.7710113755311904,0.6399611183185583,1.5677708522569789,-0.5324952087807553
2019-06-02,0.8157240653288215,0.629945333543969,-0.21028683846702584,0.7801352747827972,0.5486648115988951,-0.8166668787049015,0.7018533132430795,1.5677708522569789,-0.13280151692758022
2019-06-03,0.6311889552769804,0.6107772840402459,1.1023987488902771,0.6890525552931583,0.6321058642729436,-0.8014483776470093,0.1448235589223745,1.5677708522569789,0.044840123895974596
2019-06-04,0.7972705543236378,0.7257855810625867,1.271232908035911,1.053383433251714,0.6738263906099677,-0.6036078638942207,0.33050014369594505,1.5677708522569789,0.5777650463668916
2019-06-05,1.0740732194013993,1.0133063236184399,-0.33691245782625123,0.4158043968242416,0.4235032325878224,-0.46664135437306997,0.33050014369594505,1.124720344387294,0.4001234055432357
2019-06-07,1.1847942854325044,1.2433229176631229,-0.33691245782625123,-0.039609200623953005,0.17318007456567705,-0.3296748448519193,-0.04085302585119164,0.6816698365176094,0.4001234055432357
2019-06-08,1.0371661973910307,1.1666507196482283,-0.2904830640612019,-0.13069192011359193,0.34006217991377397,-0.6188263649521302,-0.2884218055492835,0.6816698365176094,-0.843368080222052
2019-06-09,1.0187126863858462,1.2049868186556754,-0.16385744470197655,0.14255623835532483,0.5903853379359193,-1.0905998977472202,-0.47409839032285184,0.6816698365176094,-1.3762930026929185
2019-06-10,0.907991620354742,0.7066175315588635,-0.19762427653110332,0.32472167733460267,0.7572674432840162,-1.379751417847431,0.7637455081676009,0.6816698365176094,-0.843368080222052
2019-06-11,0.4835608672355074,0.47660093751418114,4.373560582336932,1.2355488722309917,0.9241495486321131,-1.2427849083262803,0.082931363997851,0.6816698365176094,0.4001234055432357
2019-06-12,0.5204678892458762,0.8407938780849282,-0.2735996481466385,1.2355488722309917,0.8824290222950889,-1.1058183988051298,-0.9692359497190312,0.6816698365176094,0.4001234055432357
2019-06-13,0.7234565103029009,0.6491133830476928,2.0183240622553402,0.962300713762075,0.9241495486321131,-1.455843923136961,0.3305001436959429,1.124720344387294,-1.0210097210456572
2019-06-14,0.8895381093495583,0.629945333543969,0.35952844864948835,-0.13069192011359193,-0.41090729415266214,-1.5471549294844007,0.9494220929411714,1.5677708522569789,-0.26603274754532213
2019-06-16,0.6127354442717967,0.898298026596099,-0.33691245782625123,0.23363895784496375,0.3817827062507982,-0.9231963861102506,-0.8454515598699863,1.124720344387294,1.8212565321321792
2019-06-17,0.3543862901992188,0.898298026596099,-0.13853232083013148,0.962300713762075,0.7989879696210405,-0.8014483776470093,-1.7119422888133047,1.124720344387294,0.35571299533732176
2019-06-18,0.5942819332666124,1.0324743731221637,0.1316023338028826,0.962300713762075,0.5903853379359193,-0.6797003691837508,-1.3405891192661679,1.124720344387294,0.3557129953373723
2019-06-19,0.907991620354742,0.8407938780849282,0.25400709918346714,0.8712179942724362,0.6738263906099677,-0.7253558723574792,0.3305001436959429,1.124720344387294,-0.1328015169276307
2019-06-20,1.055619708396215,1.1666507196482283,-0.315808187933047,0.23363895784496375,-0.07714308345646831,-0.86232238187863,-0.22652961062475999,1.124720344387294,-0.39926397816301346
2019-06-21,1.1109802414117669,1.4158353631966345,-0.30736647997576527,-0.039609200623953005,0.46522375892484663,-1.0145073924576902,-0.8454515598699885,1.124720344387294,-0.4436743883689274
2019-06-22,1.1478872634221355,1.262490967166846,-0.30736647997576527,0.05147351886568591,0.5486648115988951,-1.1971294051525518,-0.22652961062475999,1.124720344387294,-0.5324952087807048
2019-06-23,1.0002591753806633,1.3391631651817406,-0.20184513050974415,0.23363895784496375,0.6738263906099677,-1.1819109040946598,-0.9692359497190312,1.5677708522569789,0.044840123895974596
2019-06-24,0.7050029992977173,0.4957689870179043,0.3721910105854109,0.6890525552931583,0.8407084959580646,-0.9688518892839617,0.7637455081676031,1.5677708522569789,0.6221754565728055
2019-06-25,0.5389214002510598,0.5149370365216281,1.157269850612608,1.053383433251714,0.8407084959580646,-0.8927593839944316,0.1448235589223745,1.5677708522569789,0.2224817647196304
2019-06-26,0.8526310873391896,0.7641216800700343,-0.2989247720184836,0.7801352747827972,0.4235032325878224,-1.303658912557901,0.3923923386204642,1.5677708522569789,-1.198651361869313
2019-06-27,1.055619708396215,1.1858187691519522,-0.18918256857382162,0.5068871163138805,0.4235032325878224,-1.6536844368897325,-0.2884218055492835,1.5677708522569789,-1.0210097210456572
2019-06-28,1.0925267304065838,1.3774992641891877,-0.2440536702961526,0.4158043968242416,0.3817827062507982,-1.6536844368897325,-0.7835593649454629,1.5677708522569789,0.00042971369011113775
2019-06-29,1.2032477964376873,1.4158353631966345,-0.31158733395440613,0.14255623835532483,0.17318007456567705,-1.6689029379476419,-0.5359905852473754,1.5677708522569789,-0.04398069651580282
2019-06-30,1.1478872634221355,0.9174660760998221,1.0601902091038686,0.6890525552931583,0.2566211272397255,-1.6689029379476419,0.887529898016648,1.5677708522569789,0.00042971369011113775
2019-07-01,1.1847942854325044,0.898298026596099,0.30887820090579815,0.4158043968242416,0.17318007456567705,-1.6689029379476419,1.0732064827902164,1.5677708522569789,0.00042971369011113775
2019-07-02,0.7972705543236378,0.8024577790774813,0.46927065209415036,0.6890525552931583,0.5903853379359193,-1.699339940063461,0.0829313639978532,1.5677708522569789,-0.08839110672171677
2019-07-03,0.3543862901992188,0.6491133830476928,3.0017830392786573,1.5998797501895474,1.0493111276431857,-1.303658912557901,-0.9073437547945099,1.5677708522569789,1.1551003790436216
2019-07-04,1.0187126863858462,0.936634125603546,0.2117985593970587,0.5979698358035194,0.715546916946992,-0.9536333882260695,0.3923923386204642,1.5677708522569789,1.0218691484258797
2019-07-05,0.9633521533702945,0.898298026596099,-0.2820413561039202,0.14255623835532483,0.6321058642729436,-1.1666924030367503,0.3305001436959429,1.5677708522569789,-0.6213160291925327
2019-07-06,0.8895381093495583,1.1091465711370576,-0.2735996481466385,0.23363895784496375,0.715546916946992,-1.379751417847431,-0.5978827801718944,1.5677708522569789,-0.6213160291925327
2019-07-07,0.8526310873391896,1.3008270661742931,-0.15541573674469486,0.32472167733460267,0.8407084959580646,-1.1971294051525518,-1.3405891192661679,1.5677708522569789,0.5333546361609777
2019-07-08,1.0187126863858462,1.3391631651817406,-0.3326916038476104,0.14255623835532483,0.715546916946992,-1.0601628956314013,-0.9073437547945121,1.5677708522569789,0.4001234055432357
2019-07-09,0.907991620354742,1.262490967166846,-0.08366121910780049,0.23363895784496375,0.8407084959580646,-1.3949699189053406,-1.0311281446435547,1.5677708522569789,-0.9765993108397938
2019-07-10,0.6311889552769804,0.8407938780849282,0.2666696611193897,0.7801352747827972,0.8407084959580646,-1.379751417847431,-0.5978827801718967,1.5677708522569789,0.04484012389602509
2019-07-11,0.760363532313269,1.0324743731221637,-0.08366121910780049,0.7801352747827972,0.7989879696210405,-0.7710113755311904,-0.7835593649454651,1.5677708522569789,1.7768461219262652
2019-07-12,1.0187126863858462,1.1474826701445053,-0.22717025438158922,0.23363895784496375,0.5903853379359193,-0.7862298765890998,-0.2884218055492857,1.5677708522569789,-0.04398069651580282
2019-07-15,1.2770618404584249,1.262490967166846,-0.33691245782625123,-0.039609200623953005,0.2566211272397255,-1.1819109040946598,0.20671575384690022,1.124720344387294,-1.1542409516633991
2019-07-16,1.2217013074428718,1.2049868186556754,-0.33691245782625123,-0.13069192011359193,-0.8698330838599286,-1.1971294051525518,0.20671575384689803,0.6816698365176094,-0.04398069651575233
2019-07-17,1.16634077442732,1.1858187691519522,-0.33691245782625123,0.14255623835532483,-0.07714308345646831,-1.699339940063461,0.0829313639978532,0.2386193286479245,-1.4651138231047462
2019-07-19,1.1109802414117669,0.9174660760998221,0.61700054134658,0.5068871163138805,0.21490060090270127,-1.7297769421792626,0.7637455081676009,0.2386193286479245,-0.08839110672166628
2019-07-20,0.9448986423651101,0.8599619275886521,-0.06677780319323709,0.8712179942724362,0.715546916946992,-1.1210368998630218,0.3923923386204642,0.2386193286479245,1.7768461219262652
2019-07-21,0.8710845983443739,0.9941382741147168,-0.3326916038476104,0.5068871163138805,0.715546916946992,-0.93841488716816,-0.2884218055492835,0.2386193286479245,0.5333546361609272
2019-07-22,0.8710845983443739,0.9558021751072698,-0.3200290419116878,0.4158043968242416,0.8407084959580646,-1.0753813966893107,-0.16463741570023868,0.2386193286479245,-0.39926397816301346
2019-07-25,1.0740732194013993,1.1858187691519522,-0.29470391803984275,0.14255623835532483,-0.2440251888045652,-0.6949188702416602,-0.22652961062475999,0.6816698365176094,1.1106899688377077
2019-07-27,1.2032477964376873,1.319995115678017,-0.33691245782625123,-0.13069192011359193,0.4235032325878224,-1.0297258935155995,-0.22652961062476218,0.6816698365176094,-0.9765993108397938
2019-07-28,1.0187126863858462,1.1283146206407815,-0.315808187933047,0.23363895784496375,0.3817827062507982,-0.907977885052341,-0.22652961062476218,1.124720344387294,0.3557129953373723
2019-07-29,0.8526310873391896,1.0133063236184399,-0.29470391803984275,0.4158043968242416,0.46522375892484663,-0.907977885052341,-0.41220619539832837,1.124720344387294,0.00042971369011113775
2019-07-30,0.8710845983443739,0.8791299770923752,0.20335685143977703,0.4158043968242416,0.6738263906099677,-1.227566407268371,0.0829313639978532,1.124720344387294,-0.9321889006338799
2019-07-31,0.24366522416811454,0.45743288801045734,4.774541710307813,1.2355488722309917,0.9658700749691373,-1.6080289337160214,-0.659774975096418,1.124720344387294,-1.1098305414574852
2019-08-01,0.151397669142194,0.5341050860253512,3.8121870031777,1.5087970306999086,1.09103165398021,-1.8971804538162322,-1.216804729417121,1.124720344387294,-0.843368080222052
2019-08-02,0.3174792681888507,0.629945333543969,0.009197568422298085,1.2355488722309917,0.8407084959580646,-1.5928104326581118,-0.9692359497190312,1.124720344387294,0.8886379178081882
2019-08-03,0.13294415813700963,0.6107772840402459,0.8618100721077488,1.2355488722309917,0.8407084959580646,-1.5014994263106722,-1.5262657040397363,1.5677708522569789,0.26689217492554435
2019-08-05,1.4246899284998973,0.8407938780849282,-0.33691245782625123,-0.039609200623953005,-1.4121999262412435,-1.4406254220790518,2.063481601582577,1.124720344387294,0.17807135451371647
2019-08-07,1.2586083294532404,1.1283146206407815,-0.33691245782625123,-0.6771882370514254,-1.0367151892080255,-1.8058694474687926,0.5780689233940347,0.6816698365176094,-1.0654201312515712
2019-08-08,1.2401548184480562,1.0708104721296106,-0.33691245782625123,-0.31285735909286977,-1.0367151892080255,-2.140676470742732,0.7018533132430795,0.2386193286479245,-0.9765993108397938
2019-08-09,1.5354109945310022,1.1474826701445053,-0.33691245782625123,-0.22177463960323085,-1.3287588735671951,-2.338516984495503,1.4445596523373507,-0.20443117922176018,-0.5769056189866187
2019-08-10,1.1847942854325044,1.3966673136929109,-0.33691245782625123,0.5068871163138805,0.6321058642729436,-2.0645839654532017,-0.535990585247371,-0.6474816870914448,0.7998170973963604
2019-08-11,1.0925267304065838,1.3583312146854638,-0.2904830640612019,0.4158043968242416,0.715546916946992,-1.8058694474687926,-0.7216671700209394,-0.6474816870914448,0.7554066871904969
2019-08-12,1.3324223734739766,1.3583312146854638,-0.3200290419116878,0.23363895784496375,0.4235032325878224,-1.6689029379476419,0.0829313639978532,-0.6474816870914448,0.4001234055432357
2019-08-13,1.2032477964376873,1.28165901667057,0.05140610820870654,0.14255623835532483,-0.03542255711944408,-1.6536844368897325,-0.10274522077571735,-0.20443117922176018,0.04484012389602509
2019-08-14,1.2217013074428718,0.591609234536522,1.9592321065543685,0.23363895784496375,0.08973902189162859,-1.6080289337160214,2.187265991431622,0.2386193286479245,0.1336609443078025
2019-08-15,1.0371661973910307,0.8407938780849282,-0.10054463502236388,0.14255623835532483,0.04801849555460437,-1.6232474347739307,0.7637455081676009,0.6816698365176094,-0.04398069651580282
2019-08-16,0.9633521533702945,1.0516424226258876,-0.2904830640612019,0.32472167733460267,0.5903853379359193,-1.3949699189053406,-0.16463741570023868,1.124720344387294,0.666585866778669
2019-08-17,0.6127354442717967,0.7257855810625867,1.4442879211601856,0.8712179942724362,0.7989879696210405,-1.0601628956314013,-0.2884218055492813,1.5677708522569789,0.9774587382200162
2019-08-18,0.8895381093495583,0.5532731355290751,0.46504979811550945,0.7801352747827972,0.6738263906099677,-1.1362554009209314,1.196990872639261,1.5677708522569789,-0.22162233733940814
2019-08-19,0.9264451313599265,0.898298026596099,-0.3326916038476104,0.5068871163138805,0.5486648115988951,-1.3188774136158106,0.20671575384689803,1.5677708522569789,-0.5324952087807553
2019-08-21,1.1109802414117669,1.0516424226258876,-0.33691245782625123,-0.31285735909286977,0.2566211272397255,-1.0145073924576902,0.33050014369594066,1.124720344387294,0.8886379178081882
2019-08-22,1.1478872634221355,1.0324743731221637,-0.33691245782625123,-0.039609200623953005,-0.2440251888045652,-0.907977885052341,0.5161767284695112,0.6816698365176094,0.3113025851314583
2019-08-23,0.8526310873391896,1.1666507196482283,-0.30736647997576527,0.23363895784496375,-0.11886360979349253,-0.8927593839944316,-0.9073437547945099,0.6816698365176094,0.04484012389602509
2019-08-24,1.3139688624687922,1.0708104721296106,-0.33691245782625123,-0.22177463960323085,-0.4943483468267106,-1.5623734305423103,0.9494220929411692,0.2386193286479245,-1.953628335369699
2019-08-25,1.0740732194013993,0.5724411850327988,3.3943224592922565,1.053383433251714,1.1327521803172342,-1.7906509464109004,1.7540206269599639,0.2386193286479245,-0.6657264393984467
2019-08-26,0.3543862901992188,0.15074409595088037,7.1888701860903765,1.5998797501895474,0.5486648115988951,-0.9536333882260695,0.7018533132430795,0.2386193286479245,2.443002275014823
2019-08-27,0.8526310873391896,0.9174660760998221,-0.21450769244566673,0.962300713762075,-0.45262782048968636,-0.6797003691837508,-0.10274522077571516,0.2386193286479245,0.7998170973964108
2019-08-28,1.295515351463608,0.9749702246109929,-0.33691245782625123,-0.039609200623953005,0.17318007456567705,-0.9688518892839617,1.1969908726392589,0.2386193286479245,-0.843368080222052
2019-08-29,0.7234565103029009,1.0899785216333344,-0.08788207308644132,0.5068871163138805,0.5069442852618709,-1.0601628956314013,-1.0930203395680782,0.6816698365176094,-0.26603274754532213
2019-08-30,0.6127354442717967,0.5532731355290751,0.021860130358220653,0.7801352747827972,0.6321058642729436,-0.7557928744732809,0.2686079487714215,0.6816698365176094,0.8886379178081882
2019-08-31,0.6496424662821648,0.5532731355290751,1.5076007308397983,1.2355488722309917,0.9241495486321131,-0.7253558723574792,0.3923923386204664,1.124720344387294,0.08925053410188855
2019-09-01,0.7788170433184534,0.7832897295737575,0.021860130358220653,0.4158043968242416,0.715546916946992,-0.9231963861102506,0.0829313639978532,1.124720344387294,-0.5769056189866187
2019-09-02,0.24366522416811454,0.591609234536522,1.2838954699718335,1.1444661527413529,0.8407084959580646,-0.8471038808207204,-1.093020339568076,1.124720344387294,0.2224817647196304
2019-09-03,0.760363532313269,0.7832897295737575,0.20757770541841786,0.23363895784496375,0.715546916946992,-1.0601628956314013,0.02103916907332968,1.124720344387294,-0.6213160291925327
2019-09-04,0.28057224617848264,0.6491133830476928,2.288458716888355,1.2355488722309917,0.8824290222950889,-1.303658912557901,-1.1549125344925995,1.5677708522569789,-0.7101368496043606
2019-09-05,0.46510735623032373,0.629945333543969,1.0053191073815377,0.962300713762075,0.8824290222950889,-1.4406254220790518,-0.47409839032284967,1.5677708522569789,-0.39926397816301346
2019-09-06,1.0371661973910307,0.898298026596099,-0.3284707498689695,0.14255623835532483,-0.5360688731637347,-1.5319364284264914,0.5780689233940325,1.5677708522569789,-0.26603274754532213
2019-09-07,1.2032477964376873,1.0324743731221637,-0.3200290419116878,0.14255623835532483,-1.7876846632744616,-1.3645329167895215,0.7018533132430774,1.5677708522569789,0.4889442259550637
2019-09-08,1.1478872634221355,1.1283146206407815,-0.3200290419116878,0.23363895784496375,-1.5373615052523162,-1.1971294051525518,0.20671575384689803,1.5677708522569789,0.4889442259550637
2019-09-09,1.2032477964376873,1.1858187691519522,-0.33691245782625123,0.05147351886568591,-0.8698330838599286,-1.0297258935155995,0.20671575384689583,1.124720344387294,0.4889442259550132
2019-09-10,1.2032477964376873,1.1666507196482283,-0.33691245782625123,-0.13069192011359193,-1.704243610600413,-0.5579523607205096,0.26860794877141936,0.6816698365176094,1.3771524300731408
2019-09-12,1.2401548184480562,1.1858187691519522,-0.33691245782625123,-0.4039400785825087,-0.9949946628710012,-0.4057673501414494,0.3305001436959429,0.2386193286479245,0.44453381574914974
2019-09-15,1.0002591753806633,0.7257855810625867,0.12738147982424178,-0.13069192011359193,-0.7029509785118317,-0.6644818681258413,1.0113142878656949,0.2386193286479245,-0.7545472598102241
2019-09-16,1.0187126863858462,0.8024577790774813,-0.15541573674469486,-0.13069192011359193,0.21490060090270127,-0.7405743734153714,0.8256377030921223,0.2386193286479245,-0.22162233733940814
2019-09-17,0.9264451313599265,1.1091465711370576,-0.24827452427479343,-0.13069192011359193,0.5069442852618709,-0.5427338596626001,-0.47409839032284967,0.2386193286479245,0.5777650463668411
2019-09-18,0.9633521533702945,0.7066175315588635,0.422841258329101,0.14255623835532483,0.46522375892484663,-0.2535823395623892,0.9494220929411692,0.2386193286479245,0.8442275076022743
2019-09-19,1.0371661973910307,0.5341050860253512,0.030301838315502313,-0.31285735909286977,-0.577789399500759,-0.1927083353307686,1.7540206269599639,0.6816698365176094,0.17807135451371647
2019-09-20,1.0740732194013993,0.7832897295737575,-0.33691245782625123,-2.3166771878649257,-2.455213084666849,-0.5883893628363113,1.0732064827902164,0.6816698365176094,-1.1542409516633487
2019-09-21,1.055619708396215,0.8407938780849282,-0.33691245782625123,-3.2275043827613152,-2.7472567690260186,-0.6949188702416602,0.8256377030921244,0.6816698365176094,-0.31044315775123604
2019-09-22,0.8341775763340059,0.7257855810625867,-0.33691245782625123,-3.409669821740593,-2.5386541373408975,-0.05574182580960059,0.4542845335449899,0.2386193286479245,1.8656669423380932
2019-09-23,0.7234565103029009,0.629945333543969,-0.33691245782625123,-1.8612635904167314,-1.1201562418820739,0.5529982165066402,0.3923923386204664,-0.20443117922176018,1.7768461219262652
2019-09-24,0.6496424662821648,0.8024577790774813,-0.33691245782625123,-0.6771882370514254,-0.36918676781563786,0.7508387302594114,-0.41220619539832837,-0.6474816870914448,0.5777650463668411
2019-09-26,0.7419100213080854,0.6491133830476928,-0.33691245782625123,-0.5861055175617865,-1.0367151892080255,0.7051832270857004,0.3923923386204664,-1.0905321949611295,-0.13280151692758022
2019-09-28,1.0002591753806633,0.7257855810625867,-0.33691245782625123,-0.5861055175617865,-1.4539204525782679,0.370376203811761,1.0113142878656949,-1.5335827028308142,-0.9765993108397938
2019-09-29,0.907991620354742,0.8599619275886521,-0.33691245782625123,-0.22177463960323085,-1.4539204525782679,0.035569180537821675,0.26860794877141936,-1.5335827028308142,-0.9765993108397938
2019-09-30,1.2217013074428718,0.9749702246109929,-0.33691245782625123,-1.223684553989259,-1.9545667686225585,-0.573170861778419,0.9494220929411692,-1.5335827028308142,-1.775986694546043
2019-10-01,1.1847942854325044,1.2049868186556754,-0.33691245782625123,-1.6790981514374534,-2.371772031992801,-0.4818598554309795,0.08293136399785539,-1.5335827028308142,0.26689217492554435
2019-10-02,0.9818056643754789,1.1091465711370576,-0.33691245782625123,-0.5861055175617865,-1.9962872949595827,-0.20792683638866077,-0.2884218055492813,-1.5335827028308142,0.7998170973964108
2019-10-03,0.9264451313599265,1.0133063236184399,-0.33691245782625123,-0.9504363955203422,-1.9128462422855343,-0.07096032686751007,-0.16463741570023646,-1.5335827028308142,0.4001234055432357
2019-10-04,0.8341775763340059,0.9174660760998221,-0.33691245782625123,-0.6771882370514254,-1.9128462422855343,-0.05574182580960059,-0.16463741570023646,-1.5335827028308142,0.04484012389602509
2019-10-05,1.0187126863858462,0.898298026596099,-0.33691245782625123,-0.7682709565410644,-2.079728347633631,0.05078768159573115,0.516176728469509,-1.5335827028308142,0.3113025851314078
2019-10-06,0.4282003342199556,0.189080194958328,1.6384472041776643,0.32472167733460267,0.7989879696210405,0.32472070063804986,0.8256377030921244,-1.0905321949611295,0.7998170973964108
2019-10-07,0.28057224617848264,0.20824824446205112,0.4186204043504601,0.7801352747827972,0.6321058642729436,0.4312502080433816,0.2686079487714215,-0.6474816870914448,0.3113025851314078
2019-10-08,0.6680959772873485,0.6107772840402459,-0.13009061287284976,0.14255623835532483,-0.07714308345646831,0.46168721015920056,0.26860794877141936,-0.20443117922176018,0.08925053410193905
2019-10-10,0.6496424662821648,0.8599619275886521,-0.33691245782625123,-0.13069192011359193,-1.3704793999042193,0.1420986879431707,-0.5978827801718967,-0.20443117922176018,-0.9321889006338799
2019-10-11,0.7972705543236378,0.8024577790774813,-0.33691245782625123,-0.22177463960323085,-1.8294051896114858,-0.1166158300412385,0.0829313639978532,-0.20443117922176018,-0.7545472598102746
2019-10-12,0.8710845983443739,1.0133063236184399,-0.3242498958903287,0.05147351886568591,-0.7029509785118317,-0.1166158300412385,-0.35031400047380484,0.2386193286479245,0.00042971369011113775
2019-10-13,0.7419100213080854,0.45743288801045734,0.23712368326890376,0.5979698358035194,0.5486648115988951,0.30950219958014036,1.0113142878656927,0.6816698365176094,1.2439211994554493
2019-10-14,0.3912933122095869,0.3999287394992866,1.8621524650456291,0.7801352747827972,0.5069442852618709,0.766057231317321,0.02103916907332968,0.6816698365176094,1.3327420198672268
2019-10-15,0.5389214002510598,0.189080194958328,0.10205635595239673,-0.31285735909286977,-0.4943483468267106,0.9791162461280017,1.1969908726392589,0.6816698365176094,0.6221754565727551
2019-10-16,0.3912933122095869,0.20824824446205112,-0.33691245782625123,-0.9504363955203422,-1.287038347230171,0.8725867387226527,0.6399611183185561,0.2386193286479245,-0.31044315775123604
2019-10-17,0.5389214002510598,0.3424245909881158,-0.33691245782625123,-0.6771882370514254,-1.5373615052523162,0.7051832270857004,0.7018533132430795,0.2386193286479245,-0.48808479857479087
2019-10-19,0.5204678892458762,0.3999287394992866,-0.33691245782625123,-0.4950227980721476,-1.4121999262412435,0.7051832270857004,0.4542845335449899,0.2386193286479245,0.00042971369011113775
2019-10-20,0.28057224617848264,0.2465843434694981,-0.18918256857382162,-0.13069192011359193,-1.0784357155450497,0.5986537196803513,0.14482355892237672,0.2386193286479245,-0.31044315775123604
2019-10-21,0.3728398012044032,0.2657523929732219,-0.33691245782625123,-0.4950227980721476,-1.3704793999042193,0.2181911932327008,0.3923923386204664,-0.20443117922176018,-1.1098305414574852
2019-10-22,0.22521171316293018,0.2465843434694981,-0.33691245782625123,-0.8593536760307032,-1.9545667686225585,-0.05574182580960059,-0.04085302585119164,-0.6474816870914448,-0.798957670016138
2019-10-23,0.3543862901992188,0.2657523929732219,-0.33691245782625123,-0.5861055175617865,-1.662523084263389,-0.05574182580960059,0.3305001436959429,-1.0905321949611295,0.00042971369011113775
2019-10-24,0.5020143782406918,0.45743288801045734,-0.33691245782625123,-0.5861055175617865,-0.7029509785118317,0.3551577027538515,0.20671575384689803,-1.0905321949611295,1.199510789249485
2019-10-25,0.28057224617848264,0.4190967890030104,-0.33691245782625123,-0.22177463960323085,-1.4539204525782679,0.6290907217961702,-0.41220619539832837,-1.0905321949611295,0.7998170973964108
2019-10-29,-0.3837541500081455,-0.3476251911459314,-0.33691245782625123,-1.13260183449962,-0.577789399500759,0.47690571121711006,-0.16463741570023868,-1.0905321949611295,-0.4436743883689274
2019-10-30,-0.07004446292001582,-0.11760859710124899,-0.33691245782625123,-1.5880154319478146,0.5486648115988951,0.6290907217961702,0.1448235589223745,-1.5335827028308142,0.44453381574914974
2019-10-31,0.07758362512145718,0.20824824446205112,-0.33691245782625123,-0.8593536760307032,0.4235032325878224,0.5529982165066402,-0.41220619539832837,-1.5335827028308142,-0.22162233733940814
2019-11-01,0.46510735623032373,0.36159264049183965,-0.33691245782625123,-0.4039400785825087,-0.7863920311858802,0.47690571121711006,0.3923923386204664,-1.5335827028308142,-0.22162233733940814
2019-11-02,0.26211873517329826,0.3424245909881158,-0.33691245782625123,-0.31285735909286977,-1.5373615052523162,0.30950219958014036,-0.22652961062475999,-1.5335827028308142,-0.4880847985748413
2019-11-03,0.3728398012044032,0.32325654148439265,-0.33691245782625123,-0.31285735909286977,-0.8281125575229044,0.20297269217479133,0.20671575384689803,-1.5335827028308142,-0.31044315775123604
2019-11-04,0.3359327791940351,0.13157604644715723,-0.33691245782625123,-1.9523463099063703,-1.662523084263389,0.2942836985222309,0.7018533132430795,-1.5335827028308142,0.26689217492554435
2019-11-05,0.11449064713182526,-0.09844054759752519,-0.33691245782625123,-1.9523463099063703,-2.371772031992801,0.12688018688526123,0.7018533132430774,-1.5335827028308142,-0.4880847985748413
2019-11-06,-0.05159095191483145,0.0357357989285395,-0.33691245782625123,-0.7682709565410644,-0.8698330838599286,-0.08617882792541955,-0.2884218055492835,-1.5335827028308142,-0.6213160291925327
2019-11-07,0.022223092105904722,-0.13677664660497282,-0.33691245782625123,-1.9523463099063703,-1.495640978915292,0.17253569005898967,0.5161767284695112,-1.5335827028308142,0.7554066871904969
2019-11-08,0.0037695811007210068,-0.2517849436273137,-0.33691245782625123,-2.407759907354565,-1.9545667686225585,0.6747462249698813,0.8256377030921244,-1.5335827028308142,1.4659732504849181
2019-11-09,-0.143858506940752,-0.32845714164220824,-0.33691245782625123,-1.4058499929685369,-1.4539204525782679,0.766057231317321,0.5780689233940347,-1.5335827028308142,0.26689217492554435
2019-11-10,-0.014683929904463364,-0.29012104263476063,-0.33691245782625123,-0.6771882370514254,-2.16316940030768,0.5377797154487306,0.8875298980166457,-1.5335827028308142,-0.6657264393984467
2019-11-11,0.0037695811007210068,-0.23261689412359055,-0.33691245782625123,-0.4950227980721476,-1.495640978915292,0.32472070063804986,0.7637455081676031,-1.5335827028308142,-0.6213160291925327
2019-11-12,-0.291486594982225,0.0357357989285395,-0.33691245782625123,0.05147351886568591,0.08973902189162859,0.5834352186224417,-1.0930203395680782,-1.5335827028308142,0.7554066871904465
2019-11-13,0.0037695811007210068,0.0357357989285395,-0.33691245782625123,-0.22177463960323085,-1.2035972945561224,0.8725867387226527,-0.10274522077571516,-1.5335827028308142,0.8442275076022743
2019-11-14,-0.16231201794593636,-0.1942807951161429,-0.33691245782625123,-1.223684553989259,-1.0784357155450497,0.9638977450700922,0.082931363997851,-1.5335827028308142,0.26689217492554435
2019-11-15,-0.19921903995630444,-0.11760859710124899,-0.33691245782625123,-0.6771882370514254,-1.6208025579263647,0.6595277239119719,-0.2884218055492835,-1.5335827028308142,-0.887778490427966
2019-11-16,-0.21767255096148816,-0.11760859710124899,-0.33691245782625123,-0.13069192011359193,-1.4539204525782679,0.47690571121711006,-0.35031400047380484,-1.5335827028308142,-0.5324952087807048
2019-11-17,-0.05159095191483145,-0.13677664660497282,-0.33691245782625123,0.14255623835532483,-2.079728347633631,0.370376203811761,0.2686079487714215,-1.5335827028308142,-0.31044315775123604
2019-11-18,0.29902575718366636,-0.29012104263476063,-0.33691245782625123,-0.7682709565410644,-2.079728347633631,0.47690571121711006,1.93969721173353,-1.5335827028308142,0.3113025851314583
2019-11-19,-0.7528243701118277,-0.8076583792352969,-0.33691245782625123,-1.3147672734788978,-0.7863920311858802,0.8878052397805621,0.0829313639978532,-1.5335827028308142,1.199510789249485
2019-11-20,-0.5129287270444342,-0.5201376366794437,-0.33691245782625123,-1.0415191150099812,-0.4943483468267106,1.055208751417532,-0.04085302585119164,-1.5335827028308142,0.4889442259550637
2019-11-22,-0.08849797392519954,-0.48180153767199607,-0.33691245782625123,-1.0415191150099812,-2.246610452981728,0.6899647260277908,1.2588830675637823,-1.5335827028308142,-1.0654201312515712
2019-11-23,0.022223092105904722,-0.13677664660497282,-0.33691245782625123,0.05147351886568591,-0.9949946628710012,0.6595277239119719,0.5161767284695112,-1.5335827028308142,-0.08839110672171677
2019-11-24,0.11449064713182526,-0.1942807951161429,-0.33691245782625123,-0.039609200623953005,-1.8294051896114858,0.7508387302594114,1.0113142878656907,-1.5335827028308142,0.26689217492554435
2019-11-25,-0.03313744090964708,0.054903848432262634,-0.33691245782625123,-0.4039400785825087,-0.41090729415266214,1.0704272524754412,-0.2884218055492813,-1.5335827028308142,0.9330483280141022
2019-11-27,-0.36530063900296117,-0.1942807951161429,-0.33691245782625123,0.05147351886568591,-0.6195099258377832,1.131301256707062,-0.5978827801718967,-1.5335827028308142,0.17807135451371647
2019-11-28,-0.6790103260910909,-0.7884903297315731,-0.33691245782625123,-1.4969327124581757,-1.1201562418820739,1.4204527768072728,0.2686079487714215,-1.5335827028308142,0.8442275076022743
2019-11-29,-0.7712778811170115,-0.9801708247688086,-0.33691245782625123,-1.13260183449962,-0.8281125575229044,1.4813267810388935,0.5780689233940347,-1.5335827028308142,0.17807135451371647
2019-11-30,-0.5498357490548023,-0.8076583792352969,-0.33691245782625123,-0.5861055175617865,-1.4121999262412435,1.1921752609386824,0.7637455081676031,-1.5335827028308142,-0.843368080222052
2019-12-01,-0.23612606196667252,-0.6351459337017846,-0.33691245782625123,-0.7682709565410644,-2.4969336110038736,0.8725867387226527,1.2588830675637823,-1.5335827028308142,-0.9321889006338799
2019-12-02,-1.195708634236246,-1.344363765339556,-0.33691245782625123,-2.134511748885648,-2.079728347633631,1.3747972736335616,0.330500143695944,-1.5335827028308142,1.4659732504849687
2019-12-03,-1.2326156562466142,-1.593548408887962,-0.33691245782625123,-2.8631735048027593,-1.495640978915292,1.603074789502152,1.0113142878656927,-1.5335827028308142,0.666585866778669
2019-12-04,-1.2326156562466142,-1.5743803593842383,-0.33691245782625123,-3.409669821740593,-0.5360688731637347,1.5726377873863329,0.9494220929411703,-1.5335827028308142,-0.08839110672171677
2019-12-05,-1.5647788543399281,-1.727724755414027,-0.2778205021252794,-2.134511748885648,0.8407084959580646,1.861789307486544,0.330500143695944,-1.0905321949611295,0.8442275076022743
2019-12-06,-1.343336722277719,-1.804396953428921,-0.3242498958903287,-3.500752541230232,-0.8698330838599286,1.8465708064286517,1.320775262488306,-0.6474816870914448,-0.04398069651575233
2019-12-07,-1.4171507662984553,-1.7085567059103033,-0.33691245782625123,-3.500752541230232,-2.788977295363043,1.861789307486544,0.7637455081676031,-0.6474816870914448,0.044840123895974596
2019-12-08,-1.343336722277719,-1.7468928049177503,-0.33691245782625123,-2.7720907853131207,-2.16316940030768,1.861789307486544,1.1350986777147376,-0.6474816870914448,0.00042971369011113775
2019-12-09,-0.9373594801636688,-1.4210359633544503,-0.33691245782625123,-1.4058499929685369,-0.4943483468267106,1.4052342757493632,1.4445596523373507,-0.6474816870914448,-1.3318825924870046
2019-12-10,-0.9004524581533007,-1.2293554683172148,-0.33691245782625123,-0.7682709565410644,-1.2035972945561224,0.9182422418963812,0.9494220929411692,-0.6474816870914448,-1.4207034128987819
2019-12-11,-0.5129287270444342,-1.0760110722874263,-0.33691245782625123,-1.223684553989259,-2.7472567690260186,0.8878052397805621,1.7540206269599639,-0.6474816870914448,-0.08839110672171677
2019-12-12,-0.9927200131792212,-0.9034986267539146,-0.33691245782625123,-0.9504363955203422,-1.0367151892080255,1.2682677662282127,-0.41220619539832837,-1.0905321949611295,1.1106899688377077
2019-12-13,-0.8819989471481163,-0.7884903297315731,-0.33691245782625123,-0.22177463960323085,-1.0367151892080255,1.4965452820968028,-0.41220619539832837,-1.5335827028308142,0.666585866778669
2019-12-14,-0.6421033040807228,-0.865162527746467,-0.33691245782625123,-0.22177463960323085,-2.1214488739706554,1.3900157746914712,0.6399611183185561,-1.5335827028308142,-0.3104431577511856
2019-12-15,-1.158801612225878,-0.6926500822129553,-0.33691245782625123,0.32472167733460267,0.715546916946992,1.131301256707062,-1.650050093888781,-1.5335827028308142,-0.7545472598102746
2019-12-16,-0.5682892600599866,-0.46263348816827293,-0.33691245782625123,-0.13069192011359193,0.7572674432840162,0.842149736606851,-0.41220619539832837,-1.5335827028308142,-0.843368080222052
2019-12-17,-0.10695148493038391,-0.17511274561241977,-0.33691245782625123,-0.5861055175617865,0.46522375892484663,0.7812757323752304,0.20671575384689803,-1.5335827028308142,-0.17721192713349418
2019-12-18,0.09603713612664155,-0.4051293396571022,-0.33691245782625123,-0.039609200623953005,0.08973902189162859,0.842149736606851,1.6302362371109191,-1.5335827028308142,0.17807135451371647
2019-12-19,-0.9927200131792212,-0.6351459337017846,-0.3326916038476104,0.5979698358035194,1.09103165398021,1.1008642545912428,-1.2786969243416466,-1.0905321949611295,0.7554066871904465
2019-12-20,-0.9558129911688524,-0.8459944782427439,-0.30736647997576527,0.05147351886568591,0.6321058642729436,1.0704272524754412,-0.47409839032284967,-0.6474816870914448,-0.08839110672166628
2019-12-21,-0.9004524581533007,-0.9801708247688086,-0.2778205021252794,0.5979698358035194,0.7572674432840162,0.7964942334331225,0.1448235589223745,-0.20443117922176018,-0.7989576700161886
2019-12-22,-0.7343708591066433,-0.5584737356868906,-0.33691245782625123,0.5979698358035194,-0.32746624147861364,0.4921242122750022,-0.659774975096418,-0.20443117922176018,-0.887778490427966
2019-12-23,-0.9927200131792212,-0.6159778841980614,-0.33691245782625123,0.6890525552931583,0.5486648115988951,0.6290907217961702,-1.3405891192661679,-0.20443117922176018,0.40012340554328624
2019-12-24,-0.6421033040807228,-0.5968098346943376,-0.33691245782625123,0.23363895784496375,-0.9949946628710012,0.8117127344910321,-0.22652961062475999,-0.20443117922176018,0.5333546361609272
2019-12-25,-0.7159173481014596,-0.5968098346943376,-0.33691245782625123,0.23363895784496375,-0.11886360979349253,0.5834352186224417,-0.47409839032285184,-0.20443117922176018,-0.6657264393984467
2019-12-26,-0.4206611720185136,-0.8843305772501908,-0.33691245782625123,-0.4039400785825087,-1.6208025579263647,0.5682167175645323,1.4445596523373507,-0.6474816870914448,-0.04398069651580282
2019-12-27,-1.0111735241844049,-1.2485235178209382,-0.33691245782625123,-1.13260183449962,-1.87112571594851,1.176956759880773,0.6399611183185572,-1.0905321949611295,1.7768461219262652
2019-12-29,-1.3248832112725346,-0.8076583792352969,0.055626962187347445,0.962300713762075,1.0075906013061615,0.8725867387226527,-1.8357266786623472,-1.0905321949611295,-0.887778490427966
2019-12-30,-0.7897313921221958,-0.6351459337017846,-0.3242498958903287,1.2355488722309917,0.9241495486321131,1.131301256707062,-0.5978827801718967,-0.6474816870914448,0.7554066871904969
2020-01-02,-1.1772551232310624,-0.9034986267539146,-0.33691245782625123,0.05147351886568591,-0.577789399500759,1.9226633117181817,-1.0311281446435547,-0.6474816870914448,2.3097710443971318
2020-01-03,-0.8819989471481163,-0.9418347257613615,-0.33691245782625123,0.4158043968242416,-0.8698330838599286,1.5878562884442424,0.0829313639978532,-0.6474816870914448,-0.9765993108397938
2020-01-04,-0.8819989471481163,-0.865162527746467,-0.33691245782625123,0.5068871163138805,-0.2440251888045652,1.2682677662282127,-0.16463741570023868,-0.6474816870914448,-0.9321889006338799
2020-01-05,-0.8635454361429319,-0.6543139832055084,-0.33691245782625123,0.14255623835532483,0.5486648115988951,1.207393761996592,-0.7835593649454629,-0.6474816870914448,-0.17721192713349418
2020-01-06,-0.5129287270444342,-0.5009695871757199,-0.33691245782625123,0.05147351886568591,0.29834165357674974,1.0247717493017128,-0.10274522077571516,-0.6474816870914448,-0.5324952087807553
2020-01-08,-0.143858506940752,-0.46263348816827293,-0.33691245782625123,-0.4950227980721476,-1.3704793999042193,0.9030237408384716,1.0113142878656927,-1.0905321949611295,-0.35485356795709955
2020-01-09,-1.1403481012206935,-0.7118181317166792,-0.33691245782625123,-0.039609200623953005,0.34006217991377397,0.842149736606851,-1.526265704039734,-1.5335827028308142,-0.17721192713349418
2020-01-10,-0.9189059691584844,-0.6351459337017846,-0.33691245782625123,0.4158043968242416,-0.03542255711944408,0.5834352186224417,-1.0311281446435547,-1.5335827028308142,-0.7545472598102746
2020-01-11,-0.5313822380496185,-0.6543139832055084,-0.33691245782625123,0.32472167733460267,-0.36918676781563786,0.41603170698547215,0.3305001436959429,-1.5335827028308142,-0.4880847985748413
2020-01-12,-1.195708634236246,-1.2293554683172148,-0.33691245782625123,-1.13260183449962,0.29834165357674974,0.6899647260277908,-0.04085302585119164,-1.5335827028308142,0.7998170973964108
2020-01-13,-1.3064297002673508,-0.9418347257613615,-0.33691245782625123,-0.13069192011359193,0.3817827062507982,0.7964942334331225,-1.3405891192661679,-1.5335827028308142,0.3113025851314078
2020-01-14,-0.9004524581533007,-0.8843305772501908,-0.33691245782625123,-0.13069192011359193,-1.0784357155450497,0.9791162461280017,-0.16463741570023868,-1.5335827028308142,0.5333546361609777
2020-01-15,-0.9373594801636688,-0.8076583792352969,-0.3326916038476104,0.23363895784496375,0.3817827062507982,0.8725867387226527,-0.5359905852473732,-1.0905321949611295,-0.31044315775123604
2020-01-17,-1.2510691672517984,-0.9418347257613615,-0.33691245782625123,-0.7682709565410644,0.8407084959580646,1.0704272524754412,-1.1549125344925995,-1.0905321949611295,0.5777650463668916
2020-01-18,-1.0665340571999573,-0.9610027752650847,-0.33691245782625123,-0.4039400785825087,-0.20230466246754097,1.0704272524754412,-0.47409839032285184,-1.0905321949611295,0.00042971369011113775
2020-01-19,-1.1218945902155097,-1.0568430227837025,-0.33691245782625123,-0.22177463960323085,0.6321058642729436,1.2682677662282127,-0.350314000473807,-1.0905321949611295,0.5777650463668411
2020-01-20,-1.1403481012206935,-1.2293554683172148,-0.33691245782625123,-0.22177463960323085,0.5069442852618709,1.4204527768072728,0.14482355892237672,-1.0905321949611295,0.44453381574914974
2020-01-21,-1.048080546194773,-0.9226666762576378,-0.33691245782625123,0.23363895784496375,0.715546916946992,1.4965452820968028,-0.5359905852473732,-1.0905321949611295,0.2224817647196304
2020-01-23,-0.19921903995630444,-0.30928909213848443,-0.33691245782625123,0.7801352747827972,-0.20230466246754097,0.7051832270857004,0.3305001436959429,-1.0905321949611295,-2.308911617016859
2020-01-25,-0.8450919251377482,-0.6351459337017846,-0.24827452427479343,1.053383433251714,0.9658700749691373,0.5529982165066402,-0.7835593649454651,-1.0905321949611295,-0.4436743883689274
2020-01-26,-1.3986972552932715,-1.6127164583916855,0.1822525815465728,0.7801352747827972,0.5069442852618709,0.3551577027538515,0.5161767284695112,-0.6474816870914448,-0.5769056189866693
2020-01-27,-1.9892096074591628,-2.0344135474736036,-0.3284707498689695,-0.6771882370514254,0.13145954822865283,0.5834352186224417,-0.10274522077571516,-0.20443117922176018,0.666585866778669
2020-01-28,-1.9707560964539785,-2.168589893999668,-0.3326916038476104,-1.0415191150099812,0.0062979692175801445,0.9182422418963812,0.3923923386204664,0.2386193286479245,0.9774587382200162
2020-01-29,-1.7862209864021374,-2.130253794992221,-0.33691245782625123,-2.0434290293960093,-1.0784357155450497,1.2226122630545015,0.887529898016648,0.2386193286479245,0.8886379178081882
2020-01-30,-1.5278718323295601,-2.01524549796988,-0.33691245782625123,-3.045338943782037,-2.7055362426889946,1.359578772575652,1.3826674574128284,0.2386193286479245,0.4001234055432357
2020-01-31,-1.454057788308824,-1.9769093989624327,-0.33691245782625123,-2.3166771878649257,-2.6638157163519702,1.4965452820968028,1.5064518472618722,0.2386193286479245,0.4001234055432357
2020-02-01,-1.4725112993140077,-1.5360442603767914,-0.33691245782625123,-0.4950227980721476,-1.6208025579263647,1.4965452820968028,0.02103916907333078,-0.20443117922176018,0.00042971369011113775
2020-02-02,-1.343336722277719,-1.1910193693097675,-0.33691245782625123,-0.039609200623953005,0.715546916946992,1.4356712778651823,-0.6597749750964191,-0.6474816870914448,-0.17721192713349418
2020-02-04,-1.4356042773036395,-1.2868596168283852,-0.30314562599712447,0.5979698358035194,0.8407084959580646,1.1617382588228808,-0.6597749750964191,-0.6474816870914448,-0.798957670016138
2020-02-05,-1.5647788543399281,-1.0568430227837025,-0.29470391803984275,0.5068871163138805,0.8407084959580646,1.2226122630545015,-1.8357266786623494,-0.6474816870914448,0.17807135451371647
2020-02-07,-1.1403481012206935,-0.9226666762576378,-0.33691245782625123,0.4158043968242416,0.715546916946992,1.2987047683440316,-0.8454515598699863,-0.6474816870914448,0.2224817647196304
2020-02-08,-1.3248832112725346,-1.0376749732799793,-0.33691245782625123,-0.13069192011359193,0.8407084959580646,1.7400412990233025,-1.093020339568076,-0.6474816870914448,1.2883316096613129
2020-02-10,-1.5094183213243757,-1.2676915673246616,-0.33691245782625123,-0.13069192011359193,0.8407084959580646,1.603074789502152,-0.9692359497190312,-0.6474816870914448,-0.39926397816301346
2020-02-11,-1.4171507662984553,-1.0185069237762554,-0.30314562599712447,0.7801352747827972,0.8407084959580646,1.207393761996592,-1.4643735091152128,-0.20443117922176018,-1.1542409516633991
2020-02-12,-0.3837541500081455,-0.7118181317166792,-0.33691245782625123,1.053383433251714,0.3817827062507982,0.8117127344910321,1.0113142878656927,-0.20443117922176018,-1.1542409516633991
2020-02-13,-1.158801612225878,-0.6159778841980614,1.4189627972883405,1.5087970306999086,0.5069442852618709,0.4312502080433816,-1.8976188735868709,-0.20443117922176018,-1.1098305414574852
2020-02-14,-0.7897313921221958,-0.5009695871757199,0.07251037810191077,1.5087970306999086,1.0075906013061615,0.18775419111688185,-1.0311281446435547,-0.20443117922176018,-0.7101368496043606
2020-02-16,-0.8081849031273801,-2.2069259930071157,0.7394053067271644,0.4158043968242416,1.0075906013061615,1.1465197577649713,4.415385008714437,0.2386193286479245,2.7982855566620843
2020-02-17,-1.6201393873554806,-2.264430141518286,-0.33691245782625123,-2.225594468375287,-1.7459641369374372,2.074848322297242,1.8778050168090088,0.2386193286479245,2.7094647362502564
2020-02-18,-1.5463253433347444,-2.01524549796988,-0.33691245782625123,-1.8612635904167314,-2.580374663677922,2.1052853244130607,1.320775262488305,0.2386193286479245,0.08925053410193905
2020-02-19,-1.3617902332829035,-1.5552123098805148,-0.33691245782625123,-0.7682709565410644,-1.287038347230171,1.8313523053707248,0.4542845335449877,-0.20443117922176018,-0.798957670016239
2020-02-20,-1.0296270351895893,-1.2868596168283852,-0.33691245782625123,-0.6771882370514254,-1.5373615052523162,1.8770078085444706,0.7018533132430784,-0.20443117922176018,0.13366094430790348
2020-02-21,-0.7712778811170115,-1.0760110722874263,-0.33691245782625123,-0.4039400785825087,-2.5386541373408975,2.150940827586772,0.887529898016648,-0.6474816870914448,0.7998170973963604
2020-02-22,-0.23612606196667252,-0.9610027752650847,-0.33691245782625123,-0.4039400785825087,-2.371772031992801,1.9987558170077118,2.311050381280667,-1.0905321949611295,-0.4436743883689274
2020-02-23,-0.5313822380496185,-0.8843305772501908,-0.33691245782625123,-0.5861055175617865,-0.03542255711944408,1.8313523053707248,1.0732064827902141,-1.5335827028308142,-0.48808479857489184
2020-02-24,-0.8819989471481163,-0.8843305772501908,-0.33691245782625123,-0.13069192011359193,0.5486648115988951,1.2378307641124109,-0.10274522077571516,-1.5335827028308142,-1.7315762843400786
2020-02-26,0.24366522416811454,-0.29012104263476063,-0.33691245782625123,0.4158043968242416,-1.6208025579263647,0.8117127344910321,1.7540206269599639,-1.5335827028308142,-1.243061772075227
2020-02-27,-0.7712778811170115,-0.5776417851906138,-0.3200290419116878,0.5979698358035194,0.4235032325878224,1.0704272524754412,-0.7216671700209415,-1.0905321949611295,0.7554066871904969
2020-02-28,-0.2730330839770406,-0.7693222802278492,-0.33691245782625123,0.05147351886568591,0.6738263906099677,0.8269312355489415,1.5683440421863957,-1.0905321949611295,-0.7101368496043606
2020-02-29,-0.03313744090964708,-0.36679324064965524,-0.33691245782625123,0.23363895784496375,-0.577789399500759,0.32472070063804986,1.0732064827902164,-1.0905321949611295,-1.4651138231046958
2020-03-01,-0.03313744090964708,-0.32845714164220824,-0.33691245782625123,0.4158043968242416,-1.9545667686225585,0.24862819534851976,0.9494220929411714,-1.0905321949611295,-0.22162233733940814
2020-03-04,-0.9742665021740369,-0.7501542307241261,-0.20606598448838498,0.5979698358035194,0.8407084959580646,0.8269312355489415,-0.8454515598699863,-0.6474816870914448,1.6880253015144375
2020-03-05,-1.1218945902155097,-1.0760110722874263,-0.3200290419116878,0.6890525552931583,0.8407084959580646,1.0399902503596223,-0.2884218055492835,-0.20443117922176018,0.6221754565727551
2020-03-13,-0.32839361699259306,-0.5393056861831669,-0.33691245782625123,1.2355488722309917,0.8824290222950889,0.47690571121711006,0.6399611183185561,-0.20443117922176018,-1.642755463928301
2020-03-14,-0.16231201794593636,-0.4434654386645491,-0.3200290419116878,0.05147351886568591,0.17318007456567705,0.766057231317321,0.8875298980166457,-0.20443117922176018,0.8442275076022743
2020-03-15,-0.6974638370962752,-0.6159778841980614,-0.33691245782625123,-0.6771882370514254,0.34006217991377397,1.0247717493017128,-0.35031400047380484,-0.20443117922176018,0.7554066871904465
2020-03-16,-0.7343708591066433,-0.6926500822129553,-0.33691245782625123,-0.22177463960323085,0.08973902189162859,1.0856457535333508,-0.22652961062475999,-0.20443117922176018,0.17807135451376696
2020-03-17,-0.9373594801636688,-0.5009695871757199,-0.33691245782625123,0.14255623835532483,0.6321058642729436,0.9334607429542906,-1.5262657040397363,-0.20443117922176018,-0.4436743883689274
2020-03-18,-0.9558129911688524,-0.46263348816827293,0.11471891788831923,0.7801352747827972,0.46522375892484663,0.4921242122750022,-1.7119422888133025,-0.20443117922176018,-1.287472182281141
2020-03-19,-0.6974638370962752,-0.3476251911459314,-0.30314562599712447,0.962300713762075,0.8824290222950889,0.32472070063804986,-1.2168047294171231,-0.20443117922176018,-0.48808479857479087
2020-03-20,-0.6974638370962752,-0.30928909213848443,-0.3200290419116878,0.8712179942724362,0.8407084959580646,0.4312502080433816,-1.3405891192661679,0.2386193286479245,0.3113025851314078
2020-03-21,-0.6974638370962752,-0.36679324064965524,-0.3284707498689695,1.5087970306999086,0.7989879696210405,0.4312502080433816,-1.1549125344925995,0.2386193286479245,0.00042971369011113775
2020-03-22,0.3174792681888507,-0.09844054759752519,-0.33691245782625123,0.5979698358035194,-0.9949946628710012,0.2181911932327008,1.3826674574128273,0.2386193286479245,-0.6213160291925327
2020-03-23,0.3174792681888507,-0.021768349582631272,-0.33691245782625123,0.32472167733460267,-1.287038347230171,0.24862819534851976,1.1350986777147376,0.2386193286479245,0.08925053410193905
2020-03-26,-0.08849797392519954,-0.021768349582631272,-0.29470391803984275,1.1444661527413529,0.3817827062507982,0.1420986879431707,-0.22652961062475999,0.6816698365176094,-0.31044315775123604
2020-03-28,-0.16231201794593636,-0.4434654386645491,0.07673123208055167,1.2355488722309917,0.8824290222950889,0.11166168582735177,0.8875298980166457,0.6816698365176094,-0.08839110672171677
2020-03-29,-0.9004524581533007,-0.5776417851906138,-0.2440536702961526,1.2355488722309917,0.9241495486321131,0.1420986879431707,-1.1549125344926017,0.6816698365176094,0.08925053410193905
2020-03-30,-0.9927200131792212,-0.46263348816827293,-0.06255694921459626,1.5998797501895474,1.1744727066542584,-0.05574182580960059,-1.8357266786623494,0.6816698365176094,-0.5769056189866187
2020-03-31,-1.0111735241844049,-0.5584737356868906,-0.09210292706508218,1.5998797501895474,1.257913759328307,0.08122468371155012,-1.5881578989642575,0.6816698365176094,0.4001234055432357
2020-04-01,-1.0111735241844049,-0.6159778841980614,-0.3284707498689695,1.2355488722309917,1.1744727066542584,0.370376203811761,-1.4024813141906893,1.124720344387294,0.8442275076022743
2020-04-02,-1.1218945902155097,-0.5393056861831669,-0.3200290419116878,0.7801352747827972,1.09103165398021,0.6747462249698813,-2.021403263435918,1.5677708522569789,0.8886379178081882
2020-04-03,-1.0111735241844049,-0.5201376366794437,-0.31158733395440613,0.962300713762075,0.8407084959580646,0.7051832270857004,-1.7119422888133025,1.5677708522569789,0.08925053410193905
2020-04-04,-0.49447521603924977,-0.46263348816827293,-0.2904830640612019,1.053383433251714,0.8824290222950889,0.8269312355489415,-0.16463741570023646,1.5677708522569789,0.35571299533732176
2020-04-05,-1.2695226782569828,-0.9993388742725323,-0.14275317480877234,0.962300713762075,1.09103165398021,0.9791162461280017,-1.0311281446435547,1.5677708522569789,0.44453381574914974
2020-04-06,-1.638592898360665,-1.1526832703023202,0.5705711475815306,1.3266315917206308,1.2161932329912828,0.6443092228540624,-1.7738344837378281,1.5677708522569789,-0.9765993108397938
2020-04-08,-0.5129287270444342,-0.6543139832055084,-0.33691245782625123,-0.5861055175617865,0.6321058642729436,0.5986537196803513,0.3923923386204664,1.124720344387294,-0.13280151692758022
2020-04-09,-0.21767255096148816,-0.6351459337017846,-0.33691245782625123,-0.7682709565410644,-1.5373615052523162,0.7508387302594114,1.320775262488306,0.6816698365176094,0.44453381574914974
2020-04-10,-0.4022076610133292,-0.424297389160826,-0.33691245782625123,-0.4039400785825087,-1.2035972945561224,0.842149736606851,0.02103916907333188,0.2386193286479245,0.26689217492554435
2020-04-11,-0.4575681940288817,-0.30928909213848443,0.5283626077951221,0.962300713762075,0.8824290222950889,0.370376203811761,-0.5359905852473732,0.2386193286479245,-1.3762930026929185
2020-04-12,-0.21767255096148816,-0.7693222802278492,-0.3200290419116878,-1.6790981514374534,-0.9532741365339771,0.7204017281435925,1.7540206269599639,0.2386193286479245,1.0218691484258797
2020-04-13,-0.2545795729718569,-1.09517912179115,-0.33691245782625123,-3.045338943782037,-0.7863920311858802,1.0095532482438208,2.6824035508278037,-0.20443117922176018,0.8442275076023248
2020-04-14,-0.49447521603924977,-0.48180153767199607,-0.33691245782625123,-1.13260183449962,0.5069442852618709,0.7508387302594114,-0.10274522077571516,-0.6474816870914448,-0.7545472598102746
2020-04-15,-0.16231201794593636,-0.5968098346943376,-0.33691245782625123,-1.0415191150099812,-0.9115536101969528,0.4312502080433816,1.3826674574128273,-0.6474816870914448,-0.9321889006338799
2020-04-16,0.28057224617848264,-0.4051293396571022,-0.33691245782625123,-0.039609200623953005,-1.1201562418820739,0.2942836985222309,2.2491581863561456,-0.6474816870914448,-0.39926397816301346
2020-04-17,0.28057224617848264,-0.021768349582631272,-0.33691245782625123,0.14255623835532483,-0.36918676781563786,0.33993920169594205,1.0113142878656927,-0.6474816870914448,0.1336609443078025
2020-04-19,0.5942819332666124,0.30408849198066884,-0.33691245782625123,0.23363895784496375,-0.8698330838599286,0.005132178422020021,1.0113142878656927,-1.0905321949611295,-0.9765993108397434
2020-04-20,0.4835608672355074,0.47660093751418114,-0.33691245782625123,0.32472167733460267,-0.6195099258377832,-0.010086322635889457,0.082931363997851,-1.5335827028308142,-0.04398069651580282
2020-04-21,0.5942819332666124,0.5341050860253512,-0.33691245782625123,0.4158043968242416,0.04801849555460437,-0.025304823693798936,0.2686079487714215,-1.5335827028308142,-0.04398069651580282
2020-04-22,-0.19921903995630444,-0.5201376366794437,0.752067868663087,1.5087970306999086,1.0493111276431857,0.3551577027538515,1.0113142878656927,-1.0905321949611295,1.1106899688377077
2020-04-23,-0.9373594801636688,-0.5201376366794437,-0.2820413561039202,1.053383433251714,1.0493111276431857,0.7051832270857004,-1.4643735091152128,-0.6474816870914448,1.0218691484259301
2020-04-24,-0.9927200131792212,-0.7693222802278492,-0.31158733395440613,0.5979698358035194,1.09103165398021,0.9791162461280017,-0.8454515598699885,-0.20443117922176018,0.7998170973963604
2020-04-25,-0.7528243701118277,-0.7118181317166792,-0.3326916038476104,0.5068871163138805,0.9241495486321131,0.842149736606851,-0.22652961062475999,0.2386193286479245,-0.39926397816301346
2020-04-26,0.1883046911525621,-0.424297389160826,-0.30736647997576527,-0.22177463960323085,0.46522375892484663,0.6747462249698813,2.0015894066580557,0.6816698365176094,-0.4880847985748413
2020-04-27,0.3174792681888507,-0.09844054759752519,-0.33691245782625123,-1.13260183449962,-0.11886360979349253,0.6899647260277908,1.3826674574128273,0.6816698365176094,0.04484012389602509
2020-04-28,0.2067582021577458,0.054903848432262634,-0.33691245782625123,-1.223684553989259,-0.4943483468267106,0.7508387302594114,0.5161767284695112,0.6816698365176094,0.17807135451371647
2020-04-29,0.3174792681888507,-0.07927249809380205,-0.33691245782625123,-0.4950227980721476,-1.2035972945561224,0.6747462249698813,1.320775262488306,0.2386193286479245,-0.22162233733940814
2020-04-30,0.6496424662821648,0.016567749424815682,-0.33691245782625123,-0.31285735909286977,-0.6612304521748075,0.41603170698547215,2.1253737965071005,-0.20443117922176018,-0.7545472598102746
2020-05-01,0.6311889552769804,0.2849204424769457,-0.33691245782625123,0.32472167733460267,0.08973902189162859,-0.010086322635889457,1.1969908726392589,-0.6474816870914448,-1.2430617720751767
2020-05-02,0.5942819332666124,0.3424245909881158,-0.33691245782625123,-0.039609200623953005,-0.6612304521748075,-0.39054884908353993,0.887529898016648,-1.0905321949611295,-1.1098305414574852
2020-05-03,0.8341775763340059,0.5341050860253512,-0.33691245782625123,0.05147351886568591,-1.495640978915292,-0.5122968575467811,1.0732064827902164,-1.5335827028308142,-0.35485356795709955
2020-05-04,0.8710845983443739,0.7257855810625867,-0.33691245782625123,0.14255623835532483,-0.45262782048968636,-0.4209858511993589,0.5780689233940347,-1.5335827028308142,0.2668921749254939
2020-05-05,0.5758284222614279,0.8599619275886521,-0.33691245782625123,0.23363895784496375,0.29834165357674974,-0.573170861778419,-0.8454515598699885,-1.5335827028308142,-0.4436743883689274
2020-05-06,0.8526310873391896,0.9749702246109929,-0.33691245782625123,0.32472167733460267,0.6321058642729436,-0.6036078638942207,-0.2884218055492835,-1.5335827028308142,-0.08839110672166628
2020-05-07,0.7419100213080854,1.0708104721296106,-0.33691245782625123,0.32472167733460267,0.6321058642729436,-0.5883893628363113,-0.9692359497190312,-1.5335827028308142,0.04484012389602509
2020-05-08,0.9633521533702945,1.1666507196482283,-0.3326916038476104,0.32472167733460267,0.7572674432840162,-0.6036078638942207,-0.5359905852473732,-1.0905321949611295,-0.04398069651580282
2020-05-09,0.907991620354742,1.0708104721296106,-0.3326916038476104,0.14255623835532483,0.5486648115988951,-0.5122968575467811,-0.41220619539832837,-0.6474816870914448,0.26689217492554435
2020-05-10,1.0371661973910307,0.8216258285812045,-0.30314562599712447,0.05147351886568591,-0.32746624147861364,-0.4209858511993589,0.8256377030921244,-0.20443117922176018,0.2668921749254939
2020-05-11,1.2401548184480562,0.3999287394992866,0.28777393101259396,-0.13069192011359193,0.3817827062507982,-0.3448933459098288,2.868080135601372,0.2386193286479245,0.2224817647196304
2020-05-12,0.6680959772873485,0.43826483850673353,-0.18496171459518077,0.4158043968242416,0.4235032325878224,-0.2688008406202987,0.8256377030921244,0.6816698365176094,0.2224817647196304
2020-05-13,0.22521171316293018,0.7066175315588635,-0.3242498958903287,0.5979698358035194,0.5069442852618709,-0.04052332475170842,-1.5262657040397363,1.124720344387294,0.666585866778669
2020-05-14,0.5573749112562443,0.5724411850327988,-0.3326916038476104,0.5068871163138805,0.7572674432840162,-0.20792683638866077,0.02103916907332968,1.5677708522569789,-0.48808479857479087
2020-05-15,0.907991620354742,0.8791299770923752,-0.33691245782625123,0.32472167733460267,0.17318007456567705,-0.6492633670679492,0.20671575384689803,1.124720344387294,-1.287472182281141
2020-05-16,1.129433752416951,0.8407938780849282,-0.33691245782625123,0.23363895784496375,-0.45262782048968636,-0.7710113755311904,1.0732064827902141,0.6816698365176094,-0.35485356795709955
2020-05-18,0.3359327791940351,0.38076068999556345,1.6342263501990235,0.962300713762075,0.8407084959580646,-1.2123479062104614,-0.10274522077571516,0.6816698365176094,-1.2874721822810906
2020-05-19,0.907991620354742,0.6682814325514166,-0.33691245782625123,0.4158043968242416,0.17318007456567705,-1.1362554009209314,0.8875298980166457,0.2386193286479245,0.2224817647196304
2020-05-20,0.3174792681888507,0.8791299770923752,-0.15541573674469486,0.8712179942724362,0.7989879696210405,-0.9840703903418712,-1.773834483737826,0.2386193286479245,0.44453381574914974
2020-05-21,0.5020143782406918,0.6491133830476928,3.233930008103904,1.3266315917206308,0.9241495486321131,-1.33409591467372,-0.41220619539832837,0.2386193286479245,-1.0210097210457079
2020-05-22,0.4835608672355074,0.936634125603546,0.38063271854269254,0.962300713762075,0.8824290222950889,-1.4254069210211422,-1.4024813141906913,0.2386193286479245,-0.2660327475452716
2020-05-23,0.040676603111089095,0.5341050860253512,-0.2735996481466385,0.962300713762075,0.8407084959580646,-0.8775408829365394,-1.5881578989642575,0.6816698365176094,1.5992044811026096
2020-05-25,0.24366522416811454,0.5149370365216281,1.0306442312533828,1.2355488722309917,0.715546916946992,-0.4514228533151605,-0.8454515598699863,1.124720344387294,1.2439211994554493
2020-05-26,0.7972705543236378,0.8599619275886521,0.2708905150980305,0.8712179942724362,0.7572674432840162,-0.7557928744732809,-0.10274522077571516,1.124720344387294,-0.887778490427966
2020-05-27,0.6865494882925329,0.8407938780849282,-0.3326916038476104,0.5068871163138805,0.7572674432840162,-0.6036078638942207,-0.41220619539832837,1.5677708522569789,0.44453381574914974
2020-05-28,0.5020143782406918,0.8791299770923752,-0.3284707498689695,0.7801352747827972,0.7572674432840162,-0.3753303480256304,-1.1549125344925995,1.5677708522569789,0.666585866778669
2020-05-29,0.7419100213080854,0.8791299770923752,-0.3284707498689695,0.6890525552931583,0.715546916946992,-0.39054884908353993,-0.35031400047380484,1.5677708522569789,-0.04398069651580282
2020-05-30,0.3174792681888507,0.43826483850673353,5.205068816129179,1.5087970306999086,1.0075906013061615,-0.2535823395623892,-0.35031400047380484,1.5677708522569789,0.4001234055432357
2020-06-02,0.6865494882925329,1.0133063236184399,-0.06677780319323709,0.4158043968242416,0.7989879696210405,-0.46664135437306997,-0.9692359497190312,1.5677708522569789,-0.6213160291925327
2020-06-05,1.0187126863858462,1.0324743731221637,-0.22717025438158922,0.05147351886568591,0.8407084959580646,-0.8014483776470093,0.082931363997851,1.5677708522569789,-0.9765993108397938
2020-06-06,0.5758284222614279,0.38076068999556345,7.421017154915623,1.053383433251714,1.09103165398021,-0.8166668787049015,0.7018533132430774,1.5677708522569789,-0.04398069651575233
2020-06-07,0.4835608672355074,0.47660093751418114,4.196284715234017,1.2355488722309917,1.0075906013061615,-1.0601628956314013,0.082931363997851,1.5677708522569789,-0.7101368496043606
2020-06-08,0.46510735623032373,0.591609234536522,1.3894168194378544,0.962300713762075,1.0075906013061615,-0.9688518892839617,-0.35031400047380484,1.5677708522569789,0.26689217492554435
2020-06-09,0.8526310873391896,1.1474826701445053,-0.2820413561039202,0.5068871163138805,0.7989879696210405,-0.6644818681258413,-0.8454515598699885,1.5677708522569789,0.8886379178081882
2020-06-10,0.907991620354742,1.1858187691519522,-0.3284707498689695,0.05147351886568591,0.5486648115988951,-0.573170861778419,-0.7835593649454651,1.5677708522569789,0.2668921749254939
2020-06-12,1.5169574835258177,1.0899785216333344,-0.33691245782625123,-0.22177463960323085,-1.495640978915292,-1.0905998977472202,1.5683440421863957,1.124720344387294,-1.5095242333106098
2020-06-13,1.2770618404584249,1.0516424226258876,0.15692745767472768,0.32472167733460267,0.6738263906099677,-1.303658912557901,0.887529898016648,1.124720344387294,-0.6213160291925327
2020-06-14,0.8710845983443739,0.7449536305663105,0.8997977579155165,0.5979698358035194,0.5903853379359193,-0.6492633670679492,0.5161767284695112,1.124720344387294,1.9100773525439565
2020-06-15,1.0740732194013993,0.8024577790774813,-0.3284707498689695,0.14255623835532483,-0.16058413613051675,-0.22314533744657025,1.0113142878656927,1.124720344387294,1.2439211994554493
2020-06-16,0.7972705543236378,0.898298026596099,0.05984781616598828,0.32472167733460267,0.08973902189162859,-0.436204352257251,-0.22652961062475999,1.124720344387294,-0.6213160291925327
2020-06-17,0.907991620354742,1.0324743731221637,-0.2989247720184836,-0.039609200623953005,-0.577789399500759,-0.6492633670679492,-0.2884218055492835,1.124720344387294,-0.6213160291925832
2020-06-18,0.9264451313599265,1.0708104721296106,-0.3326916038476104,-0.039609200623953005,-0.4943483468267106,-0.6188263649521302,-0.35031400047380484,1.124720344387294,0.08925053410193905
2020-06-20,1.0925267304065838,1.1858187691519522,-0.33691245782625123,-0.31285735909286977,-0.577789399500759,-0.6188263649521302,-0.16463741570023646,1.124720344387294,0.00042971369011113775
2020-06-23,1.0740732194013993,1.3391631651817406,-0.33691245782625123,-0.039609200623953005,0.17318007456567705,-0.831885379762811,-0.7216671700209415,0.6816698365176094,-0.6213160291925327
2020-06-24,1.129433752416951,1.319995115678017,-0.33691245782625123,-0.039609200623953005,0.7572674432840162,-0.9231963861102506,-0.47409839032285184,0.2386193286479245,-0.26603274754532213
2020-06-25,1.0371661973910307,1.3391631651817406,-0.3326916038476104,-0.13069192011359193,0.7989879696210405,-0.93841488716816,-0.8454515598699885,0.2386193286479245,-0.04398069651580282
2020-06-26,0.9633521533702945,1.3966673136929109,-0.2820413561039202,-0.039609200623953005,0.7572674432840162,-0.7101373712995698,-1.2786969243416444,0.2386193286479245,0.666585866778669
2020-06-27,1.055619708396215,1.2241548681593992,-0.2862622100825611,-0.039609200623953005,0.6321058642729436,-0.6340448660100396,-0.41220619539832837,0.2386193286479245,0.2224817647196304
2020-06-29,1.3693293954843453,1.1666507196482283,-0.3200290419116878,-0.31285735909286977,0.4235032325878224,-0.9840703903418712,0.8256377030921266,0.2386193286479245,-1.0210097210456572
2020-07-01,1.0925267304065838,1.3008270661742931,-0.2904830640612019,0.05147351886568591,0.6321058642729436,-1.303658912557901,-0.535990585247371,0.6816698365176094,-0.9321889006338799
2020-07-02,1.2032477964376873,1.0708104721296106,0.055626962187347445,0.14255623835532483,0.6321058642729436,-1.1362554009209314,0.5780689233940325,1.124720344387294,0.4889442259550637
2020-07-03,1.16634077442732,0.9941382741147168,0.9082394658727982,0.5979698358035194,0.5903853379359193,-0.6340448660100396,0.7018533132430795,1.5677708522569789,1.4659732504849181
2020-07-04,1.2032477964376873,1.0324743731221637,0.013418422400938991,0.23363895784496375,0.6738263906099677,-0.5579523607205096,0.7018533132430774,1.5677708522569789,0.2224817647196304
2020-07-05,1.129433752416951,1.1283146206407815,-0.2820413561039202,-0.039609200623953005,0.3817827062507982,-0.8014483776470093,0.1448235589223745,1.5677708522569789,-0.7101368496043606
2020-07-06,1.0187126863858462,1.1858187691519522,-0.16385744470197655,-0.13069192011359193,0.3817827062507982,-0.7862298765890998,-0.41220619539833053,1.5677708522569789,0.04484012389602509
2020-07-07,1.0925267304065838,1.2241548681593992,-0.30736647997576527,-0.039609200623953005,0.4235032325878224,-0.5122968575467811,-0.2884218055492813,1.5677708522569789,0.7998170973964108
2020-07-08,1.0002591753806633,1.319995115678017,-0.31158733395440613,0.14255623835532483,0.8407084959580646,-0.831885379762811,-0.9073437547945077,1.5677708522569789,-0.9321889006338799
2020-07-10,1.0002591753806633,1.3774992641891877,-0.33691245782625123,-0.22177463960323085,0.8407084959580646,-1.0145073924576902,-1.093020339568076,1.124720344387294,-0.5324952087807553
2020-07-11,1.2217013074428718,1.3583312146854638,-0.33691245782625123,-0.13069192011359193,0.6321058642729436,-0.7862298765890998,-0.2884218055492835,0.6816698365176094,0.666585866778669
2020-07-12,1.2401548184480562,1.3391631651817406,-0.33691245782625123,-0.22177463960323085,-0.36918676781563786,-0.7405743734153714,-0.16463741570023868,0.2386193286479245,0.133660944307853
2020-07-13,1.1847942854325044,1.262490967166846,-0.33691245782625123,-0.31285735909286977,-1.2453178208931466,-0.7253558723574792,-0.10274522077571295,-0.20443117922176018,0.044840123895974596
2020-07-14,1.2586083294532404,1.2433229176631229,-0.33691245782625123,-0.22177463960323085,-0.45262782048968636,-0.9231963861102506,0.20671575384689803,-0.6474816870914448,-0.5769056189866187
2020-07-15,1.3139688624687922,1.28165901667057,-0.33691245782625123,-0.31285735909286977,0.5069442852618709,-0.9840703903418712,0.26860794877141936,-1.0905321949611295,-0.17721192713349418
2020-07-16,1.0925267304065838,1.0133063236184399,-0.23561196233887094,-0.13069192011359193,0.21490060090270127,-0.86232238187863,0.3923923386204686,-1.0905321949611295,0.35571299533732176
2020-07-17,1.2217013074428718,1.0899785216333344,-0.23139110836023008,-0.22177463960323085,0.34006217991377397,-0.6188263649521302,0.5780689233940325,-0.6474816870914448,0.710996276984583
2020-07-18,1.1847942854325044,1.3008270661742931,-0.2440536702961526,-0.22177463960323085,0.6738263906099677,-0.6644818681258413,-0.2265296106247578,-0.20443117922176018,-0.13280151692758022
2020-07-19,1.129433752416951,1.28165901667057,-0.33691245782625123,-0.22177463960323085,0.6738263906099677,-0.7405743734153714,-0.350314000473807,-0.20443117922176018,-0.22162233733940814
2020-07-20,1.0002591753806633,1.0324743731221637,-0.20606598448838498,-0.039609200623953005,0.5903853379359193,-0.46664135437306997,0.02103916907333188,0.2386193286479245,0.7998170973963604
2020-07-21,1.461596950510266,1.1474826701445053,-0.33691245782625123,-0.13069192011359193,-0.2857457151415894,-0.31445634379400983,1.196990872639261,0.2386193286479245,0.44453381574914974
2020-07-22,1.16634077442732,1.0708104721296106,-0.23139110836023008,0.14255623835532483,-0.7446715048488559,-0.49707835648888893,0.4542845335449899,0.6816698365176094,-0.5324952087807553
2020-07-24,1.3139688624687922,1.28165901667057,-0.33691245782625123,-0.31285735909286977,-0.8698330838599286,-0.6492633670679492,0.26860794877141936,0.2386193286479245,-0.4436743883689274
2020-07-25,1.3324223734739766,1.28165901667057,-0.33691245782625123,-0.22177463960323085,0.6321058642729436,-0.8014483776470093,0.3305001436959429,-0.20443117922176018,-0.4436743883689274
2020-07-27,1.2401548184480562,1.2049868186556754,-0.23983281631751177,-0.22177463960323085,0.34006217991377397,-0.93841488716816,0.2686079487714215,-0.20443117922176018,-0.39926397816301346
2020-07-28,1.5169574835258177,1.1091465711370576,-0.21028683846702584,-0.4039400785825087,-0.5360688731637347,-0.7710113755311904,1.5064518472618742,0.2386193286479245,0.4889442259550637
2020-07-29,1.4985039725206333,1.2433229176631229,-0.22717025438158922,-0.039609200623953005,0.04801849555460437,-0.8166668787049015,1.0113142878656907,0.2386193286479245,-0.13280151692758022
2020-07-30,1.4985039725206333,0.7449536305663105,0.22446112133298127,-0.22177463960323085,0.34006217991377397,-0.8927593839944316,2.62051135590328,0.6816698365176094,-0.22162233733940814
2020-07-31,0.5389214002510598,0.7257855810625867,1.2079200983562983,0.5979698358035194,0.7572674432840162,-1.273221910442082,-0.5359905852473732,0.6816698365176094,-1.1098305414574852
2020-08-01,0.4835608672355074,0.7257855810625867,0.8575892181291082,0.8712179942724362,0.9241495486321131,-1.2884404114999914,-0.7216671700209415,1.124720344387294,-0.04398069651580282
2020-08-02,0.4835608672355074,0.7832897295737575,0.7436261607058053,1.053383433251714,0.8407084959580646,-1.273221910442082,-0.9073437547945099,1.5677708522569789,0.04484012389602509
2020-08-03,0.1883046911525621,0.6874494820551398,1.6426680581563051,1.4177143112102697,0.8407084959580646,-1.379751417847431,-1.5881578989642575,1.5677708522569789,-0.31044315775123604
2020-08-04,0.6127354442717967,0.7641216800700343,-0.13853232083013148,0.8712179942724362,0.7572674432840162,-1.303658912557901,-0.41220619539832837,1.5677708522569789,0.2224817647196304
2020-08-05,0.9448986423651101,0.5341050860253512,1.9128027127893192,0.962300713762075,0.8824290222950889,-0.6797003691837508,1.4445596523373507,1.5677708522569789,1.8212565321321792
2020-08-06,1.2401548184480562,0.591609234536522,-0.26515794018935684,0.6890525552931583,0.6321058642729436,-0.4209858511993589,2.2491581863561456,1.5677708522569789,0.7554066871904465
2020-08-07,1.3139688624687922,1.0516424226258876,-0.3284707498689695,0.23363895784496375,0.5903853379359193,-0.6949188702416602,1.0113142878656907,1.5677708522569789,-0.798957670016138
2020-08-08,1.4062364174947128,1.2049868186556754,-0.33691245782625123,-0.13069192011359193,-0.9949946628710012,-1.0601628956314013,0.8256377030921244,1.124720344387294,-1.0654201312515712
2020-08-09,1.2217013074428718,1.0899785216333344,-0.33691245782625123,-0.13069192011359193,-0.9115536101969528,-1.2884404114999914,0.5780689233940325,0.6816698365176094,-0.6657264393984467
2020-08-10,1.1478872634221355,1.1858187691519522,-0.33691245782625123,-0.13069192011359193,0.21490060090270127,-1.2580034093841899,0.02103916907332968,0.2386193286479245,0.08925053410188855
2020-08-11,1.0002591753806633,1.319995115678017,-0.31158733395440613,0.05147351886568591,0.6321058642729436,-0.9536333882260695,-0.9073437547945077,0.2386193286479245,0.8886379178081882
2020-08-12,0.5020143782406918,0.8599619275886521,0.9040186118941573,0.962300713762075,0.8407084959580646,-0.3296748448519193,-1.0930203395680782,0.2386193286479245,1.8212565321321792
2020-08-13,0.8157240653288215,0.7449536305663105,0.35952844864948835,0.7801352747827972,0.6321058642729436,-0.23836383850447973,0.3305001436959429,0.2386193286479245,0.26689217492554435
2020-08-14,1.2217013074428718,0.7832897295737575,0.055626962187347445,0.23363895784496375,-0.36918676781563786,-0.436204352257251,1.5683440421863957,0.2386193286479245,-0.5769056189866187
2020-08-15,1.1478872634221355,1.1091465711370576,-0.33691245782625123,-0.13069192011359193,-0.2857457151415894,-0.6036078638942207,0.2686079487714215,0.2386193286479245,-0.4880847985748413
2020-08-17,0.8526310873391896,0.8216258285812045,0.3637493026281292,0.5979698358035194,0.17318007456567705,-0.6188263649521302,0.20671575384689803,0.6816698365176094,-0.04398069651580282
2020-08-18,0.5758284222614279,0.6682814325514166,1.8874775889174744,0.6890525552931583,0.2566211272397255,-0.9688518892839617,-0.22652961062476218,1.124720344387294,-1.0210097210456572
2020-08-19,0.2067582021577458,0.5341050860253512,4.707008046649559,1.2355488722309917,1.0493111276431857,-0.9992888913997806,-1.0311281446435547,1.124720344387294,-0.08839110672171677
2020-08-21,1.2401548184480562,1.0516424226258876,-0.33691245782625123,-0.039609200623953005,0.13145954822865283,-0.5427338596626001,0.7637455081676009,0.6816698365176094,1.3327420198672268
2020-08-22,1.2032477964376873,0.9749702246109929,-0.33691245782625123,-0.039609200623953005,-0.7029509785118317,-0.6644818681258413,0.8875298980166457,0.2386193286479245,-0.35485356795709955
2020-08-23,1.295515351463608,1.0324743731221637,-0.33691245782625123,-0.039609200623953005,-0.32746624147861364,-0.8775408829365394,1.0113142878656907,-0.20443117922176018,-0.6213160291925832
2020-08-24,1.2217013074428718,1.1091465711370576,-0.33691245782625123,-0.13069192011359193,-0.36918676781563786,-1.1362554009209314,0.5161767284695112,-0.20443117922176018,-0.7545472598102241
2020-08-25,1.295515351463608,1.2433229176631229,-0.2904830640612019,-0.039609200623953005,-0.20230466246754097,-1.3493144157316121,0.33050014369594066,-0.20443117922176018,-0.6213160291925327
2020-08-26,1.0925267304065838,0.8407938780849282,0.1822525815465728,0.32472167733460267,0.3817827062507982,-1.6232474347739307,0.9494220929411714,-0.20443117922176018,-0.7989576700161886
2020-08-27,0.7788170433184534,0.8216258285812045,-0.20606598448838498,0.5068871163138805,0.5486648115988951,-1.8363064495846115,-0.04085302585119164,-0.20443117922176018,-0.6213160291925327
2020-08-28,1.3693293954843453,0.5532731355290751,0.61700054134658,0.4158043968242416,0.46522375892484663,-1.4862809252527802,2.8061879406768506,0.2386193286479245,1.0218691484258797
2020-08-29,1.1847942854325044,1.0899785216333344,-0.20184513050974415,-0.039609200623953005,-1.1618767682190982,-1.2427849083262803,0.4542845335449899,0.6816698365176094,0.710996276984583
2020-08-30,1.0371661973910307,1.1283146206407815,-0.31158733395440613,0.23363895784496375,-0.41090729415266214,-1.0905998977472202,-0.16463741570023868,1.124720344387294,0.44453381574914974
2020-08-31,1.3877829064895284,1.1666507196482283,-0.3284707498689695,-0.13069192011359193,0.46522375892484663,-0.9688518892839617,0.8875298980166457,1.5677708522569789,0.3557129953373723
2020-09-01,1.2586083294532404,1.1283146206407815,-0.2904830640612019,-0.13069192011359193,-0.5360688731637347,-1.0601628956314013,0.5780689233940347,1.5677708522569789,-0.26603274754532213
2020-09-02,1.3693293954843453,1.1283146206407815,-0.3200290419116878,-0.039609200623953005,-0.6612304521748075,-0.9688518892839617,0.9494220929411714,1.5677708522569789,0.26689217492554435
2020-09-03,1.2586083294532404,1.2241548681593992,-0.3200290419116878,0.05147351886568591,-0.7863920311858802,-0.6492633670679492,0.2686079487714215,1.5677708522569789,0.9330483280140518
2020-09-04,1.0187126863858462,1.2049868186556754,-0.3326916038476104,0.4158043968242416,0.0062979692175801445,-0.5579523607205096,-0.47409839032285184,1.5677708522569789,0.26689217492554435
2020-09-05,0.7050029992977173,0.591609234536522,1.5160424387970797,0.5068871163138805,0.2566211272397255,-0.7710113755311904,0.4542845335449899,1.5677708522569789,-0.6213160291925327
2020-09-06,1.0187126863858462,0.9749702246109929,-0.33691245782625123,0.23363895784496375,-0.2440251888045652,-0.9840703903418712,0.26860794877141936,1.124720344387294,-0.6213160291925327
2020-09-07,1.2032477964376873,0.898298026596099,-0.13853232083013148,0.4158043968242416,0.6738263906099677,-0.7862298765890998,1.1350986777147354,1.124720344387294,0.5777650463668411
2020-09-08,0.40974682321477124,0.6107772840402459,2.5712559334572913,1.2355488722309917,0.8824290222950889,-0.2688008406202987,-0.5978827801718967,1.124720344387294,1.510383660690832
2020-09-09,0.7234565103029009,0.898298026596099,-0.3284707498689695,0.7801352747827972,0.6738263906099677,-0.4057673501414494,-0.47409839032285184,1.124720344387294,-0.39926397816301346
2020-09-10,0.9818056643754789,0.7449536305663105,0.009197568422298085,0.5068871163138805,0.7572674432840162,-0.831885379762811,0.887529898016648,1.124720344387294,-1.2430617720751767
2020-09-11,0.6680959772873485,0.9749702246109929,-0.2229494004029484,0.32472167733460267,0.4235032325878224,-0.6340448660100396,-0.9073437547945099,1.124720344387294,0.5777650463668411
2020-09-12,1.0371661973910307,0.7832897295737575,0.8407058022145446,0.6890525552931583,0.5903853379359193,-0.23836383850447973,0.9494220929411692,1.124720344387294,1.1551003790436216
2020-09-13,1.055619708396215,0.7066175315588635,-0.09632378104372301,0.5068871163138805,0.7572674432840162,-0.1774898342728591,1.2588830675637823,1.5677708522569789,0.17807135451371647
2020-09-14,0.7788170433184534,0.6682814325514166,1.2754537620145519,0.6890525552931583,0.8407084959580646,-0.36011184696772097,0.4542845335449877,1.5677708522569789,-0.5324952087807048
2020-09-15,0.3728398012044032,0.8216258285812045,2.305342132802918,1.3266315917206308,0.8407084959580646,-0.573170861778419,-1.4024813141906893,1.5677708522569789,-0.6213160291925832
2020-09-16,1.129433752416951,0.9941382741147168,-0.151194882766054,0.6890525552931583,0.4235032325878224,-0.6949188702416602,0.5780689233940325,1.5677708522569789,-0.35485356795709955
2020-09-17,0.8526310873391896,0.898298026596099,1.376754257501932,0.8712179942724362,0.8407084959580646,-0.8775408829365394,-0.04085302585119384,1.5677708522569789,-0.5324952087807553
2020-09-18,0.6311889552769804,0.8216258285812045,0.33420332477764325,0.962300713762075,0.7989879696210405,-0.5275153586046906,-0.5359905852473732,1.5677708522569789,1.0218691484259301
2020-09-19,0.6496424662821648,0.7257855810625867,1.807281363323298,1.3266315917206308,0.8407084959580646,-0.10139732898332902,-0.16463741570023646,1.5677708522569789,1.243921199455399
2020-09-20,0.9818056643754789,0.8216258285812045,-0.30736647997576527,0.5068871163138805,-0.07714308345646831,-0.14705283215704015,0.6399611183185583,1.5677708522569789,-0.13280151692758022
2020-09-21,0.5389214002510598,0.6491133830476928,7.1255573764107645,1.2355488722309917,0.8407084959580646,-0.2688008406202987,-0.2884218055492835,1.5677708522569789,-0.35485356795715
2020-09-22,0.8526310873391896,0.8599619275886521,-0.315808187933047,0.4158043968242416,0.29834165357674974,-0.3296748448519193,0.082931363997851,1.5677708522569789,-0.17721192713349418
2020-09-23,0.9448986423651101,1.0133063236184399,-0.33691245782625123,-0.039609200623953005,0.5486648115988951,-0.31445634379400983,-0.10274522077571516,1.124720344387294,0.04484012389602509
2020-09-24,0.8341775763340059,0.9558021751072698,-0.31158733395440613,0.23363895784496375,0.7989879696210405,-0.2992378427361003,-0.2884218055492835,1.124720344387294,0.04484012389602509
2020-09-25,0.8526310873391896,0.8599619275886521,-0.33691245782625123,-0.13069192011359193,0.04801849555460437,-0.436204352257251,0.082931363997851,0.6816698365176094,-0.39926397816301346
2020-09-27,0.4835608672355074,0.7832897295737575,-0.2820413561039202,0.32472167733460267,0.7572674432840162,-0.3448933459098288,-0.9073437547945099,0.6816698365176094,0.2668921749254939
2020-09-28,0.11449064713182526,0.6874494820551398,0.7689512845776503,0.8712179942724362,0.8824290222950889,-0.31445634379400983,-1.8357266786623494,0.6816698365176094,0.08925053410193905
2020-09-29,0.3912933122095869,0.7449536305663105,0.5874545634960939,1.053383433251714,0.34006217991377397,-0.6188263649521302,-1.0930203395680782,0.6816698365176094,-0.887778490427966
2020-09-30,0.7972705543236378,0.6107772840402459,4.056996533938869,0.962300713762075,0.5903853379359193,-0.7862298765890998,0.7018533132430795,0.6816698365176094,-0.4880847985748413
2020-10-01,0.3728398012044032,0.6107772840402459,-0.3326916038476104,-0.039609200623953005,0.5069442852618709,-0.46664135437306997,-0.7216671700209415,1.124720344387294,0.9330483280141022
2020-10-02,0.6680959772873485,0.7832897295737575,-0.33691245782625123,-0.22177463960323085,-0.6612304521748075,-0.2688008406202987,-0.2884218055492835,0.6816698365176094,0.5777650463668411
2020-10-03,0.9448986423651101,0.8791299770923752,-0.33691245782625123,-0.22177463960323085,-1.4539204525782679,-0.1927083353307686,0.3305001436959429,0.6816698365176094,0.2224817647196304
2020-10-04,0.8526310873391896,0.898298026596099,-0.33691245782625123,0.05147351886568591,-1.4121999262412435,-0.4057673501414494,-0.04085302585119384,0.2386193286479245,-0.6213160291925327
2020-10-05,0.7050029992977173,0.5532731355290751,4.141413613511686,0.14255623835532483,0.21490060090270127,-0.20792683638866077,0.5780689233940347,0.2386193286479245,0.5777650463668916
2020-10-06,0.11449064713182526,0.5341050860253512,-0.2229494004029484,0.05147351886568591,0.6321058642729436,0.18775419111688185,-1.3405891192661679,0.2386193286479245,1.155100379043571
2020-10-07,-0.08849797392519954,0.38076068999556345,-0.33691245782625123,-0.6771882370514254,0.715546916946992,0.33993920169594205,-1.5262657040397363,-0.20443117922176018,0.44453381574914974
2020-10-08,0.3728398012044032,0.189080194958328,-0.33691245782625123,-0.9504363955203422,0.13145954822865283,0.40081320592757996,0.6399611183185561,-0.6474816870914448,0.17807135451376696
2020-10-11,0.6680959772873485,0.4957689870179043,-0.33691245782625123,-0.4039400785825087,-0.9115536101969528,-0.3448933459098288,0.6399611183185561,-0.6474816870914448,-2.1756803863992182
2020-10-12,0.760363532313269,0.6682814325514166,-0.31158733395440613,-0.4950227980721476,0.0062979692175801445,-0.5883893628363113,0.3923923386204642,-0.20443117922176018,-0.7101368496043101
2020-10-13,-0.05159095191483145,0.32325654148439265,0.7605095766203687,0.7801352747827972,0.8407084959580646,-0.4514228533151605,-1.2168047294171231,0.2386193286479245,0.4001234055432357
2020-10-14,-0.07004446292001582,0.4190967890030104,-0.2862622100825611,0.23363895784496375,0.8407084959580646,-0.010086322635889457,-1.5881578989642597,0.2386193286479245,1.2883316096613129
2020-10-15,0.4835608672355074,0.5149370365216281,-0.33691245782625123,-0.4039400785825087,0.29834165357674974,0.18775419111688185,-0.04085302585119384,-0.20443117922176018,0.5777650463668411
2020-10-17,0.3912933122095869,0.32325654148439265,-0.3284707498689695,-0.4950227980721476,0.4235032325878224,0.3551577027538515,0.26860794877141936,0.2386193286479245,0.4889442259550637
2020-10-18,0.3174792681888507,0.016567749424815682,-0.30736647997576527,-0.4039400785825087,-0.6195099258377832,0.47690571121711006,1.0113142878656927,0.6816698365176094,0.3557129953373723
2020-10-19,0.2067582021577458,0.0357357989285395,-0.33691245782625123,-0.6771882370514254,0.6321058642729436,0.5073427133329117,0.5780689233940325,0.6816698365176094,0.08925053410188855
2020-10-20,0.40974682321477124,-0.002600300078907455,-0.33691245782625123,-0.8593536760307032,-0.16058413613051675,0.370376203811761,1.3826674574128273,0.2386193286479245,-0.39926397816301346
2020-10-21,0.29902575718366636,-0.07927249809380205,-0.33691245782625123,-1.3147672734788978,0.04801849555460437,-0.1166158300412385,1.2588830675637823,-0.20443117922176018,-1.4207034128988323
2020-10-22,0.28057224617848264,0.13157604644715723,-0.33691245782625123,-1.5880154319478146,0.2566211272397255,-0.4818598554309795,0.5161767284695112,-0.6474816870914448,-1.0654201312515712
2020-10-23,-0.36530063900296117,-0.04093639908635509,-0.33691245782625123,-2.407759907354565,0.715546916946992,-0.1774898342728591,-1.093020339568076,-0.6474816870914448,0.8886379178081882
2020-10-25,0.24366522416811454,0.16991214545460417,-0.33691245782625123,-0.7682709565410644,0.5486648115988951,0.33993920169594205,0.2686079487714215,-1.0905321949611295,1.510383660690832
2020-10-26,0.24366522416811454,0.13157604644715723,-0.33691245782625123,-0.13069192011359193,-1.2453178208931466,0.1420986879431707,0.3923923386204664,-1.5335827028308142,-0.5769056189866187
2020-10-27,0.3359327791940351,0.15074409595088037,-0.33691245782625123,-0.4039400785825087,-0.9532741365339771,0.05078768159573115,0.6399611183185583,-1.5335827028308142,-0.26603274754532213
2020-10-28,-0.014683929904463364,0.09323994743971027,-0.13853232083013148,0.05147351886568591,0.5903853379359193,0.3551577027538515,-0.350314000473807,-1.0905321949611295,0.8886379178081882
2020-10-29,-0.014683929904463364,0.09323994743971027,-0.3326916038476104,-0.31285735909286977,0.8407084959580646,0.7204017281435925,-0.350314000473807,-0.6474816870914448,1.0662795586317937
2020-10-31,-0.143858506940752,-0.021768349582631272,-0.33691245782625123,-0.5861055175617865,-0.5360688731637347,0.7812757323752304,-0.41220619539832837,-0.6474816870914448,0.17807135451376696
2020-11-01,0.1883046911525621,-0.04093639908635509,-0.33691245782625123,-0.4950227980721476,-1.5373615052523162,0.5073427133329117,0.7637455081676031,-0.6474816870914448,-0.7989576700161886
2020-11-02,0.5020143782406918,0.09323994743971027,-0.33691245782625123,-1.223684553989259,-0.7029509785118317,0.40081320592757996,1.3826674574128273,-0.6474816870914448,-0.3104431577511856
2020-11-03,-0.07004446292001582,-0.11760859710124899,-0.3326916038476104,-0.7682709565410644,0.08973902189162859,0.6747462249698813,0.1448235589223745,-0.20443117922176018,0.7998170973963604
2020-11-04,-0.12540499593556761,-0.17511274561241977,-0.3200290419116878,-0.7682709565410644,-0.36918676781563786,0.7508387302594114,0.14482355892237672,0.2386193286479245,0.2224817647196304
2020-11-05,-0.21767255096148816,-0.17511274561241977,-0.33691245782625123,-0.7682709565410644,-1.7459641369374372,0.7812757323752304,-0.16463741570023646,-0.20443117922176018,0.08925053410193905
2020-11-06,0.3359327791940351,-0.15594469610869596,-0.33691245782625123,-0.8593536760307032,-1.662523084263389,0.5225612143908211,1.6302362371109191,-0.6474816870914448,-0.7545472598102746
2020-11-07,0.6311889552769804,0.2849204424769457,-0.33691245782625123,-1.9523463099063703,-1.4539204525782679,0.4464687091012911,1.1969908726392589,-0.6474816870914448,-0.22162233733940814
2020-11-08,0.13294415813700963,0.3424245909881158,-0.33691245782625123,-1.6790981514374534,0.5486648115988951,0.7051832270857004,-0.659774975096418,-0.6474816870914448,0.7554066871904969
2020-11-10,-0.4206611720185136,-0.09844054759752519,-0.33691245782625123,-1.4969327124581757,0.7989879696210405,1.0247717493017128,-1.0930203395680782,-0.6474816870914448,0.9330483280140518
2020-11-11,-0.2730330839770406,-0.17511274561241977,-0.33691245782625123,-0.8593536760307032,-0.9949946628710012,1.2530492651703031,-0.35031400047380484,-1.0905321949611295,0.666585866778669
2020-11-12,-0.16231201794593636,-0.424297389160826,-0.33691245782625123,-1.0415191150099812,-2.1214488739706554,0.9638977450700922,0.8256377030921244,-1.5335827028308142,-0.843368080222052
2020-11-13,-0.19921903995630444,-0.2134488446198667,-0.3200290419116878,-1.4058499929685369,0.13145954822865283,0.6443092228540624,0.02103916907332968,-1.0905321949611295,-0.9321889006338799
2020-11-14,-0.32839361699259306,0.07407189793598645,-0.33691245782625123,-1.13260183449962,0.8407084959580646,0.7508387302594114,-1.3405891192661679,-1.0905321949611295,0.3113025851314583
2020-11-16,0.1698511801473777,-0.04093639908635509,-0.33691245782625123,-0.22177463960323085,-1.4121999262412435,0.8117127344910321,0.7018533132430795,-1.0905321949611295,0.17807135451371647
2020-11-18,0.3174792681888507,0.2465843434694981,-0.29470391803984275,0.32472167733460267,0.715546916946992,0.08122468371155012,0.2686079487714215,-0.6474816870914448,-2.131269976193254
2020-11-20,0.5020143782406918,0.3999287394992866,-0.33691245782625123,0.5979698358035194,-0.07714308345646831,0.005132178422020021,0.3923923386204664,-0.6474816870914448,-0.22162233733940814
2020-11-21,-0.291486594982225,0.11240799694343341,-0.2524953782534343,0.962300713762075,0.8824290222950889,0.33993920169594205,-1.3405891192661679,-0.20443117922176018,0.9774587382199657
2020-11-22,0.26211873517329826,0.09323994743971027,-0.2904830640612019,0.5068871163138805,-0.8281125575229044,0.7051832270857004,0.5780689233940325,0.2386193286479245,1.066279558631844
2020-11-24,-0.16231201794593636,0.016567749424815682,-0.33691245782625123,0.14255623835532483,0.4235032325878224,1.0399902503596223,-0.5978827801718967,-0.20443117922176018,0.9774587382199657
2020-11-25,-0.03313744090964708,-0.07927249809380205,-0.33691245782625123,-0.039609200623953005,-0.4943483468267106,0.9638977450700922,0.14482355892237672,-0.20443117922176018,-0.22162233733940814
2020-11-26,0.22521171316293018,-0.04093639908635509,-0.33691245782625123,-0.039609200623953005,-1.5790820315893404,1.0247717493017128,0.887529898016648,-0.20443117922176018,0.17807135451371647
2020-11-27,-0.18076552895112008,-0.2517849436273137,-0.33691245782625123,-0.6771882370514254,-1.7459641369374372,1.2226122630545015,0.20671575384689803,-0.6474816870914448,0.5777650463668916
2020-11-28,-0.7528243701118277,-0.7118181317166792,-0.33691245782625123,-0.8593536760307032,0.5486648115988951,1.4508897789230917,-0.22652961062475999,-0.6474816870914448,0.666585866778669
2020-11-29,-0.6974638370962752,-0.7884903297315731,-0.33691245782625123,-1.223684553989259,0.46522375892484663,1.4052342757493632,0.20671575384689803,-1.0905321949611295,-0.1328015169276307
2020-11-30,-0.8266384141325639,-1.09517912179115,-0.3326916038476104,-1.13260183449962,-0.16058413613051675,1.5117637831547124,0.7637455081676031,-1.0905321949611295,0.3113025851314583
2020-12-01,-0.8081849031273801,-0.9801708247688086,-0.33691245782625123,-1.0415191150099812,-0.577789399500759,1.4813267810388935,0.4542845335449877,-1.0905321949611295,-0.08839110672171677
2020-12-02,-0.7528243701118277,-0.9034986267539146,-0.33691245782625123,-1.13260183449962,-1.662523084263389,1.207393761996592,0.3923923386204664,-1.0905321949611295,-0.798957670016138
2020-12-03,-1.1403481012206935,-1.2868596168283852,-0.33691245782625123,-1.223684553989259,-2.371772031992801,1.283486267286122,0.330500143695944,-1.0905321949611295,0.2224817647196304
2020-12-04,-1.5278718323295601,-1.593548408887962,-0.33691245782625123,-1.3147672734788978,-2.246610452981728,1.3443602715177427,0.02103916907332968,-1.0905321949611295,0.17807135451371647
2020-12-05,-1.2879761892621666,-1.5743803593842383,-0.33691245782625123,-1.3147672734788978,-1.3704793999042193,1.359578772575652,0.763745508167602,-1.0905321949611295,0.04484012389602509
2020-12-06,-0.9558129911688524,-1.2868596168283852,-0.33691245782625123,-0.7682709565410644,-1.7459641369374372,1.1921752609386824,0.9494220929411703,-1.0905321949611295,-0.4880847985748413
2020-12-07,-0.6605568150859071,-0.7693222802278492,-0.33691245782625123,-1.3147672734788978,0.29834165357674974,1.1921752609386824,0.26860794877141936,-1.5335827028308142,0.00042971369011113775
2020-12-08,-0.9004524581533007,-0.82682642873902,-0.33691245782625123,-1.223684553989259,0.6321058642729436,1.0856457535333508,-0.350314000473807,-1.5335827028308142,-0.3104431577511856
2020-12-10,-0.6051962820703547,-0.6543139832055084,-0.3242498958903287,0.05147351886568591,0.8407084959580646,0.6443092228540624,0.0829313639978532,-1.0905321949611295,-1.287472182281141
2020-12-13,-0.7897313921221958,-0.36679324064965524,-0.33691245782625123,0.05147351886568591,0.7572674432840162,0.32472070063804986,-1.4643735091152128,-1.0905321949611295,-0.9321889006338294
2020-12-16,-1.8969420524332423,-1.6893886564065796,-0.33691245782625123,-0.5861055175617865,0.8407084959580646,1.6639487937337725,-0.9073437547945099,-1.0905321949611295,3.90854581180963
2020-12-17,-1.8969420524332423,-1.6318845078954092,-0.33691245782625123,-0.5861055175617865,0.8407084959580646,1.4508897789230917,-1.093020339568077,-1.0905321949611295,-0.6213160291925327
2020-12-18,-1.380243744288087,-1.4210359633544503,-0.33691245782625123,-0.8593536760307032,0.5486648115988951,1.3747972736335616,-0.04085302585119164,-1.0905321949611295,-0.22162233733940814
2020-12-19,-1.6570464093658488,-1.842733052436368,-0.33691245782625123,-1.3147672734788978,0.08973902189162859,1.6487302926758631,0.3923923386204664,-1.0905321949611295,0.7998170973963604
2020-12-20,-1.5278718323295601,-1.9577413494587093,-0.33691245782625123,-1.6790981514374534,0.5069442852618709,1.7552598000811948,1.19699087263926,-1.0905321949611295,0.3113025851314078
2020-12-21,-1.3248832112725346,-1.7468928049177503,-0.33691245782625123,-1.7701808709270925,0.46522375892484663,1.4508897789230917,1.196990872639261,-1.5335827028308142,-0.8877784904279155
2020-12-22,-1.3248832112725346,-1.4210359633544503,-0.33691245782625123,-1.0415191150099812,0.6738263906099677,1.0704272524754412,0.14482355892237672,-1.5335827028308142,-1.1098305414574852
2020-12-23,-1.3064297002673508,-0.9993388742725323,-0.2862622100825611,0.5068871163138805,0.8407084959580646,0.6595277239119719,-1.1549125344925995,-1.0905321949611295,-1.198651361869313
2020-12-24,-0.7897313921221958,-0.7309861812204023,-0.33691245782625123,-0.13069192011359193,-0.03542255711944408,0.5682167175645323,-0.2884218055492835,-1.0905321949611295,-0.26603274754532213
2020-12-25,-1.0849875682051418,-0.9034986267539146,-0.33691245782625123,-0.039609200623953005,0.6738263906099677,0.9334607429542906,-0.7216671700209415,-1.0905321949611295,1.066279558631844
2020-12-26,-1.048080546194773,-0.9801708247688086,-0.33691245782625123,0.14255623835532483,-1.0784357155450497,0.842149736606851,-0.35031400047380484,-1.0905321949611295,-0.26603274754532213
2020-12-27,-0.4206611720185136,-0.865162527746467,-0.33691245782625123,-0.5861055175617865,-1.8294051896114858,0.4921242122750022,1.3826674574128273,-1.0905321949611295,-1.0210097210457079
2020-12-28,-0.5682892600599866,-0.6543139832055084,-0.33691245782625123,-0.7682709565410644,-0.9115536101969528,0.33993920169594205,0.20671575384689803,-1.0905321949611295,-0.4436743883689274
2020-12-29,-0.4206611720185136,-0.6543139832055084,-0.33691245782625123,-0.22177463960323085,-1.5790820315893404,0.33993920169594205,0.7018533132430795,-1.0905321949611295,0.00042971369011113775
2020-12-30,-0.9558129911688524,-2.2069259930071157,-0.33691245782625123,-2.498842626844204,-1.9545667686225585,1.5574192863284235,3.9202474493182575,-1.5335827028308142,3.5532625301624194
2020-12-31,-2.321372805552477,-2.686127230600204,-0.33691245782625123,-3.68291798020951,-2.2048899266447037,2.196596330760483,0.8875298980166468,-1.5335827028308142,1.8656669423380932
2021-01-01,-2.173744717511004,-2.5902869830815862,-0.33691245782625123,-3.409669821740593,-2.246610452981728,1.9683188148918929,1.0732064827902152,-1.5335827028308142,-0.6657264393984467
2021-01-02,-1.6570464093658488,-2.2452620920145625,-0.33691245782625123,-2.3166771878649257,-2.3300515056557765,1.5726377873863329,1.6921284320354415,-1.5335827028308142,-1.1542409516633991
2021-01-03,-1.1403481012206935,-1.670220606902856,-0.33691245782625123,-1.13260183449962,-0.577789399500759,1.4204527768072728,1.5683440421863968,-1.5335827028308142,-0.4436743883689274
2021-01-04,-1.1218945902155097,-0.9993388742725323,-0.33691245782625123,-1.0415191150099812,0.7989879696210405,1.283486267286122,-0.5359905852473732,-1.5335827028308142,-0.39926397816301346
2021-01-05,-0.9004524581533007,-0.9226666762576378,-0.33691245782625123,-1.13260183449962,-0.32746624147861364,1.1465197577649713,-0.04085302585119384,-1.5335827028308142,-0.39926397816301346
2021-01-06,-1.3248832112725346,-1.171851319806044,-0.33691245782625123,-0.4950227980721476,0.0062979692175801445,1.131301256707062,-0.659774975096418,-1.5335827028308142,-0.04398069651580282
2021-01-07,-1.5647788543399281,-2.2069259930071157,-0.33691245782625123,-0.9504363955203422,0.8407084959580646,1.2530492651703031,1.87780501680901,-1.5335827028308142,0.35571299533732176
2021-01-08,-2.967245690733921,-2.7627994286150983,-0.33691245782625123,-2.3166771878649257,0.8407084959580646,1.8922263096023628,-1.0311281446435552,-1.5335827028308142,1.8656669423380932
2021-01-09,-2.524361426609502,-2.7052952801039276,-0.33691245782625123,-3.5918352607198707,0.6738263906099677,1.8161338043128328,0.26860794877142047,-1.5335827028308142,-0.22162233733940814
2021-01-10,-2.1368376955006356,-2.130253794992221,-0.33691245782625123,-3.409669821740593,0.8407084959580646,1.6639487937337725,-0.2884218055492835,-1.5335827028308142,-0.4436743883689274
2021-01-11,-2.6535360036457907,-2.4752786860592453,-0.33691245782625123,-3.045338943782037,0.8407084959580646,2.013974318065604,-0.9073437547945088,-1.5335827028308142,1.0218691484258797
2021-01-12,-2.044570140474715,-2.5902869830815862,-0.33691245782625123,-4.047248858168065,-2.4969336110038736,1.679167294791682,1.506451847261873,-1.5335827028308142,-0.9765993108397434
2021-01-13,-1.6570464093658488,-2.2452620920145625,-0.33691245782625123,-2.6810080658234816,-2.371772031992801,1.1008642545912428,1.6921284320354415,-1.5335827028308142,-1.6871658741342657
2021-01-14,-1.343336722277719,-1.9769093989624327,-0.33691245782625123,-2.0434290293960093,-2.079728347633631,0.7964942334331225,1.8778050168090088,-1.5335827028308142,-0.887778490427966
2021-01-15,-1.0849875682051418,-1.4402040128581737,-0.33691245782625123,-1.6790981514374534,-1.7459641369374372,0.5377797154487306,1.0113142878656916,-1.5335827028308142,-0.7545472598102241
2021-01-16,-1.195708634236246,-1.210187418813491,-0.33691245782625123,-0.8593536760307032,0.04801849555460437,0.7356202292015019,-0.10274522077571516,-1.5335827028308142,0.5777650463668411
2021-01-17,-1.3248832112725346,-1.5360442603767914,-0.33691245782625123,-1.7701808709270925,-1.2035972945561224,1.6639487937337725,0.5161767284695123,-1.5335827028308142,2.7094647362502564
2021-01-18,-1.7493139643917692,-1.9960774484661565,-0.33691245782625123,-2.225594468375287,-2.6220951900149463,1.6335117916179536,0.5780689233940347,-1.5335827028308142,-0.08839110672171677
2021-01-19,-1.7308604533865855,-1.8235650029326445,-0.33691245782625123,-1.223684553989259,-0.7446715048488559,1.176956759880773,0.0829313639978521,-1.5335827028308142,-1.3318825924870046
2021-01-20,-0.9927200131792212,-1.1526832703023202,-0.33691245782625123,-0.7682709565410644,0.715546916946992,0.842149736606851,0.3923923386204642,-1.5335827028308142,-0.9765993108397434
2021-01-21,-0.7343708591066433,-0.865162527746467,-0.33691245782625123,-0.4039400785825087,0.04801849555460437,0.46168721015920056,0.3305001436959429,-1.5335827028308142,-1.1098305414574852
2021-01-22,-0.4206611720185136,-0.7501542307241261,-0.33691245782625123,0.23363895784496375,-0.2857457151415894,0.12688018688526123,1.0113142878656927,-1.5335827028308142,-0.9765993108397938
2021-01-23,-0.439114683023698,-0.8459944782427439,-0.33691245782625123,0.05147351886568591,-1.8294051896114858,0.2181911932327008,1.2588830675637823,-1.5335827028308142,0.26689217492554435
2021-01-25,-0.7159173481014596,-0.9993388742725323,-0.33691245782625123,-0.31285735909286977,-1.662523084263389,0.766057231317321,0.8256377030921244,-1.5335827028308142,1.59920448110266
2021-01-26,-0.6051962820703547,-0.9034986267539146,-0.33691245782625123,0.05147351886568591,-2.455213084666849,0.6595277239119719,0.887529898016648,-1.5335827028308142,-0.31044315775123604
2021-01-27,-0.9004524581533007,-0.865162527746467,-0.33691245782625123,-0.039609200623953005,-0.9115536101969528,0.7964942334331225,-0.22652961062476218,-1.5335827028308142,0.4001234055432357
2021-01-28,-0.7343708591066433,-1.0760110722874263,-0.33691245782625123,-0.6771882370514254,-1.704243610600413,1.2378307641124109,1.0113142878656927,-1.5335827028308142,1.2883316096613633
2021-01-29,-1.3064297002673508,-1.4977081613693441,-0.33691245782625123,-1.5880154319478146,-2.371772031992801,1.5269822842126217,0.4542845335449877,-1.5335827028308142,0.8442275076022743
2021-01-30,-1.343336722277719,-1.4018679138507264,-0.33691245782625123,-0.8593536760307032,-1.704243610600413,1.5117637831547124,0.02103916907332968,-1.5335827028308142,-0.04398069651580282
2021-01-31,-0.9558129911688524,-1.171851319806044,-0.33691245782625123,-0.9504363955203422,-1.5373615052523162,1.3747972736335616,0.5780689233940347,-1.5335827028308142,-0.39926397816301346
2021-02-01,-0.3099401059874087,-0.9418347257613615,-0.33691245782625123,-0.13069192011359193,-2.038007821296607,1.0399902503596223,2.0015894066580557,-1.5335827028308142,-0.9765993108397938
2021-02-02,0.151397669142194,-0.8459944782427439,-0.33691245782625123,-0.13069192011359193,-1.9545667686225585,1.0856457535333508,3.2394333051485087,-1.5335827028308142,0.133660944307853
2021-02-03,-0.9373594801636688,-1.0376749732799793,-0.33691245782625123,-0.7682709565410644,-1.7876846632744616,1.4356712778651823,0.20671575384689803,-1.5335827028308142,1.0218691484258797
2021-02-04,-0.5498357490548023,-1.0185069237762554,-0.33691245782625123,-0.8593536760307032,-2.371772031992801,1.3900157746914712,1.4445596523373507,-1.5335827028308142,-0.13280151692758022
2021-02-05,-0.5313822380496185,-0.9226666762576378,-0.33691245782625123,-0.4950227980721476,-1.5790820315893404,1.1008642545912428,1.1969908726392589,-1.5335827028308142,-0.8433680802221025
2021-02-06,-0.19921903995630444,-0.8843305772501908,-0.33691245782625123,-0.4039400785825087,-2.7055362426889946,0.7356202292015019,2.187265991431622,-1.5335827028308142,-1.0654201312515712
2021-02-07,-0.49447521603924977,-0.7693222802278492,-0.33691245782625123,-0.31285735909286977,-2.288330979318752,0.766057231317321,0.8256377030921244,-1.5335827028308142,0.08925053410193905
2021-02-08,-0.7528243701118277,-0.7501542307241261,-0.33691245782625123,0.14255623835532483,0.29834165357674974,0.9638977450700922,-0.10274522077571516,-1.5335827028308142,0.5777650463668411
2021-02-10,-1.7308604533865855,-1.210187418813491,1.0222025232961012,1.053383433251714,0.9241495486321131,0.1420986879431707,-1.8976188735868729,-1.0905321949611295,-2.397732437428687
2021-02-11,-1.2695226782569828,-1.3060276663321086,-0.33691245782625123,0.05147351886568591,0.4235032325878224,0.32472070063804986,-0.04085302585119384,-1.0905321949611295,0.5333546361609777
2021-02-12,-0.8266384141325639,-1.2676915673246616,-0.33691245782625123,-0.7682709565410644,-1.662523084263389,0.5682167175645323,1.320775262488306,-1.0905321949611295,0.7109962769845325
2021-02-13,-0.5498357490548023,-1.0760110722874263,-0.33691245782625123,-0.13069192011359193,-0.2440251888045652,0.7204017281435925,1.6302362371109191,-1.0905321949611295,0.44453381574914974
2021-02-14,-0.7343708591066433,-0.9034986267539146,-0.33691245782625123,-0.22177463960323085,-1.662523084263389,0.5377797154487306,0.4542845335449899,-1.0905321949611295,-0.5324952087807048
2021-02-15,-0.10695148493038391,-0.82682642873902,-0.33691245782625123,-0.6771882370514254,-2.4969336110038736,0.370376203811761,2.311050381280667,-1.0905321949611295,-0.4880847985748413
2021-02-16,-0.47602170503406604,-0.7501542307241261,-0.33691245782625123,-0.5861055175617865,-1.9962872949595827,0.5377797154487306,0.8256377030921244,-1.0905321949611295,0.4889442259550637
2021-02-17,-0.4022076610133292,-0.7309861812204023,-0.33691245782625123,-0.6771882370514254,-1.87112571594851,1.0704272524754412,1.0113142878656927,-1.5335827028308142,1.554794070896746
2021-02-18,-0.7159173481014596,-1.0376749732799793,-0.33691245782625123,-1.13260183449962,-2.079728347633631,1.8161338043128328,0.9494220929411692,-1.5335827028308142,2.1765398137793897
2021-02-19,-0.7159173481014596,-1.210187418813491,-0.33691245782625123,-1.0415191150099812,-2.5386541373408975,1.6487302926758631,1.5064518472618722,-1.5335827028308142,-0.4880847985748413
2021-02-20,-0.5313822380496185,-1.0376749732799793,-0.33691245782625123,-0.4039400785825087,-1.1618767682190982,1.1160827556491524,1.5683440421863957,-1.5335827028308142,-1.5539346435165238
2021-02-21,-0.34684712799777745,-0.9226666762576378,-0.33691245782625123,-0.31285735909286977,-1.9962872949595827,0.7508387302594114,1.8159128218844853,-1.5335827028308142,-1.0654201312515712
2021-02-22,-0.143858506940752,-0.7118181317166792,-0.33691245782625123,0.05147351886568591,-2.4969336110038736,0.4921242122750022,1.8159128218844875,-1.5335827028308142,-0.7545472598102746
2021-02-23,-0.07004446292001582,-0.6351459337017846,-0.33691245782625123,-0.31285735909286977,-2.455213084666849,0.370376203811761,1.8159128218844853,-1.5335827028308142,-0.35485356795709955
2021-02-25,-0.7528243701118277,-0.6351459337017846,-0.260937086210716,0.6890525552931583,0.2566211272397255,-0.20792683638866077,-0.47409839032285184,-1.0905321949611295,-1.687165874134215
2021-02-26,-0.3099401059874087,-0.32845714164220824,0.28355307703395305,0.7801352747827972,0.6738263906099677,-0.4209858511993589,0.02103916907333188,-0.6474816870914448,-0.6213160291925832
2021-02-27,-1.1034410792103255,-0.7693222802278492,0.2286819753116221,1.053383433251714,0.8407084959580646,0.2181911932327008,-1.2168047294171231,-0.20443117922176018,1.8656669423380932
2021-03-03,-1.4171507662984553,-0.82682642873902,-0.3242498958903287,0.32472167733460267,0.8407084959580646,1.1465197577649713,-2.083295458360439,0.2386193286479245,2.7094647362502564
2021-03-04,-1.3617902332829035,-0.7309861812204023,-0.29470391803984275,0.8712179942724362,1.0493111276431857,0.8269312355489415,-2.207079848209486,0.6816698365176094,-0.9321889006338799
2021-03-06,-0.9373594801636688,-0.48180153767199607,-0.2735996481466385,1.4177143112102697,1.0493111276431857,0.5682167175645323,-1.5881578989642597,1.124720344387294,-0.7545472598102746
2021-03-07,-1.158801612225878,-0.5776417851906138,-0.3284707498689695,1.1444661527413529,0.8407084959580646,0.9486792440121827,-2.021403263435918,1.5677708522569789,1.1106899688377077
2021-03-08,-0.7712778811170115,-0.7309861812204023,-0.3242498958903287,0.5068871163138805,0.6321058642729436,1.1465197577649713,-0.22652961062475999,1.5677708522569789,0.5777650463668916
2021-03-09,-0.7159173481014596,-0.6734820327092316,-0.33691245782625123,0.14255623835532483,-0.5360688731637347,1.1160827556491524,-0.22652961062476218,1.124720344387294,-0.08839110672171677
2021-03-11,-0.47602170503406604,-0.6351459337017846,-0.33691245782625123,0.14255623835532483,-0.16058413613051675,1.1008642545912428,0.4542845335449877,0.6816698365176094,-0.04398069651580282
2021-03-12,0.1698511801473777,-0.36679324064965524,-0.33691245782625123,-0.039609200623953005,-1.495640978915292,0.8878052397805621,1.7540206269599639,0.2386193286479245,-0.6213160291925327
2021-03-14,-0.5867427710651704,-0.3859612901533784,-0.33691245782625123,0.23363895784496375,0.34006217991377397,0.6138722207382608,-0.7216671700209415,-0.20443117922176018,-0.798957670016138
2021-03-15,-0.08849797392519954,-0.424297389160826,-0.33691245782625123,-0.13069192011359193,-0.9115536101969528,0.33993920169594205,1.0732064827902164,-0.6474816870914448,-0.7989576700161886
2021-03-16,0.3728398012044032,-0.1942807951161429,-0.33691245782625123,0.05147351886568591,-1.9128462422855343,0.11166168582735177,1.8778050168090088,-1.0905321949611295,-0.6657264393984467
2021-03-18,-0.10695148493038391,0.016567749424815682,-0.3284707498689695,0.8712179942724362,0.5486648115988951,0.0964431847694596,-0.41220619539832837,-1.0905321949611295,-0.04398069651575233
2021-03-20,0.5389214002510598,0.0357357989285395,-0.33691245782625123,0.32472167733460267,-1.495640978915292,-0.2840193416781909,1.6921284320354404,-1.0905321949611295,-1.1098305414574852
2021-03-21,-0.47602170503406604,-0.9418347257613615,-0.33691245782625123,-0.4039400785825087,0.5069442852618709,0.4921242122750022,1.4445596523373507,-1.0905321949611295,2.2653606341911674
2021-03-23,-1.2510691672517984,-0.8076583792352969,-0.33691245782625123,-1.4969327124581757,0.8407084959580646,1.2226122630545015,-1.5881578989642575,-1.0905321949611295,2.1321294035735265
2021-03-24,-0.6051962820703547,-0.7118181317166792,-0.33691245782625123,-0.8593536760307032,0.7572674432840162,0.5986537196803513,0.2686079487714215,-1.0905321949611295,-1.8203971047519572
2021-03-25,-0.291486594982225,-0.2709529931310375,-0.33691245782625123,-0.6771882370514254,-0.9532741365339771,0.5986537196803513,-0.10274522077571516,-1.0905321949611295,0.00042971369011113775
2021-03-26,-0.291486594982225,-0.5009695871757199,-0.33691245782625123,-0.22177463960323085,-0.11886360979349253,0.4312502080433816,0.6399611183185561,-1.0905321949611295,-0.4880847985748413
2021-03-27,0.3359327791940351,-0.06010444859007823,-0.33691245782625123,0.23363895784496375,-0.2440251888045652,-0.08617882792541955,1.320775262488306,-1.5335827028308142,-1.5095242333106098
2021-03-28,0.24366522416811454,0.09323994743971027,-0.33691245782625123,0.23363895784496375,-0.9115536101969528,-0.4514228533151605,0.5161767284695112,-1.5335827028308142,-1.0654201312515712
2021-03-29,0.3174792681888507,0.2849204424769457,-0.33691245782625123,0.4158043968242416,0.5486648115988951,-0.8014483776470093,0.1448235589223745,-1.5335827028308142,-1.0210097210457079
2021-03-30,0.40974682321477124,0.6107772840402459,-0.33691245782625123,0.05147351886568591,0.5486648115988951,-0.9688518892839617,-0.5978827801718967,-1.5335827028308142,-0.48808479857479087
2021-03-31,0.40974682321477124,0.6107772840402459,-0.33691245782625123,0.14255623835532483,0.7572674432840162,-0.907977885052341,-0.5978827801718967,-1.5335827028308142,0.17807135451371647
2021-04-02,0.6865494882925329,0.5532731355290751,-0.33691245782625123,0.14255623835532483,-0.5360688731637347,-0.4057673501414494,0.5161767284695112,-1.5335827028308142,1.4659732504849181
2021-04-03,0.7050029992977173,0.43826483850673353,-0.33691245782625123,-0.31285735909286977,-0.8698330838599286,-0.1927083353307686,0.9494220929411714,-1.5335827028308142,0.6221754565727551
2021-04-04,0.0037695811007210068,0.09323994743971027,-0.30314562599712447,0.7801352747827972,0.8407084959580646,0.17253569005898967,-0.2884218055492835,-1.0905321949611295,1.066279558631844
2021-04-05,-0.6605568150859071,-0.09844054759752519,-0.30736647997576527,0.5979698358035194,0.8407084959580646,0.7508387302594114,-1.8976188735868729,-0.6474816870914448,1.6880253015144375
2021-04-06,0.2067582021577458,-0.002600300078907455,-0.33691245782625123,-0.039609200623953005,0.4235032325878224,0.7204017281435925,0.7018533132430774,-0.6474816870914448,-0.08839110672171677
2021-04-07,-0.143858506940752,-0.06010444859007823,-0.33691245782625123,-0.13069192011359193,0.5486648115988951,0.5225612143908211,-0.2884218055492835,-0.6474816870914448,-0.5769056189866187
2021-04-08,-0.23612606196667252,0.016567749424815682,-0.33691245782625123,-0.31285735909286977,0.7989879696210405,0.24862819534851976,-0.8454515598699863,-0.6474816870914448,-0.798957670016138
2021-04-09,-0.8081849031273801,-0.46263348816827293,-0.020348409428187803,0.4158043968242416,0.8407084959580646,0.6443092228540624,-1.2168047294171231,-0.20443117922176018,1.155100379043571
2021-04-10,-0.16231201794593636,-0.36679324064965524,-0.33691245782625123,-1.13260183449962,-0.6612304521748075,0.9486792440121827,0.6399611183185561,-0.20443117922176018,0.8886379178081882
2021-04-11,0.040676603111089095,-0.23261689412359055,-0.33691245782625123,-0.4039400785825087,-0.5360688731637347,0.9334607429542906,0.887529898016648,-0.6474816870914448,-0.04398069651575233
2021-04-12,0.3543862901992188,0.016567749424815682,-0.33691245782625123,0.23363895784496375,-0.5360688731637347,0.5377797154487306,1.1350986777147376,-1.0905321949611295,-1.1542409516633991
2021-04-13,0.8157240653288215,0.16991214545460417,-0.33691245782625123,-0.039609200623953005,-1.704243610600413,0.1573171890010802,2.187265991431622,-1.0905321949611295,-1.1098305414574852
2021-04-15,-0.623649793075539,-0.11760859710124899,0.013418422400938991,1.2355488722309917,1.1327521803172342,0.06600618265364064,-1.7119422888133047,-0.6474816870914448,-0.26603274754532213
2021-04-16,-0.3099401059874087,-0.11760859710124899,-0.2735996481466385,0.962300713762075,0.8824290222950889,0.17253569005898967,-0.659774975096418,-0.20443117922176018,0.3113025851314583
2021-04-17,-0.6790103260910909,0.0357357989285395,-0.23139110836023008,0.962300713762075,0.8407084959580646,0.4921242122750022,-2.3927564329830524,-0.20443117922176018,0.9330483280140518
2021-04-19,-0.34684712799777745,-0.17511274561241977,-0.33691245782625123,-0.9504363955203422,0.8407084959580646,0.0964431847694596,-0.5978827801718967,-0.20443117922176018,-1.1542409516633487
2021-04-20,0.05913011411627346,-0.13677664660497282,-0.33691245782625123,-0.4039400785825087,0.6321058642729436,0.06600618265364064,0.6399611183185583,-0.20443117922176018,-0.08839110672171677
2021-04-21,0.3543862901992188,-0.002600300078907455,-0.33691245782625123,-0.31285735909286977,-1.4539204525782679,-0.010086322635889457,1.1969908726392589,-0.20443117922176018,-0.22162233733940814
2021-04-22,0.4835608672355074,0.07407189793598645,-0.33691245782625123,-0.31285735909286977,-1.87112571594851,-0.39054884908353993,1.3826674574128273,-0.20443117922176018,-1.1098305414574852
2021-04-23,1.0740732194013993,0.3424245909881158,-0.33691245782625123,-0.22177463960323085,-1.9128462422855343,-0.7101373712995698,2.4967269660542373,-0.6474816870914448,-0.9321889006338799
2021-04-25,-0.05159095191483145,0.054903848432262634,-0.2989247720184836,0.6890525552931583,0.6738263906099677,-0.05574182580960059,-0.35031400047380484,-0.6474816870914448,1.9100773525440071
2021-04-26,-0.2730330839770406,-0.06010444859007823,-0.3242498958903287,0.23363895784496375,0.8407084959580646,0.17253569005898967,-0.7216671700209415,-0.6474816870914448,0.666585866778669
2021-04-27,-0.5682892600599866,0.11240799694343341,-0.09632378104372301,1.1444661527413529,0.8407084959580646,0.2942836985222309,-2.2689720431340072,-0.20443117922176018,0.35571299533732176
2021-04-28,0.022223092105904722,0.16991214545460417,-0.1596365907233357,0.962300713762075,0.8407084959580646,0.30950219958014036,-0.47409839032285184,0.2386193286479245,0.04484012389602509
2021-04-29,0.26211873517329826,-0.07927249809380205,-0.3326916038476104,-0.31285735909286977,0.6738263906099677,0.11166168582735177,1.1350986777147376,0.6816698365176094,-0.5769056189866693
2021-04-30,0.7419100213080854,0.07407189793598645,-0.33691245782625123,-0.039609200623953005,0.21490060090270127,-0.010086322635889457,2.2491581863561456,0.6816698365176094,-0.35485356795709955
2021-05-01,0.5942819332666124,0.32325654148439265,-0.33691245782625123,-0.13069192011359193,0.6321058642729436,-0.05574182580960059,0.9494220929411692,0.6816698365176094,-0.13280151692758022
2021-05-02,0.7419100213080854,0.45743288801045734,-0.2862622100825611,0.4158043968242416,0.5903853379359193,0.06600618265364064,1.0113142878656927,0.6816698365176094,0.35571299533732176
2021-05-03,-0.2545795729718569,0.2657523929732219,0.03452269229414322,1.053383433251714,1.1327521803172342,-0.010086322635889457,-1.7119422888133047,0.6816698365176094,-0.22162233733940814
2021-05-04,0.8341775763340059,0.189080194958328,0.19069428950385447,0.5979698358035194,0.5903853379359193,-0.22314533744657025,2.187265991431622,0.6816698365176094,-0.6213160291925327
2021-05-05,0.907991620354742,0.22741629396577495,-0.315808187933047,0.14255623835532483,0.2566211272397255,0.05078768159573115,2.311050381280667,0.6816698365176094,0.7998170973963604
2021-05-07,0.6865494882925329,0.36159264049183965,-0.33691245782625123,-0.039609200623953005,0.5486648115988951,0.0964431847694596,1.1350986777147376,0.2386193286479245,0.133660944307853
2021-05-08,0.760363532313269,0.629945333543969,-0.33691245782625123,0.14255623835532483,-0.6612304521748075,-0.4209858511993589,0.5161767284695112,0.2386193286479245,-1.5095242333106602
2021-05-09,0.907991620354742,0.898298026596099,-0.33691245782625123,0.14255623835532483,-0.16058413613051675,-0.5427338596626001,0.1448235589223745,0.2386193286479245,-0.35485356795709955
2021-05-10,0.9264451313599265,0.8216258285812045,-0.33691245782625123,-0.13069192011359193,-0.07714308345646831,-0.573170861778419,0.4542845335449899,-0.20443117922176018,-0.08839110672171677
2021-05-13,0.9633521533702945,1.1283146206407815,-0.17229915265925827,0.14255623835532483,0.715546916946992,-0.6188263649521302,-0.41220619539832837,-0.20443117922176018,-0.13280151692758022
2021-05-14,1.3324223734739766,1.1474826701445053,-0.33691245782625123,-0.039609200623953005,0.08973902189162859,-0.5427338596626001,0.7637455081676009,-0.6474816870914448,0.2224817647196304
2021-05-15,1.295515351463608,1.1091465711370576,-0.33691245782625123,-0.31285735909286977,-0.9949946628710012,-0.5427338596626001,0.7637455081676009,-1.0905321949611295,0.00042971369011113775
2021-05-17,1.2032477964376873,1.28165901667057,-0.33691245782625123,-0.22177463960323085,0.2566211272397255,-0.4209858511993589,-0.10274522077571735,-1.0905321949611295,0.35571299533732176
2021-05-18,1.055619708396215,1.1858187691519522,-0.2820413561039202,-0.13069192011359193,0.4235032325878224,-0.5122968575467811,-0.2884218055492835,-0.6474816870914448,-0.2660327475452716
2021-05-19,1.2401548184480562,1.28165901667057,-0.33691245782625123,-0.22177463960323085,0.34006217991377397,-0.7101373712995698,0.02103916907332968,-0.6474816870914448,-0.5769056189866693
2021-05-20,1.2032477964376873,1.3583312146854638,-0.33691245782625123,-0.22177463960323085,0.7572674432840162,-0.6797003691837508,-0.350314000473807,-0.6474816870914448,0.08925053410193905
2021-05-22,1.3877829064895284,1.0899785216333344,-0.22717025438158922,-0.039609200623953005,0.13145954822865283,-0.8471038808207204,1.1350986777147354,-0.6474816870914448,-0.4880847985748413
2021-05-24,0.8710845983443739,1.0516424226258876,0.3257616168203615,0.32472167733460267,0.6321058642729436,-0.4514228533151605,-0.47409839032285184,-0.20443117922176018,1.1551003790436216
2021-05-25,0.6127354442717967,1.0324743731221637,-0.13431146685149065,0.5068871163138805,0.715546916946992,-0.36011184696772097,-1.2786969243416444,0.2386193286479245,0.26689217492554435
2021-05-26,1.2401548184480562,1.0899785216333344,-0.16807829868061738,-0.039609200623953005,-0.03542255711944408,-0.4818598554309795,0.6399611183185561,0.6816698365176094,-0.35485356795715
2021-05-27,1.1847942854325044,1.1666507196482283,-0.29470391803984275,-0.13069192011359193,0.13145954822865283,-0.4514228533151605,0.20671575384690022,0.6816698365176094,0.08925053410193905
2021-05-28,1.2586083294532404,1.2241548681593992,-0.33691245782625123,-0.039609200623953005,0.13145954822865283,-0.4514228533151605,0.2686079487714215,0.6816698365176094,0.00042971369011113775
2021-05-29,1.1109802414117669,1.28165901667057,-0.33691245782625123,0.14255623835532483,0.6738263906099677,-0.831885379762811,-0.41220619539833053,0.6816698365176094,-1.1098305414574852
2021-05-31,1.0371661973910307,0.8791299770923752,0.030301838315502313,0.5979698358035194,0.8407084959580646,-1.2580034093841899,0.6399611183185561,0.6816698365176094,-1.243061772075227
2021-06-01,0.46510735623032373,0.38076068999556345,1.5962386643912558,1.2355488722309917,1.0075906013061615,-0.907977885052341,0.3305001436959429,0.6816698365176094,1.0218691484259301
2021-06-02,0.8341775763340059,0.5532731355290751,-0.23561196233887094,0.6890525552931583,0.715546916946992,-0.86232238187863,1.0113142878656927,0.6816698365176094,0.1336609443078025
2021-06-03,1.3324223734739766,1.1091465711370576,-0.33691245782625123,-0.039609200623953005,-0.20230466246754097,-0.9536333882260695,0.887529898016648,0.2386193286479245,-0.26603274754532213
2021-06-04,0.5573749112562443,0.8791299770923752,-0.020348409428187803,0.5979698358035194,0.7989879696210405,-1.1971294051525518,-0.9692359497190312,0.2386193286479245,-0.7101368496043101
2021-06-08,1.2401548184480562,0.8407938780849282,-0.2989247720184836,0.14255623835532483,0.6738263906099677,-0.6949188702416602,1.4445596523373507,0.6816698365176094,1.4659732504849181
2021-06-09,0.5758284222614279,0.8216258285812045,1.7144225757931997,0.8712179942724362,0.8407084959580646,-0.8166668787049015,-0.7216671700209415,1.124720344387294,-0.35485356795709955
2021-06-10,1.1109802414117669,0.6491133830476928,0.9040186118941573,0.5068871163138805,0.5903853379359193,-1.0601628956314013,1.630236237110917,1.124720344387294,-0.7101368496043606
2021-06-11,1.129433752416951,0.8791299770923752,0.9799939835096926,0.4158043968242416,0.715546916946992,-1.0905998977472202,0.9494220929411692,1.124720344387294,-0.08839110672171677
2021-06-12,0.5020143782406918,0.7832897295737575,0.942006297701925,1.053383433251714,0.8407084959580646,-0.7710113755311904,-0.8454515598699863,1.124720344387294,0.9330483280141022
2021-06-13,0.9633521533702945,0.7449536305663105,-0.21872854642430756,0.6890525552931583,0.8407084959580646,-0.6188263649521302,0.8256377030921244,1.5677708522569789,0.44453381574914974
2021-06-14,0.7972705543236378,1.0899785216333344,-0.3242498958903287,0.32472167733460267,0.8407084959580646,-0.9840703903418712,-0.8454515598699863,1.5677708522569789,-1.0654201312515712
2021-06-15,0.9264451313599265,0.9749702246109929,-0.07521951115051878,0.14255623835532483,0.7989879696210405,-1.2427849083262803,-0.04085302585119164,1.5677708522569789,-0.7545472598102746
2021-06-16,1.2032477964376873,1.3391631651817406,-0.33691245782625123,-0.13069192011359193,0.5903853379359193,-0.9536333882260695,-0.2884218055492857,1.124720344387294,0.8442275076022743
2021-06-17,1.1109802414117669,1.0708104721296106,0.06828952412326994,-0.039609200623953005,-0.20230466246754097,-0.7405743734153714,0.26860794877141936,1.124720344387294,0.6221754565728055
2021-06-18,1.1109802414117669,1.319995115678017,-0.17229915265925827,-0.039609200623953005,-0.07714308345646831,-0.86232238187863,-0.5359905852473754,1.124720344387294,-0.35485356795715
2021-06-20,1.1109802414117669,1.3966673136929109,-0.33691245782625123,0.05147351886568591,0.6738263906099677,-1.455843923136961,-0.7835593649454651,0.6816698365176094,-1.731576284340129
2021-06-21,1.0371661973910307,1.3966673136929109,-0.2862622100825611,0.23363895784496375,0.7572674432840162,-1.4406254220790518,-1.0311281446435547,0.6816698365176094,0.04484012389602509
2021-06-22,0.6311889552769804,0.4957689870179043,2.8413905880903054,0.8712179942724362,0.8407084959580646,-1.1362554009209314,0.5161767284695112,0.6816698365176094,0.8886379178081882
2021-06-23,0.40974682321477124,0.5724411850327988,2.4657345839912703,0.962300713762075,0.8824290222950889,-1.0145073924576902,-0.47409839032285184,0.6816698365176094,0.35571299533732176
2021-06-24,-0.014683929904463364,0.5724411850327988,0.5410251697310448,1.2355488722309917,0.9241495486321131,-0.9992888913997806,-1.8976188735868729,1.124720344387294,0.04484012389602509
2021-06-25,0.40974682321477124,0.7449536305663105,-0.04989438727867373,0.8712179942724362,0.7989879696210405,-0.9536333882260695,-1.0311281446435547,1.124720344387294,0.1336609443078025
2021-06-26,0.5758284222614279,0.7257855810625867,2.2504710310805867,1.1444661527413529,0.8824290222950889,-0.8166668787049015,-0.41220619539832837,1.124720344387294,0.40012340554328624
2021-06-27,0.5942819332666124,1.2049868186556754,-0.09210292706508218,0.5979698358035194,0.8407084959580646,-0.93841488716816,-1.8976188735868709,1.5677708522569789,-0.35485356795715
2021-06-28,0.5204678892458762,0.36159264049183965,6.690809416610756,1.053383433251714,1.0075906013061615,-1.1210368998630218,0.5780689233940347,1.5677708522569789,-0.5324952087807048
2021-06-29,0.7234565103029009,1.28165901667057,-0.14275317480877234,0.4158043968242416,0.7572674432840162,-1.1210368998630218,-1.7119422888133047,1.5677708522569789,0.00042971369011113775
2021-06-30,1.0740732194013993,1.319995115678017,-0.3200290419116878,0.14255623835532483,0.8407084959580646,-0.9840703903418712,-0.659774975096418,1.5677708522569789,0.4001234055432357
2021-07-02,1.1109802414117669,1.3774992641891877,-0.33691245782625123,-0.039609200623953005,0.7989879696210405,-0.8927593839944316,-0.7216671700209437,1.124720344387294,0.26689217492554435
2021-07-04,1.1847942854325044,1.3008270661742931,-0.33691245782625123,0.14255623835532483,0.5486648115988951,-0.8166668787049015,-0.2265296106247578,0.6816698365176094,0.2224817647196304
2021-07-05,1.295515351463608,1.1283146206407815,-0.23983281631751177,0.14255623835532483,0.0062979692175801445,-0.7862298765890998,0.7018533132430774,0.6816698365176094,0.08925053410188855
2021-07-06,1.0925267304065838,0.8791299770923752,0.43972467424366435,0.23363895784496375,0.2566211272397255,-0.93841488716816,0.8256377030921266,0.6816698365176094,-0.4436743883689274
2021-07-07,1.16634077442732,0.8599619275886521,0.15692745767472768,0.32472167733460267,0.21490060090270127,-0.5275153586046906,1.1350986777147376,0.6816698365176094,1.1995107892495354
2021-07-08,1.1109802414117669,1.2049868186556754,-0.2735996481466385,0.14255623835532483,-0.7863920311858802,-0.1774898342728591,-0.16463741570023868,0.6816698365176094,1.0218691484258797
2021-07-09,1.480050461515449,1.1666507196482283,-0.33691245782625123,-0.13069192011359193,-1.662523084263389,-0.3448933459098288,1.1969908726392589,0.2386193286479245,-0.4880847985748413
2021-07-10,1.3324223734739766,1.1666507196482283,-0.33691245782625123,-0.13069192011359193,-0.32746624147861364,-0.3296748448519193,0.7018533132430795,0.2386193286479245,0.04484012389602509
2021-07-12,1.480050461515449,1.262490967166846,-0.3326916038476104,-0.22177463960323085,0.21490060090270127,-0.36011184696772097,0.8875298980166457,0.6816698365176094,-0.08839110672166628
2021-07-13,1.5723180165413695,1.28165901667057,-0.33691245782625123,-0.4950227980721476,-0.5360688731637347,-0.6188263649521302,1.1350986777147354,0.2386193286479245,-0.7545472598102746
2021-07-14,1.350875884479161,1.3391631651817406,-0.2735996481466385,-0.22177463960323085,-0.8698330838599286,-0.6492633670679492,0.20671575384689803,0.2386193286479245,-0.08839110672171677
2021-07-15,1.590771527546554,1.3008270661742931,-0.33691245782625123,-0.5861055175617865,-1.1201562418820739,-0.5579523607205096,1.1350986777147376,-0.20443117922176018,0.26689217492554435
2021-07-17,0.8157240653288215,0.9174660760998221,-0.3284707498689695,0.23363895784496375,0.8407084959580646,-1.0297258935155995,-0.22652961062475999,-0.20443117922176018,-1.3762930026929185
2021-07-18,0.3728398012044032,0.5341050860253512,1.4527296291174672,1.1444661527413529,0.8407084959580646,-1.41018841996325,-0.47409839032284967,0.2386193286479245,-1.1098305414574852
2021-07-19,0.2067582021577458,0.5532731355290751,4.60992840514082,1.4177143112102697,1.0493111276431857,-1.5623734305423103,-1.0930203395680782,0.6816698365176094,-0.4436743883689274
2021-07-20,0.05913011411627346,0.6107772840402459,3.3689973354204112,1.5087970306999086,1.1327521803172342,-1.5167179273685818,-1.773834483737826,0.6816698365176094,0.133660944307853
2021-07-21,0.1883046911525621,0.6107772840402459,0.8618100721077488,1.5087970306999086,0.8407084959580646,-1.455843923136961,-1.3405891192661679,1.124720344387294,0.17807135451371647
2021-07-22,1.1109802414117669,0.9174660760998221,-0.33691245782625123,0.23363895784496375,-0.07714308345646831,-1.7602139442950815,0.7637455081676009,0.6816698365176094,-0.887778490427966
2021-07-23,1.350875884479161,1.0133063236184399,-0.33691245782625123,-0.039609200623953005,-1.1618767682190982,-2.171113472858551,1.2588830675637845,0.6816698365176094,-1.198651361869313
2021-07-24,1.1847942854325044,0.8407938780849282,0.7816138465135729,0.4158043968242416,0.08973902189162859,-2.216768976032262,1.2588830675637845,0.6816698365176094,-0.13280151692758022
2021-07-25,1.2586083294532404,0.7257855810625867,0.03874354627278405,0.32472167733460267,-0.5360688731637347,-2.003709961221581,1.877805016809011,0.6816698365176094,0.6221754565727551
2021-07-26,1.3139688624687922,1.262490967166846,-0.33691245782625123,0.05147351886568591,-0.6195099258377832,-2.2015504749743524,0.3305001436959429,0.2386193286479245,-0.5769056189866187
2021-07-29,1.0187126863858462,1.1858187691519522,-0.007685847492265274,0.4158043968242416,0.6738263906099677,-1.8971804538162322,-0.41220619539833053,0.2386193286479245,0.8886379178081882
2021-07-30,0.6865494882925329,0.8407938780849282,-0.0034649935136244056,0.5068871163138805,0.715546916946992,-1.699339940063461,-0.41220619539832837,0.2386193286479245,0.5777650463668411
2021-07-31,1.0002591753806633,0.936634125603546,0.3764118645640516,0.5979698358035194,0.8407084959580646,-1.8667434517004307,0.33050014369594505,0.6816698365176094,-0.4880847985748413
2021-08-01,1.055619708396215,0.9558021751072698,0.15270660369608685,0.5068871163138805,0.6321058642729436,-2.140676470742732,0.4542845335449877,1.124720344387294,-0.798957670016138
2021-08-03,0.5389214002510598,0.9558021751072698,0.49459577596599535,0.962300713762075,0.5903853379359193,-2.338516984495503,-1.2786969243416466,1.124720344387294,-0.5769056189866187
2021-08-04,0.8341775763340059,0.7257855810625867,1.431625359224263,0.6890525552931583,0.6738263906099677,-2.582013001422003,0.4542845335449899,1.124720344387294,-0.7101368496043606
2021-08-05,0.3359327791940351,0.7832897295737575,0.8491475101718264,1.1444661527413529,0.8407084959580646,-2.5211389971903824,-1.4024813141906893,1.5677708522569789,0.17807135451371647
2021-08-06,0.5389214002510598,0.8216258285812045,0.971552275552411,1.053383433251714,0.8824290222950889,-2.216768976032262,-0.8454515598699863,1.5677708522569789,0.8886379178081882
2021-08-07,0.760363532313269,1.0516424226258876,-0.33691245782625123,0.6890525552931583,0.7572674432840162,-1.7145584411213703,-0.8454515598699885,1.124720344387294,1.4659732504849181
2021-08-08,0.8710845983443739,1.0899785216333344,-0.20606598448838498,0.6890525552931583,0.7572674432840162,-1.2580034093841899,-0.5978827801718967,1.124720344387294,1.3327420198672268
2021-08-09,0.8341775763340059,0.9749702246109929,1.1952575364203757,0.6890525552931583,0.8407084959580646,-1.0905998977472202,-0.35031400047380484,1.124720344387294,0.4889442259550637
2021-08-10,0.6680959772873485,1.0324743731221637,0.3932952804786151,0.8712179942724362,0.8407084959580646,-1.0145073924576902,-1.0930203395680782,1.124720344387294,0.2224817647196304
2021-08-11,0.9818056643754789,0.9558021751072698,-0.21028683846702584,0.5979698358035194,0.7989879696210405,-0.6492633670679492,0.20671575384689803,1.124720344387294,1.0662795586317937
2021-08-12,1.1478872634221355,0.898298026596099,-0.29470391803984275,0.4158043968242416,0.4235032325878224,-0.5579523607205096,0.9494220929411692,1.124720344387294,0.26689217492554435
2021-08-13,0.7234565103029009,0.8599619275886521,-0.10898634297964555,0.5068871163138805,0.5069442852618709,-0.9688518892839617,-0.350314000473807,1.124720344387294,-1.1986513618692627
2021-08-14,0.44665384522513935,0.8599619275886521,-0.2440536702961526,0.6890525552931583,0.7989879696210405,-0.93841488716816,-1.2786969243416466,1.5677708522569789,0.08925053410188855
2021-08-15,0.5942819332666124,0.6874494820551398,-0.09632378104372301,0.8712179942724362,0.6321058642729436,-0.36011184696772097,-0.22652961062475999,1.5677708522569789,1.688025301514488
2021-08-16,0.7788170433184534,0.7832897295737575,-0.17229915265925827,0.5068871163138805,-0.4943483468267106,-0.010086322635889457,0.0829313639978532,1.5677708522569789,1.0218691484258797
2021-08-17,1.055619708396215,1.0133063236184399,-0.33691245782625123,0.05147351886568591,-1.0784357155450497,-0.31445634379400983,0.2686079487714215,1.124720344387294,-0.887778490427966
2021-08-18,1.0187126863858462,1.1474826701445053,-0.33691245782625123,-0.039609200623953005,0.5069442852618709,-0.6644818681258413,-0.2884218055492857,0.6816698365176094,-1.0210097210456572
2021-08-19,0.7788170433184534,0.7832897295737575,1.1235030187834814,0.5979698358035194,0.17318007456567705,-0.6036078638942207,0.0829313639978532,0.6816698365176094,0.17807135451371647
2021-08-21,1.055619708396215,1.1283146206407815,-0.33691245782625123,-0.13069192011359193,0.0062979692175801445,-0.6036078638942207,-0.10274522077571516,0.2386193286479245,0.00042971369011113775
2021-08-22,1.16634077442732,1.1858187691519522,-0.33691245782625123,-0.31285735909286977,-0.20230466246754097,-0.7862298765890998,0.0829313639978532,-0.20443117922176018,-0.5324952087807553
2021-08-24,0.9818056643754789,0.8599619275886521,0.6634299351116292,0.14255623835532483,0.4235032325878224,-0.7405743734153714,0.5161767284695112,-0.20443117922176018,0.133660944307853
2021-08-25,1.4062364174947128,1.1666507196482283,-0.2904830640612019,0.14255623835532483,0.6738263906099677,-0.5427338596626001,0.9494220929411692,-0.20443117922176018,0.5777650463668411
2021-08-26,1.0925267304065838,0.9558021751072698,-0.2440536702961526,0.23363895784496375,0.13145954822865283,-0.23836383850447973,0.5780689233940347,0.2386193286479245,0.8886379178081882
2021-08-27,0.44665384522513935,0.2465843434694981,0.8997977579155165,1.053383433251714,0.5903853379359193,-0.08617882792541955,0.7018533132430795,0.6816698365176094,0.44453381574914974
2021-08-28,0.5573749112562443,0.5341050860253512,0.5916754174747348,0.32472167733460267,0.3817827062507982,-0.14705283215704015,0.14482355892237672,0.6816698365176094,-0.17721192713349418
2021-08-29,0.5758284222614279,0.6107772840402459,0.2497862452048263,0.5068871163138805,0.7572674432840162,-0.20792683638866077,-0.04085302585119384,1.124720344387294,-0.17721192713349418
2021-08-31,0.4282003342199556,0.591609234536522,0.23290282929026293,0.962300713762075,0.7989879696210405,-0.22314533744657025,-0.47409839032284967,1.5677708522569789,-0.04398069651580282
2021-09-01,0.9818056643754789,0.8791299770923752,-0.08788207308644132,0.6890525552931583,0.6738263906099677,-0.4057673501414494,0.4542845335449899,1.5677708522569789,-0.5324952087807553
2021-09-02,1.1478872634221355,1.0708104721296106,-0.33691245782625123,0.23363895784496375,0.2566211272397255,-0.5427338596626001,0.3923923386204664,1.124720344387294,-0.39926397816301346
2021-09-04,1.2586083294532404,1.1091465711370576,-0.2989247720184836,0.14255623835532483,-0.7863920311858802,-0.6492633670679492,0.6399611183185583,1.124720344387294,-0.31044315775123604
2021-09-06,1.055619708396215,1.1283146206407815,-0.33691245782625123,-0.039609200623953005,0.21490060090270127,-0.31445634379400983,-0.10274522077571516,0.6816698365176094,0.9774587382200162
2021-09-07,1.2217013074428718,1.1474826701445053,-0.3284707498689695,0.05147351886568591,0.17318007456567705,-0.3296748448519193,0.3923923386204642,0.6816698365176094,-0.04398069651580282
2021-09-08,1.3877829064895284,1.1666507196482283,-0.33691245782625123,-0.31285735909286977,-0.07714308345646831,-0.4818598554309795,0.8875298980166457,0.2386193286479245,-0.4436743883689274
2021-09-09,1.2401548184480562,1.0899785216333344,-0.33691245782625123,-0.4039400785825087,-0.07714308345646831,-0.49707835648888893,0.6399611183185561,-0.20443117922176018,-0.04398069651580282
2021-09-10,1.2770618404584249,1.2433229176631229,-0.33691245782625123,-0.5861055175617865,0.46522375892484663,-0.6492633670679492,0.2686079487714215,-0.6474816870914448,-0.4436743883689274
2021-09-11,1.2217013074428718,1.2049868186556754,-0.33691245782625123,-0.22177463960323085,0.3817827062507982,-1.227566407268371,0.20671575384689803,-0.6474816870914448,-1.687165874134215
2021-09-12,1.4246899284998973,1.319995115678017,-0.33691245782625123,-0.13069192011359193,0.4235032325878224,-1.6080289337160214,0.5161767284695112,-1.0905321949611295,-1.1098305414574852
2021-09-13,1.2586083294532404,1.4158353631966345,-0.33691245782625123,-0.039609200623953005,0.5069442852618709,-0.8927593839944316,-0.35031400047380484,-1.0905321949611295,2.0877189933676124
2021-09-14,0.6311889552769804,0.8791299770923752,1.0897361869543545,0.5068871163138805,0.5486648115988951,-0.16227133321494963,-0.7216671700209415,-1.0905321949611295,2.132129403573476
2021-09-15,1.1478872634221355,1.1091465711370576,-0.33691245782625123,-0.22177463960323085,0.13145954822865283,-0.20792683638866077,0.2686079487714215,-1.0905321949611295,-0.13280151692758022
2021-09-17,1.350875884479161,1.0324743731221637,-0.01612755544954697,-0.039609200623953005,0.5486648115988951,-0.5122968575467811,1.196990872639261,-0.6474816870914448,-0.887778490427966
2021-09-18,1.1847942854325044,1.1858187691519522,-0.3284707498689695,0.14255623835532483,0.04801849555460437,-0.22314533744657025,0.14482355892237672,-0.20443117922176018,0.8442275076022743
2021-09-19,0.9818056643754789,1.0133063236184399,0.5579085856456081,0.7801352747827972,0.6321058642729436,-0.1927083353307686,0.02103916907333188,0.2386193286479245,0.08925053410188855
2021-09-20,1.0187126863858462,1.1091465711370576,0.05984781616598828,0.5979698358035194,0.5069442852618709,-0.3296748448519193,-0.16463741570023868,0.6816698365176094,-0.39926397816301346
2021-09-21,0.907991620354742,0.8791299770923752,0.093614647995115,0.4158043968242416,0.2566211272397255,-0.46664135437306997,0.20671575384689803,1.124720344387294,-0.39926397816301346
2021-09-22,1.3324223734739766,1.1091465711370576,-0.315808187933047,-0.039609200623953005,-0.07714308345646831,-0.31445634379400983,0.887529898016648,1.124720344387294,0.44453381574914974
2021-09-23,0.6311889552769804,0.7449536305663105,1.2838954699718335,0.8712179942724362,0.7989879696210405,0.06600618265364064,-0.2884218055492835,1.5677708522569789,1.1106899688377077
2021-09-24,0.9633521533702945,1.0899785216333344,-0.2862622100825611,0.32472167733460267,0.34006217991377397,0.1573171890010802,-0.2884218055492835,1.5677708522569789,0.26689217492554435
2021-09-25,1.0187126863858462,1.1091465711370576,-0.3326916038476104,-0.13069192011359193,-0.16058413613051675,0.035569180537821675,-0.16463741570023868,1.5677708522569789,-0.35485356795715
2021-09-26,0.8895381093495583,1.0899785216333344,-0.33691245782625123,-0.4950227980721476,0.7572674432840162,-0.04052332475170842,-0.5359905852473732,1.124720344387294,-0.22162233733940814
2021-09-27,1.1109802414117669,1.1474826701445053,-0.33691245782625123,-0.22177463960323085,-0.32746624147861364,-0.2688008406202987,0.02103916907332748,0.6816698365176094,-0.6657264393984467
2021-09-28,1.0002591753806633,1.1091465711370576,-0.33691245782625123,-0.22177463960323085,-0.07714308345646831,-0.4514228533151605,-0.2265296106247578,0.2386193286479245,-0.5324952087807048
2021-09-29,1.0925267304065838,1.1091465711370576,-0.33691245782625123,-0.039609200623953005,-0.9949946628710012,-0.6492633670679492,0.08293136399785539,-0.20443117922176018,-0.5769056189866693
2021-09-30,1.129433752416951,1.2049868186556754,-0.33691245782625123,0.05147351886568591,-1.2453178208931466,-0.6797003691837508,-0.10274522077571516,-0.6474816870914448,-0.08839110672166628
2021-10-02,1.129433752416951,1.1858187691519522,-0.33691245782625123,-0.31285735909286977,0.0062979692175801445,-0.23836383850447973,-0.04085302585119384,-1.0905321949611295,1.2883316096613129
2021-10-03,0.5758284222614279,0.936634125603546,-0.2567162322320752,0.14255623835532483,0.5903853379359193,-0.025304823693798936,-1.0930203395680782,-1.0905321949611295,0.6221754565727551
2021-10-04,1.0925267304065838,1.1474826701445053,-0.33691245782625123,-0.5861055175617865,-0.7029509785118317,-0.010086322635889457,-0.04085302585119164,-1.0905321949611295,0.04484012389602509
2021-10-07,0.7419100213080854,0.5532731355290751,1.5160424387970797,-0.22177463960323085,0.8407084959580646,-1.0449443945734918,0.7018533132430795,-0.6474816870914448,-3.019478180311331
2021-10-08,0.0037695811007210068,0.4957689870179043,13.579243109752614,1.5087970306999086,1.1744727066542584,-1.2123479062104614,-1.5881578989642575,-0.20443117922176018,-0.4880847985748413
2021-10-09,0.2067582021577458,0.6107772840402459,5.162860276342771,1.2355488722309917,1.2161932329912828,-1.1666924030367503,-1.2786969243416466,0.2386193286479245,0.1336609443078025
2021-10-10,0.2067582021577458,0.6107772840402459,1.56669268654077,0.7801352747827972,0.8824290222950889,-0.6949188702416602,-1.2786969243416466,0.6816698365176094,1.3771524300731408
2021-10-11,1.0925267304065838,0.7449536305663105,-0.33691245782625123,-0.8593536760307032,-0.07714308345646831,-1.0905998977472202,1.2588830675637845,0.6816698365176094,-1.1542409516633991
2021-10-12,-0.07004446292001582,0.2849204424769457,-0.3284707498689695,-1.13260183449962,0.6738263906099677,-1.7145584411213703,-1.1549125344926017,0.6816698365176094,-1.8203971047519572
2021-10-13,0.11449064713182526,0.15074409595088037,2.098520287849517,1.053383433251714,0.9241495486321131,-1.5319364284264914,-0.10274522077571516,1.124720344387294,0.5333546361609777
2021-10-14,0.5942819332666124,0.7641216800700343,0.22446112133298127,0.7801352747827972,0.8407084959580646,-0.5122968575467811,-0.47409839032285184,1.124720344387294,2.9759271974856896
2021-10-15,0.151397669142194,0.591609234536522,-0.14275317480877234,0.6890525552931583,1.0075906013061615,-0.3296748448519193,-1.4024813141906893,1.124720344387294,0.5333546361609272
2021-10-17,0.22521171316293018,0.016567749424815682,-0.33691245782625123,-0.8593536760307032,0.5903853379359193,0.8269312355489415,0.7018533132430795,0.6816698365176094,3.375620889338814
2021-10-18,0.1698511801473777,-0.23261689412359055,-0.33691245782625123,-0.6771882370514254,-0.36918676781563786,0.8725867387226527,1.320775262488306,0.2386193286479245,0.1336609443078025
2021-10-19,0.3912933122095869,0.2657523929732219,-0.33691245782625123,-0.22177463960323085,-1.2035972945561224,0.7964942334331225,0.4542845335449877,0.2386193286479245,-0.22162233733940814
2021-10-20,0.5573749112562443,0.5532731355290751,-0.3326916038476104,0.05147351886568591,-0.7863920311858802,0.5073427133329117,0.0829313639978532,0.2386193286479245,-0.843368080222052
2021-10-21,0.26211873517329826,-0.5393056861831669,-0.30736647997576527,0.23363895784496375,0.34006217991377397,0.3551577027538515,2.62051135590328,0.2386193286479245,-0.4436743883689274
2021-10-23,-0.7528243701118277,-0.7309861812204023,-0.33691245782625123,-0.22177463960323085,1.1327521803172342,1.1465197577649713,-0.16463741570023868,-0.20443117922176018,2.3097710443971318
2021-10-24,-0.03313744090964708,-0.4434654386645491,-0.33691245782625123,-0.7682709565410644,-0.2857457151415894,0.9638977450700922,1.320775262488306,-0.6474816870914448,-0.5324952087807553
2021-10-25,0.13294415813700963,-0.46263348816827293,-0.33691245782625123,-1.0415191150099812,-0.7863920311858802,0.6138722207382608,1.9396972117335323,-0.6474816870914448,-1.0210097210456572
2021-10-26,0.28057224617848264,0.11240799694343341,-0.33691245782625123,-0.7682709565410644,0.0062979692175801445,0.4921242122750022,0.5780689233940347,-0.6474816870914448,-0.35485356795715
2021-10-28,0.22521171316293018,0.3999287394992866,-0.3326916038476104,-0.039609200623953005,0.7989879696210405,0.8117127344910321,-0.5359905852473732,-0.20443117922176018,0.9330483280141022
2021-10-29,0.1698511801473777,0.3424245909881158,-0.2904830640612019,-0.13069192011359193,0.6738263906099677,0.8573682376647604,-0.5359905852473732,-0.20443117922176018,0.133660944307853
2021-10-30,-0.10695148493038391,0.16991214545460417,-0.23561196233887094,0.32472167733460267,0.8407084959580646,0.9486792440121827,-0.9073437547945099,-0.20443117922176018,0.2668921749254939
2021-10-31,-0.12540499593556761,0.2465843434694981,-0.33691245782625123,-0.22177463960323085,0.29834165357674974,0.9334607429542906,-1.216804729417121,-0.20443117922176018,-0.04398069651575233
2021-11-04,0.2067582021577458,0.38076068999556345,-0.33691245782625123,0.05147351886568591,-0.2857457151415894,0.3551577027538515,-0.5359905852473754,-0.20443117922176018,-1.6871658741342657
2021-11-05,0.1883046911525621,0.47660093751418114,-0.33691245782625123,0.5979698358035194,-0.2857457151415894,-0.010086322635889457,-0.9073437547945099,-0.20443117922176018,-1.0654201312515712
2021-11-06,0.44665384522513935,0.36159264049183965,-0.33691245782625123,0.14255623835532483,-1.87112571594851,-0.3753303480256304,0.3305001436959429,-0.20443117922176018,-1.0654201312515712
2021-11-07,0.40974682321477124,0.5149370365216281,-0.33691245782625123,0.5068871163138805,-1.2453178208931466,-0.05574182580960059,-0.2884218055492835,-0.6474816870914448,0.9330483280141022
2021-11-08,-0.2730330839770406,-0.7693222802278492,-0.2524953782534343,-1.4969327124581757,-1.3704793999042193,0.7051832270857004,1.5683440421863957,-0.6474816870914448,2.220950223985304
2021-11-09,-0.6974638370962752,-0.9993388742725323,-0.33691245782625123,-2.498842626844204,0.34006217991377397,1.0247717493017128,0.887529898016648,-1.0905321949611295,0.9330483280140518
2021-11-10,-0.3837541500081455,-0.82682642873902,-0.33691245782625123,-3.318587102250954,-1.1201562418820739,0.9334607429542906,1.3826674574128273,-1.0905321949611295,-0.2660327475452716
2021-11-11,-0.32839361699259306,-0.6159778841980614,-0.33691245782625123,-2.7720907853131207,-0.16058413613051675,0.7812757323752304,0.887529898016648,-1.0905321949611295,-0.4436743883689274
2021-11-12,-0.19921903995630444,-0.4051293396571022,-0.33691245782625123,-2.407759907354565,-0.577789399500759,0.9486792440121827,0.6399611183185561,-1.0905321949611295,0.4889442259550132
2021-11-14,-0.3837541500081455,-0.5393056861831669,-0.33691245782625123,-1.6790981514374534,-1.87112571594851,0.8573682376647604,0.4542845335449877,-1.0905321949611295,-0.2660327475452716
2021-11-15,-0.23612606196667252,-0.32845714164220824,-0.33691245782625123,-1.13260183449962,-0.36918676781563786,0.7051832270857004,0.2686079487714215,-1.0905321949611295,-0.4436743883689274
2021-11-16,-0.08849797392519954,-0.2134488446198667,-0.33691245782625123,-0.5861055175617865,-1.1201562418820739,0.6747462249698813,0.3923923386204664,-1.5335827028308142,-0.08839110672171677
2021-11-17,-0.05159095191483145,-0.021768349582631272,-0.33691245782625123,-0.31285735909286977,-0.11886360979349253,0.6899647260277908,-0.10274522077571516,-1.5335827028308142,0.04484012389602509
2021-11-18,-0.18076552895112008,-0.36679324064965524,-0.33691245782625123,-0.7682709565410644,-0.9532741365339771,0.26384669640641195,0.5780689233940347,-1.5335827028308142,-1.243061772075227
2021-11-20,-0.12540499593556761,0.054903848432262634,-0.3242498958903287,-0.039609200623953005,-0.8281125575229044,0.05078768159573115,-0.5978827801718944,-1.0905321949611295,-0.6213160291925327
2021-11-21,-0.21767255096148816,0.11240799694343341,-0.33691245782625123,0.4158043968242416,-0.4943483468267106,0.2334096942906103,-1.093020339568076,-1.0905321949611295,0.5333546361609777
2021-11-22,-0.6421033040807228,-1.0185069237762554,-0.18918256857382162,-0.13069192011359193,0.5069442852618709,0.6747462249698813,1.1350986777147376,-0.6474816870914448,1.2883316096613129
2021-11-24,-0.8635454361429319,-0.9993388742725323,-0.33691245782625123,-1.13260183449962,-0.5360688731637347,1.176956759880773,0.33050014369594505,-0.6474816870914448,1.4659732504849181
2021-11-25,-0.5682892600599866,-0.7118181317166792,-0.33691245782625123,-1.223684553989259,-1.4121999262412435,0.8573682376647604,0.3923923386204664,-0.6474816870914448,-0.9321889006338294
2021-11-26,-0.36530063900296117,-0.6734820327092316,-0.33691245782625123,-1.223684553989259,-1.8294051896114858,0.8878052397805621,0.9494220929411692,-0.6474816870914448,0.08925053410188855
2021-11-27,-0.4575681940288817,-0.6543139832055084,-0.33691245782625123,-1.3147672734788978,-0.6612304521748075,1.1465197577649713,0.5780689233940347,-0.6474816870914448,0.7554066871904969
2021-11-28,-0.4206611720185136,-0.5584737356868906,-0.33691245782625123,-0.7682709565410644,-1.2453178208931466,1.055208751417532,0.3923923386204664,-1.0905321949611295,-0.26603274754532213
2021-11-29,-0.12540499593556761,-0.5201376366794437,-0.33691245782625123,-0.9504363955203422,-2.413492558329825,0.7204017281435925,1.2588830675637845,-1.0905321949611295,-0.9765993108397938
2021-11-30,-0.4022076610133292,-0.9610027752650847,-0.33691245782625123,-1.6790981514374534,-1.9545667686225585,0.8878052397805621,1.7540206269599639,-1.5335827028308142,0.4889442259550637
2021-12-01,-1.2326156562466142,-1.4018679138507264,-0.33691245782625123,-3.409669821740593,-1.87112571594851,1.359578772575652,0.3923923386204664,-1.5335827028308142,1.3771524300731408
2021-12-02,-1.1772551232310624,-1.4402040128581737,-0.33691245782625123,-3.2275043827613152,-2.371772031992801,1.4052342757493632,0.7018533132430784,-1.5335827028308142,0.1336609443078025
2021-12-03,-1.0111735241844049,-1.4210359633544503,-0.33691245782625123,-3.8650834191887875,-2.455213084666849,1.359578772575652,1.196990872639261,-1.5335827028308142,-0.13280151692758022
2021-12-04,-1.1403481012206935,-1.3060276663321086,-0.33691245782625123,-2.8631735048027593,-1.287038347230171,1.4661082799810012,0.3923923386204664,-1.5335827028308142,0.3113025851314583
2021-12-05,-0.8450919251377482,-1.0376749732799793,-0.33691245782625123,-2.0434290293960093,-1.5373615052523162,1.313923269401941,0.5161767284695112,-1.5335827028308142,-0.4436743883689274
2021-12-06,-0.8450919251377482,-1.09517912179115,-0.33691245782625123,-1.6790981514374534,-2.5386541373408975,1.176956759880773,0.7018533132430795,-1.5335827028308142,-0.39926397816306397
2021-12-07,-0.7897313921221958,-0.9610027752650847,-0.33691245782625123,-1.13260183449962,-0.4943483468267106,1.2682677662282127,0.4542845335449877,-1.5335827028308142,0.26689217492554435
2021-12-08,-0.8450919251377482,-0.7118181317166792,-0.33691245782625123,-0.9504363955203422,-2.038007821296607,1.4813267810388935,-0.5359905852473732,-1.5335827028308142,0.6221754565727551
2021-12-09,-0.7159173481014596,-0.6543139832055084,-0.33691245782625123,-0.4950227980721476,-2.1214488739706554,1.4813267810388935,-0.2884218055492835,-1.5335827028308142,0.00042971369011113775
2021-12-10,-0.5682892600599866,-0.6734820327092316,-0.33691245782625123,-0.4039400785825087,-1.5790820315893404,1.2378307641124109,0.26860794877141936,-1.5335827028308142,-0.7101368496043101
2021-12-11,-0.439114683023698,-0.4051293396571022,-0.33691245782625123,-0.31285735909286977,-1.7459641369374372,1.2530492651703031,-0.16463741570023868,-1.5335827028308142,0.044840123895974596
2021-12-12,-0.3837541500081455,-0.5584737356868906,-0.33691245782625123,-0.22177463960323085,-1.9962872949595827,1.283486267286122,0.5161767284695112,-1.5335827028308142,0.08925053410193905
2021-12-13,-0.9742665021740369,-0.9034986267539146,-0.33691245782625123,-0.9504363955203422,-0.6195099258377832,1.3747972736335616,-0.35031400047380484,-1.5335827028308142,0.26689217492554435
2021-12-15,-0.6974638370962752,-0.424297389160826,-0.3284707498689695,0.05147351886568591,0.7989879696210405,0.5377797154487306,-0.9692359497190312,-1.0905321949611295,-2.442142847634601
2021-12-17,-0.5498357490548023,-0.6159778841980614,-0.33691245782625123,-0.7682709565410644,0.08973902189162859,0.9638977450700922,0.14482355892237672,-1.0905321949611295,1.243921199455399
2021-12-18,-1.2510691672517984,-1.1143471712948732,-0.33691245782625123,-1.7701808709270925,0.8407084959580646,1.5574192863284235,-0.5978827801718967,-1.0905321949611295,1.7324357117203515
2021-12-19,-1.3064297002673508,-1.171851319806044,-0.33691245782625123,-2.407759907354565,0.8407084959580646,1.4052342757493632,-0.5978827801718967,-1.0905321949611295,-0.4436743883689274
2021-12-20,-1.380243744288087,-1.2293554683172148,0.05984781616598828,0.05147351886568591,0.9658700749691373,0.766057231317321,-0.659774975096418,-0.6474816870914448,-1.8648075149578207
2021-12-21,-1.4356042773036395,-1.171851319806044,-0.23561196233887094,0.962300713762075,0.3817827062507982,0.1420986879431707,-1.0311281446435547,-0.20443117922176018,-1.8203971047519572
2021-12-23,-0.9004524581533007,-0.6543139832055084,-0.30314562599712447,-0.039609200623953005,0.8407084959580646,0.6443092228540624,-0.9073437547945099,0.2386193286479245,1.4659732504849181
2021-12-24,-0.9189059691584844,-0.7501542307241261,-0.26515794018935684,0.5979698358035194,0.6738263906099677,0.7051832270857004,-0.659774975096418,0.2386193286479245,0.17807135451376696
2021-12-26,-1.5278718323295601,-1.9960774484661565,-0.18918256857382162,0.05147351886568591,1.0075906013061615,1.9683188148918929,1.320775262488306,0.6816698365176094,3.686493760780111
2021-12-27,-2.2475587615317405,-2.34110233953318,-0.2820413561039202,0.32472167733460267,0.8407084959580646,2.2118148318183755,0.02103916907332968,1.124720344387294,0.7109962769845325
2021-12-28,-1.7124069423814012,-1.9002372009475388,-0.3284707498689695,-0.31285735909286977,0.8824290222950889,1.8009153032549405,0.3923923386204664,1.5677708522569789,-1.198651361869212
2021-12-29,-1.1403481012206935,-1.0568430227837025,-0.33691245782625123,-0.31285735909286977,-0.11886360979349253,1.6182932905600613,-0.41220619539832837,1.124720344387294,-0.5324952087807553
2021-12-30,-0.9927200131792212,-1.133515220798597,-0.33691245782625123,-0.039609200623953005,-0.7029509785118317,1.8313523053707248,0.3305001436959429,0.6816698365176094,0.6221754565727046
2022-01-01,-1.380243744288087,-1.09517912179115,-0.33691245782625123,-0.13069192011359193,0.0062979692175801445,1.8009153032549405,-1.093020339568076,0.2386193286479245,-0.08839110672161579
2022-01-02,-0.8819989471481163,-1.171851319806044,-0.33691245782625123,-0.039609200623953005,-2.413492558329825,1.5117637831547124,0.8256377030921244,-0.20443117922176018,-0.8433680802221025
2022-01-03,-1.158801612225878,-0.9801708247688086,-0.33691245782625123,0.14255623835532483,-1.704243610600413,1.2987047683440316,-0.7216671700209415,-0.6474816870914448,-0.6213160291925327
2022-01-04,-0.9742665021740369,-0.9034986267539146,-0.33691245782625123,-0.22177463960323085,-0.7863920311858802,1.0704272524754412,-0.35031400047380484,-1.0905321949611295,-0.6657264393984467
2022-01-06,-0.5867427710651704,-0.7309861812204023,-0.33691245782625123,0.23363895784496375,-0.577789399500759,1.0095532482438208,0.3923923386204664,-1.5335827028308142,-0.17721192713349418
2022-01-07,-1.048080546194773,-0.9418347257613615,-0.33691245782625123,0.14255623835532483,-0.7029509785118317,1.3747972736335616,-0.47409839032284967,-1.5335827028308142,1.0662795586317937
2022-01-08,-1.2141621452414304,-1.171851319806044,-0.33691245782625123,-0.22177463960323085,-1.4121999262412435,1.207393761996592,-0.2884218055492835,-1.5335827028308142,-0.4880847985748413
2022-01-09,-1.2326156562466142,-1.0376749732799793,-0.33691245782625123,0.14255623835532483,0.08973902189162859,0.8573682376647604,-0.7835593649454629,-1.5335827028308142,-1.0210097210456572
2022-01-10,-1.0849875682051418,-1.0760110722874263,-0.33691245782625123,-0.13069192011359193,0.4235032325878224,0.7508387302594114,-0.16463741570023868,-1.5335827028308142,-0.31044315775123604
2022-01-11,-1.4725112993140077,-1.6127164583916855,-0.2862622100825611,-0.6771882370514254,-0.9949946628710012,1.1617382588228808,0.2686079487714215,-1.0905321949611295,1.1995107892495354
2022-01-12,-1.638592898360665,-1.4210359633544503,-0.33691245782625123,-0.4950227980721476,0.6738263906099677,1.2682677662282127,-0.9073437547945099,-1.0905321949611295,0.3113025851314078
2022-01-14,-1.7493139643917692,-1.2868596168283852,-0.33691245782625123,-0.22177463960323085,0.6738263906099677,1.2378307641124109,-1.7119422888133036,-1.0905321949611295,-0.08839110672166628
2022-01-15,-1.2879761892621666,-1.0760110722874263,-0.33691245782625123,0.4158043968242416,0.0062979692175801445,1.1465197577649713,-0.8454515598699863,-1.0905321949611295,-0.26603274754532213
2022-01-16,-1.048080546194773,-0.9034986267539146,-0.33691245782625123,0.4158043968242416,-0.36918676781563786,1.1921752609386824,-0.5978827801718944,-1.0905321949611295,0.1336609443078025
2022-01-17,-1.5463253433347444,-0.9610027752650847,-0.33691245782625123,0.5979698358035194,0.5903853379359193,1.2378307641124109,-2.0832954583604413,-1.0905321949611295,0.133660944307853
2022-01-18,-1.5647788543399281,-1.210187418813491,-0.3284707498689695,0.4158043968242416,0.8824290222950889,1.2682677662282127,-1.3405891192661679,-0.6474816870914448,0.08925053410188855
2022-01-19,-1.195708634236246,-1.382699864347003,-0.33691245782625123,-0.6771882370514254,-0.7863920311858802,1.0247717493017128,0.4542845335449888,-1.0905321949611295,-0.7101368496043606
2022-01-20,-1.1034410792103255,-1.2868596168283852,-0.33691245782625123,-0.4039400785825087,-0.577789399500759,0.8878052397805621,0.4542845335449888,-1.0905321949611295,-0.39926397816301346
2022-01-21,-1.3064297002673508,-1.0760110722874263,-0.33691245782625123,0.23363895784496375,0.04801849555460437,0.766057231317321,-0.9073437547945099,-1.0905321949611295,-0.35485356795709955
2022-01-22,-1.6570464093658488,-1.0185069237762554,-0.2735996481466385,1.2355488722309917,1.09103165398021,0.26384669640641195,-2.2689720431340072,-0.6474816870914448,-1.4651138231047462
2022-01-23,-0.9189059691584844,-0.8843305772501908,-0.3326916038476104,0.5979698358035194,0.7989879696210405,0.08122468371155012,-0.22652961062475999,-0.20443117922176018,-0.5324952087807048
2022-01-24,-0.9189059691584844,-0.6351459337017846,-0.29470391803984275,0.962300713762075,0.7572674432840162,0.26384669640641195,-1.0311281446435547,0.2386193286479245,0.5333546361609272
2022-01-25,-1.0849875682051418,-0.8843305772501908,-0.33691245782625123,0.4158043968242416,0.3817827062507982,0.6290907217961702,-0.7835593649454651,-0.20443117922176018,1.066279558631844
2022-01-29,-1.2141621452414304,-1.1143471712948732,-0.3326916038476104,0.32472167733460267,0.8407084959580646,0.2790651974643214,-0.47409839032285184,0.2386193286479245,-1.0210097210457079
2022-01-30,-1.2510691672517984,-1.7085567059103033,-0.33691245782625123,-1.223684553989259,-0.41090729415266214,0.7508387302594114,1.320775262488306,0.2386193286479245,1.3771524300731408
2022-02-01,-2.044570140474715,-1.7660608544214738,-0.2862622100825611,0.5979698358035194,0.8824290222950889,0.9334607429542906,-1.1549125344926006,0.6816698365176094,0.5333546361609777
2022-02-02,-1.8046744974073217,-1.459372062361897,-0.29470391803984275,0.962300713762075,1.257913759328307,0.9334607429542906,-1.3405891192661679,0.6816698365176094,0.00042971369011113775
2022-02-03,-2.2660122725369245,-1.9960774484661565,-0.29470391803984275,0.6890525552931583,1.0493111276431857,0.9334607429542906,-1.1549125344925995,0.6816698365176094,0.00042971369011113775
2022-02-04,-1.5278718323295601,-1.9577413494587093,-0.33691245782625123,-0.7682709565410644,-0.11886360979349253,1.3443602715177427,1.19699087263926,0.2386193286479245,1.199510789249485
2022-02-05,-1.675499920371033,-1.7085567059103033,-0.33691245782625123,-0.7682709565410644,0.7989879696210405,1.6487302926758631,-0.10274522077571516,0.2386193286479245,0.8886379178081882
2022-02-06,-1.5832323653451126,-1.4402040128581737,-0.33691245782625123,-0.22177463960323085,0.7989879696210405,1.4356712778651823,-0.6597749750964191,-0.20443117922176018,-0.6213160291925327
2022-02-09,-1.7308604533865855,-1.3060276663321086,-0.33691245782625123,-0.039609200623953005,0.8407084959580646,0.9943347471859112,-1.5881578989642597,-0.20443117922176018,-1.2874721822810906
2022-02-10,-1.6016858763502964,-1.2868596168283852,-0.33691245782625123,0.32472167733460267,0.9241495486321131,0.7812757323752304,-1.216804729417122,-0.6474816870914448,-0.6213160291925327
2022-02-11,-0.8819989471481163,-1.1143471712948732,-0.33691245782625123,0.32472167733460267,-0.9532741365339771,0.6899647260277908,0.6399611183185561,-1.0905321949611295,-0.26603274754532213
2022-02-12,-1.0111735241844049,-0.9801708247688086,-0.33691245782625123,0.5068871163138805,0.5069442852618709,0.5225612143908211,-0.22652961062475999,-1.5335827028308142,-0.4880847985748413
2022-02-13,-1.490964810319192,-1.344363765339556,-0.2862622100825611,0.7801352747827972,0.9658700749691373,0.3551577027538515,-0.6597749750964191,-1.0905321949611295,-0.4880847985748413
2022-02-14,-1.0111735241844049,-1.5360442603767914,-0.2862622100825611,-0.22177463960323085,-0.36918676781563786,0.7204017281435925,1.5683440421863968,-0.6474816870914448,1.0662795586317937
2022-02-15,-0.9189059691584844,-1.210187418813491,-0.33691245782625123,-0.039609200623953005,-0.6195099258377832,0.7964942334331225,0.8256377030921244,-0.6474816870914448,0.2224817647196304
2022-02-16,-1.5278718323295601,-1.2485235178209382,-0.33691245782625123,-0.039609200623953005,0.2566211272397255,0.5225612143908211,-1.093020339568077,-0.6474816870914448,-0.798957670016138
2022-02-17,-1.823128008412506,-1.3635318148432793,-0.16807829868061738,0.7801352747827972,0.8407084959580646,0.3551577027538515,-1.7119422888133047,-0.20443117922176018,-0.4880847985748413
2022-02-19,-2.0076631184643468,-2.3794384385406273,0.5621294396242489,1.3266315917206308,0.9241495486321131,0.6747462249698813,0.9494220929411703,0.2386193286479245,0.9330483280141022
2022-02-20,-3.1333272897805773,-2.7052952801039276,1.4949381689038757,1.5087970306999086,1.2161932329912828,1.2530492651703031,-1.773834483737826,0.6816698365176094,1.6880253015144375
2022-02-21,-3.077966756765025,-2.801135527622545,1.4907173149252346,1.5998797501895474,1.3413548120023553,1.4508897789230917,-1.2786969243416455,0.6816698365176094,0.5777650463668916
2022-02-22,-2.690443025656159,-2.4752786860592453,1.3472082796514462,1.6909624696791865,1.3413548120023553,1.4356712778651823,-1.0311281446435547,0.6816698365176094,-0.04398069651580282
2022-02-23,-1.9523025854487948,-2.436942587051798,0.12738147982424178,-0.039609200623953005,0.4235032325878224,1.7856968021970137,1.320775262488305,1.124720344387294,1.0218691484258797
2022-02-24,-2.192198228516188,-2.187757943503392,-0.33691245782625123,-0.4950227980721476,-0.32746624147861364,2.074848322297242,-0.28842180554928243,1.124720344387294,0.8442275076023248
2022-02-25,-1.2326156562466142,-1.9002372009475388,-0.33691245782625123,-0.6771882370514254,-0.9532741365339771,1.8161338043128328,2.0015894066580557,0.6816698365176094,-0.7545472598102746
2022-02-26,-0.9927200131792212,-1.6318845078954092,-0.33691245782625123,-0.13069192011359193,-1.87112571594851,1.4204527768072728,1.9396972117335312,0.2386193286479245,-1.1542409516633991
2022-02-27,-0.9373594801636688,-1.4018679138507264,-0.33691245782625123,0.14255623835532483,-1.5790820315893404,1.0704272524754412,1.3826674574128273,-0.20443117922176018,-1.0210097210456572
2022-02-28,-0.7897313921221958,-1.09517912179115,-0.33691245782625123,-0.6771882370514254,0.13145954822865283,0.9182422418963812,0.887529898016648,-0.6474816870914448,-0.4436743883689274
2022-03-01,-0.08849797392519954,-0.5776417851906138,-0.33691245782625123,-0.039609200623953005,-0.4943483468267106,0.6595277239119719,1.5683440421863957,-1.0905321949611295,-0.7545472598102746
2022-03-02,-0.12540499593556761,-0.7693222802278492,-0.33691245782625123,0.5068871163138805,-0.8698330838599286,0.7051832270857004,2.063481601582577,-1.5335827028308142,0.133660944307853
2022-03-03,-0.7712778811170115,-0.9034986267539146,-0.33691245782625123,-0.13069192011359193,-0.4943483468267106,0.7051832270857004,0.33050014369594505,-1.5335827028308142,0.00042971369011113775
2022-03-04,-0.03313744090964708,-0.6351459337017846,-0.33691245782625123,-0.039609200623953005,-1.4121999262412435,0.30950219958014036,1.9396972117335323,-1.5335827028308142,-1.1542409516633991
2022-03-05,-0.4022076610133292,-0.8076583792352969,-0.33691245782625123,0.5979698358035194,-1.2035972945561224,0.1420986879431707,1.2588830675637845,-1.5335827028308142,-0.4880847985748413
2022-03-06,-1.0111735241844049,-0.865162527746467,-0.33691245782625123,-0.039609200623953005,0.6738263906099677,0.47690571121711006,-0.5978827801718967,-1.5335827028308142,0.9774587382200162
2022-03-07,-0.4022076610133292,-1.0185069237762554,-0.13431146685149065,-0.6771882370514254,-0.2440251888045652,0.7051832270857004,1.9396972117335323,-1.0905321949611295,0.666585866778669
2022-03-08,-0.9558129911688524,-1.3635318148432793,-0.33691245782625123,-2.225594468375287,-2.246610452981728,0.8573682376647604,1.196990872639261,-1.0905321949611295,0.44453381574914974
2022-03-09,-0.4575681940288817,-1.344363765339556,-0.33691245782625123,-1.8612635904167314,-2.246610452981728,0.7051832270857004,2.8061879406768493,-1.0905321949611295,-0.4436743883689274
2022-03-10,-0.32839361699259306,-0.8076583792352969,-0.33691245782625123,-1.5880154319478146,-1.704243610600413,0.4921242122750022,1.5064518472618742,-1.0905321949611295,-0.6213160291925832
2022-03-11,0.022223092105904722,-0.6351459337017846,-0.33691245782625123,-0.5861055175617865,-1.1618767682190982,0.2181911932327008,2.1253737965070987,-1.0905321949611295,-0.798957670016138
2022-03-12,-0.143858506940752,-0.4434654386645491,-0.33691245782625123,-0.8593536760307032,-0.6195099258377832,0.1573171890010802,0.9494220929411692,-1.0905321949611295,-0.17721192713349418
2022-03-13,0.1698511801473777,-0.2134488446198667,-0.3326916038476104,-0.22177463960323085,-0.8698330838599286,0.035569180537821675,1.2588830675637823,-0.6474816870914448,-0.35485356795715
2022-03-14,0.40974682321477124,-0.13677664660497282,-0.33691245782625123,0.05147351886568591,-1.5790820315893404,-0.10139732898332902,1.8159128218844875,-1.0905321949611295,-0.39926397816301346
2022-03-15,0.29902575718366636,-0.1942807951161429,-0.33691245782625123,0.23363895784496375,-1.0367151892080255,-0.2688008406202987,1.630236237110917,-1.0905321949611295,-0.4880847985748413
2022-03-18,0.3543862901992188,-0.15594469610869596,-0.33691245782625123,0.5979698358035194,-0.2857457151415894,-0.573170861778419,1.6921284320354404,-1.0905321949611295,-0.887778490427966
2022-03-19,-0.18076552895112008,0.0357357989285395,-0.33691245782625123,0.6890525552931583,0.29834165357674974,-0.4057673501414494,-0.7216671700209415,-1.0905321949611295,0.4889442259550637
2022-03-23,-0.9558129911688524,-1.1143471712948732,1.976115522468932,1.5087970306999086,0.9658700749691373,0.32472070063804986,0.3923923386204664,-0.6474816870914448,2.1321294035735265
2022-03-24,-1.5278718323295601,-1.1143471712948732,-0.260937086210716,1.2355488722309917,1.0493111276431857,0.26384669640641195,-1.5262657040397363,-0.20443117922176018,-0.17721192713354467
2022-03-25,-0.014683929904463364,-0.7693222802278492,-0.30736647997576527,1.1444661527413529,1.0075906013061615,-0.3296748448519193,2.4348347711297116,-0.20443117922176018,-1.731576284340129
2022-03-26,0.3543862901992188,0.5341050860253512,-0.3326916038476104,0.7801352747827972,0.8407084959580646,-0.3296748448519193,-0.5359905852473732,0.2386193286479245,0.00042971369011113775
2022-03-28,-1.3986972552932715,-1.09517912179115,0.942006297701925,1.053383433251714,0.8407084959580646,0.7356202292015019,-1.1549125344925995,0.6816698365176094,3.109158428103381
2022-03-29,-1.0296270351895893,-0.9034986267539146,-0.3326916038476104,0.4158043968242416,0.7572674432840162,0.7051832270857004,-0.5359905852473732,1.124720344387294,-0.08839110672166628
2022-03-30,-0.12540499593556761,-0.5009695871757199,-0.33691245782625123,-0.31285735909286977,0.5903853379359193,0.5073427133329117,1.196990872639261,1.124720344387294,-0.5769056189866693
2022-04-01,-0.8819989471481163,-1.2293554683172148,-0.315808187933047,0.5068871163138805,0.9241495486321131,1.207393761996592,1.0113142878656927,1.124720344387294,2.0433085831616986
2022-04-02,-1.9707560964539785,-1.6127164583916855,-0.2820413561039202,-0.13069192011359193,0.8407084959580646,1.6182932905600613,-1.4024813141906893,1.124720344387294,1.1995107892495354
2022-04-03,-0.5313822380496185,-1.3251957158358325,-0.33691245782625123,-2.134511748885648,-1.495640978915292,1.4508897789230917,2.496726966054235,0.6816698365176094,-0.4880847985748413
2022-04-04,-0.21767255096148816,-1.0185069237762554,-0.33691245782625123,-2.225594468375287,-2.6220951900149463,1.4661082799810012,2.5586191609787585,0.2386193286479245,0.04484012389602509
2022-04-05,0.022223092105904722,-0.7693222802278492,-0.33691245782625123,-1.223684553989259,-2.1214488739706554,1.131301256707062,2.5586191609787563,-0.20443117922176018,-0.9765993108397938
2022-04-06,-0.10695148493038391,-0.5201376366794437,-0.33691245782625123,-0.6771882370514254,-2.2048899266447037,0.766057231317321,1.320775262488306,-0.6474816870914448,-1.0654201312515712
2022-04-07,-0.014683929904463364,-0.4051293396571022,-0.33691245782625123,-0.8593536760307032,-2.038007821296607,0.6443092228540624,1.2588830675637823,-0.6474816870914448,-0.35485356795715
2022-04-08,0.4282003342199556,-0.30928909213848443,-0.33691245782625123,-2.498842626844204,-2.4969336110038736,0.47690571121711006,2.434834771129714,-1.0905321949611295,-0.48808479857479087
2022-04-09,0.151397669142194,-0.3476251911459314,-0.33691245782625123,-1.13260183449962,-2.5386541373408975,0.18775419111688185,1.6302362371109191,-1.5335827028308142,-0.8433680802221025
2022-04-10,0.3174792681888507,-0.30928909213848443,-0.33691245782625123,-0.9504363955203422,-2.288330979318752,-0.025304823693798936,2.063481601582577,-1.5335827028308142,-0.6213160291925327
2022-04-11,0.6496424662821648,0.09323994743971027,-0.33691245782625123,-0.31285735909286977,-0.7863920311858802,-0.23836383850447973,1.8778050168090088,-1.5335827028308142,-0.6213160291925327
2022-04-12,0.6311889552769804,0.16991214545460417,-0.33691245782625123,-0.039609200623953005,-1.5373615052523162,-0.5579523607205096,1.5683440421863957,-1.5335827028308142,-0.9321889006338799
2022-04-14,0.1883046911525621,0.16991214545460417,-0.33691245782625123,-0.7682709565410644,-1.3287588735671951,-0.6340448660100396,0.0829313639978532,-1.5335827028308142,-0.22162233733940814
2022-04-17,-0.34684712799777745,-0.5584737356868906,-0.3200290419116878,-0.4950227980721476,0.715546916946992,0.46168721015920056,0.6399611183185561,-1.0905321949611295,3.1979792485152085
2022-04-19,-1.048080546194773,-0.5776417851906138,-0.30314562599712447,0.5068871163138805,0.8407084959580646,0.7204017281435925,-1.650050093888781,-0.6474816870914448,0.7554066871904465
2022-04-20,-0.21767255096148816,-0.4434654386645491,-0.33691245782625123,-0.22177463960323085,0.7572674432840162,0.4312502080433816,0.7018533132430795,-0.6474816870914448,-0.843368080222052
2022-04-21,0.29902575718366636,-0.13677664660497282,-0.33691245782625123,0.05147351886568591,0.6321058642729436,0.11166168582735177,1.4445596523373507,-0.6474816870914448,-0.9321889006338799
2022-04-22,0.07758362512145718,0.2465843434694981,-0.33691245782625123,0.5979698358035194,0.7989879696210405,-0.04052332475170842,-0.5359905852473732,-0.6474816870914448,-0.4436743883689274
2022-04-24,0.760363532313269,0.5341050860253512,-0.33691245782625123,0.14255623835532483,0.5069442852618709,-0.49707835648888893,0.8256377030921244,-0.6474816870914448,-1.3318825924870046
2022-04-25,0.8526310873391896,0.8024577790774813,-0.33691245782625123,0.14255623835532483,0.46522375892484663,-0.6036078638942207,0.26860794877141936,-0.6474816870914448,-0.3104431577511856
2022-04-26,0.5573749112562443,0.7832897295737575,-0.33691245782625123,0.23363895784496375,0.8407084959580646,-0.6492633670679492,-0.659774975096418,-1.0905321949611295,-0.1328015169276307
2022-04-27,0.8895381093495583,0.7641216800700343,-0.33691245782625123,0.05147351886568591,-0.2857457151415894,-0.4818598554309795,0.5161767284695112,-1.5335827028308142,0.4889442259550637
2022-04-28,0.8895381093495583,0.898298026596099,-0.33691245782625123,0.14255623835532483,-0.32746624147861364,-0.2688008406202987,0.0829313639978532,-1.5335827028308142,0.6221754565727551
2022-04-29,0.9633521533702945,0.7832897295737575,-0.33691245782625123,0.14255623835532483,0.13145954822865283,-0.23836383850447973,0.7018533132430795,-1.5335827028308142,0.08925053410193905
2022-04-30,0.0037695811007210068,0.4190967890030104,-0.315808187933047,0.6890525552931583,0.6321058642729436,-0.04052332475170842,-1.3405891192661679,-1.0905321949611295,0.5777650463668411
2022-05-01,-0.4022076610133292,-0.9610027752650847,1.0306442312533828,1.053383433251714,1.09103165398021,0.005132178422020021,1.7540206269599639,-0.6474816870914448,0.133660944307853
2022-05-02,-1.0111735241844049,-1.09517912179115,0.6507673731757067,0.5979698358035194,1.0493111276431857,0.30950219958014036,0.14482355892237672,-0.20443117922176018,0.8886379178081882
2022-05-03,-0.03313744090964708,-0.6351459337017846,-0.33691245782625123,-1.4058499929685369,-0.2857457151415894,0.4921242122750022,1.9396972117335323,-0.20443117922176018,0.5333546361609272
2022-05-04,0.3174792681888507,-0.09844054759752519,-0.33691245782625123,-1.3147672734788978,-0.8281125575229044,0.26384669640641195,1.3826674574128273,-0.20443117922176018,-0.6657264393984467
2022-05-05,0.46510735623032373,0.20824824446205112,-0.33691245782625123,-0.4039400785825087,0.34006217991377397,0.005132178422020021,0.887529898016648,-0.20443117922176018,-0.7545472598102241
2022-05-06,0.3912933122095869,0.2465843434694981,-0.33691245782625123,-0.13069192011359193,0.21490060090270127,-0.025304823693798936,0.5161767284695112,-0.20443117922176018,-0.08839110672171677
2022-05-07,0.5389214002510598,0.2849204424769457,-0.30314562599712447,-0.039609200623953005,0.715546916946992,0.06600618265364064,0.8875298980166457,-0.20443117922176018,0.26689217492554435
2022-05-10,0.1698511801473777,0.43826483850673353,-0.2778205021252794,0.962300713762075,0.8407084959580646,-0.436204352257251,-0.8454515598699863,-0.20443117922176018,-1.4651138231046958
2022-05-11,-0.16231201794593636,0.3999287394992866,2.254691885059228,1.5998797501895474,0.9658700749691373,-0.7253558723574792,-1.8357266786623494,-0.20443117922176018,-0.8433680802221025
2022-05-12,0.040676603111089095,0.47660093751418114,4.875842205795193,1.2355488722309917,1.1744727066542584,-0.9992888913997806,-1.4024813141906913,0.2386193286479245,-0.798957670016138
2022-05-13,0.022223092105904722,0.4190967890030104,4.183622153298094,1.3266315917206308,1.0075906013061615,-1.1210368998630218,-1.2786969243416466,0.6816698365176094,-0.35485356795709955
2022-05-14,-0.05159095191483145,0.2657523929732219,-0.12586975889420893,1.4177143112102697,0.8824290222950889,-0.6644818681258413,-1.0311281446435547,1.124720344387294,1.3327420198672268
2022-05-15,-0.34684712799777745,-0.2517849436273137,0.7689512845776503,1.2355488722309917,0.9658700749691373,-0.4209858511993589,-0.350314000473807,1.5677708522569789,0.7109962769845325
2022-05-16,-1.1034410792103255,-0.6351459337017846,-0.13853232083013148,0.6890525552931583,0.715546916946992,-0.025304823693798936,-1.650050093888781,1.5677708522569789,1.1551003790436216
2022-05-17,-0.08849797392519954,-0.48180153767199607,-0.33691245782625123,-0.4950227980721476,-0.03542255711944408,0.1573171890010802,1.2588830675637823,1.124720344387294,0.5333546361609777
2022-05-18,0.05913011411627346,-0.04093639908635509,-0.33691245782625123,-2.3166771878649257,0.13145954822865283,0.18775419111688185,0.33050014369594505,0.6816698365176094,0.08925053410188855
2022-05-19,0.5942819332666124,0.2657523929732219,-0.33691245782625123,-1.223684553989259,0.3817827062507982,-0.10139732898332902,1.1350986777147376,0.2386193286479245,-0.843368080222052
2022-05-20,0.760363532313269,0.45743288801045734,-0.33691245782625123,-0.13069192011359193,-0.5360688731637347,-0.5122968575467811,1.0732064827902141,-0.20443117922176018,-1.1986513618692627
2022-05-21,0.7234565103029009,0.47660093751418114,-0.33691245782625123,0.05147351886568591,0.17318007456567705,-0.7253558723574792,0.8875298980166457,-0.6474816870914448,-0.6213160291925832
2022-05-22,0.07758362512145718,0.38076068999556345,-0.31158733395440613,0.5068871163138805,0.8407084959580646,-0.8014483776470093,-0.9692359497190334,-0.6474816870914448,-0.22162233733940814
2022-05-23,-0.36530063900296117,0.189080194958328,0.13582318778152344,1.1444661527413529,0.8824290222950889,-0.7557928744732809,-1.8357266786623494,-0.6474816870914448,0.133660944307853
2022-05-24,-0.32839361699259306,0.30408849198066884,0.0978355019737559,1.4177143112102697,1.0075906013061615,-0.5122968575467811,-2.083295458360439,-0.20443117922176018,0.710996276984583
2022-05-25,0.11449064713182526,0.32325654148439265,-0.2820413561039202,1.2355488722309917,0.9241495486321131,-0.7405743734153714,-0.6597749750964202,0.2386193286479245,-0.6657264393984467
2022-05-26,0.3359327791940351,0.5724411850327988,-0.23561196233887094,0.962300713762075,0.7572674432840162,-1.1971294051525518,-0.7216671700209415,0.6816698365176094,-1.3318825924870046
2022-05-27,0.3174792681888507,0.7641216800700343,0.7056384748980377,1.053383433251714,0.8407084959580646,-1.2580034093841899,-1.4024813141906913,1.124720344387294,-0.17721192713354467
2022-05-31,0.7234565103029009,1.0133063236184399,-0.3326916038476104,0.4158043968242416,0.7989879696210405,-0.8775408829365394,-0.8454515598699863,1.5677708522569789,1.1106899688377077
2022-06-01,0.760363532313269,0.936634125603546,-0.2862622100825611,0.32472167733460267,0.8407084959580646,-0.831885379762811,-0.47409839032285184,1.5677708522569789,0.133660944307853
2022-06-02,0.7788170433184534,0.7449536305663105,0.1653691656320094,0.23363895784496375,0.715546916946992,-0.9688518892839617,0.20671575384689803,1.5677708522569789,-0.39926397816301346
2022-06-03,0.8157240653288215,1.1283146206407815,-0.26937879416799765,0.32472167733460267,0.7572674432840162,-1.0601628956314013,-0.9073437547945099,1.5677708522569789,-0.26603274754532213
2022-06-06,0.7050029992977173,1.0516424226258876,-0.23139110836023008,0.5068871163138805,0.8407084959580646,-1.3645329167895215,-1.0311281446435547,1.5677708522569789,-0.887778490427966
2022-06-07,0.5204678892458762,0.47660093751418114,1.0897361869543545,0.7801352747827972,0.7572674432840162,-1.227566407268371,0.20671575384689803,1.5677708522569789,0.4001234055432357
2022-06-08,0.22521171316293018,0.4957689870179043,2.4488511680767067,1.4177143112102697,0.7572674432840162,-1.0601628956314013,-0.8454515598699863,1.5677708522569789,0.4889442259550637
2022-06-09,0.2067582021577458,0.5532731355290751,0.8744726340436715,1.1444661527413529,0.8407084959580646,-1.0753813966893107,-1.0930203395680782,1.5677708522569789,-0.04398069651580282
2022-06-10,0.09603713612664155,0.5532731355290751,0.752067868663087,1.3266315917206308,0.8407084959580646,-1.0905998977472202,-1.4643735091152128,1.5677708522569789,-0.04398069651580282
2022-06-11,0.4282003342199556,0.6107772840402459,1.6679931820281502,1.053383433251714,0.8407084959580646,-0.907977885052341,-0.5359905852473732,1.5677708522569789,0.5333546361609777
2022-06-12,0.6496424662821648,0.6682814325514166,-0.22717025438158922,0.5979698358035194,0.8407084959580646,-0.8471038808207204,0.02103916907332968,1.5677708522569789,0.17807135451371647
2022-06-13,0.7050029992977173,1.1474826701445053,-0.33691245782625123,0.23363895784496375,0.7989879696210405,-0.93841488716816,-1.3405891192661679,1.124720344387294,-0.26603274754532213
2022-06-14,0.46510735623032373,0.5149370365216281,1.4696130450320304,0.8712179942724362,0.8407084959580646,-0.8471038808207204,-0.10274522077571516,1.124720344387294,0.26689217492554435
2022-06-15,0.6865494882925329,0.36159264049183965,0.12738147982424178,0.962300713762075,0.8407084959580646,-0.5122968575467811,1.1350986777147376,1.124720344387294,0.9774587382200162
2022-06-16,0.6865494882925329,0.4190967890030104,-0.22717025438158922,0.5979698358035194,0.8407084959580646,-0.5579523607205096,0.9494220929411692,1.124720344387294,-0.1328015169276307
2022-06-17,0.7788170433184534,1.1283146206407815,-0.29470391803984275,0.14255623835532483,0.8407084959580646,-0.7557928744732809,-1.0311281446435547,1.124720344387294,-0.5769056189866187
2022-06-18,0.5573749112562443,1.0324743731221637,-0.2820413561039202,0.32472167733460267,0.8407084959580646,-0.8775408829365394,-1.4643735091152128,1.124720344387294,-0.35485356795715
2022-06-19,0.760363532313269,1.1283146206407815,-0.3326916038476104,0.32472167733460267,0.8407084959580646,-0.9840703903418712,-1.0930203395680782,1.124720344387294,-0.3104431577511856
2022-06-20,0.6680959772873485,1.0516424226258876,-0.21872854642430756,0.23363895784496375,0.8407084959580646,-1.1819109040946598,-1.1549125344926017,1.5677708522569789,-0.5769056189866693
2022-06-22,0.9264451313599265,1.1474826701445053,-0.33691245782625123,0.05147351886568591,0.715546916946992,-0.4514228533151605,-0.5978827801718967,1.124720344387294,2.1321294035735265
2022-06-23,1.295515351463608,1.1091465711370576,-0.33691245782625123,-0.31285735909286977,-0.5360688731637347,-0.3296748448519193,0.7637455081676009,0.6816698365176094,0.35571299533732176
2022-06-24,1.2217013074428718,1.0899785216333344,-0.33691245782625123,-0.4039400785825087,-0.20230466246754097,-0.6036078638942207,0.5780689233940325,0.2386193286479245,-0.798957670016138
2022-06-25,1.1109802414117669,1.0708104721296106,-0.33691245782625123,-0.31285735909286977,0.08973902189162859,-0.7253558723574792,0.26860794877141936,-0.20443117922176018,-0.35485356795715
2022-06-26,1.3139688624687922,0.898298026596099,-0.3242498958903287,-0.31285735909286977,0.08973902189162859,-0.49707835648888893,1.5064518472618722,-0.20443117922176018,0.666585866778669
2022-06-27,1.2217013074428718,1.0899785216333344,-0.3326916038476104,-0.4039400785825087,0.21490060090270127,-0.6797003691837508,0.5780689233940325,-0.20443117922176018,-0.5324952087807048
2022-06-28,1.4062364174947128,1.1666507196482283,-0.33691245782625123,-0.5861055175617865,-0.36918676781563786,-1.1362554009209314,0.9494220929411692,-0.6474816870914448,-1.3318825924870046
2022-06-29,1.3139688624687922,1.1474826701445053,-0.30736647997576527,0.05147351886568591,0.5903853379359193,-1.4862809252527802,0.7018533132430774,-0.20443117922176018,-1.0210097210457079
2022-06-30,0.5204678892458762,0.7257855810625867,2.402421774311658,1.053383433251714,0.8824290222950889,-1.5014994263106722,-0.5978827801718944,0.2386193286479245,-0.04398069651575233
2022-07-01,0.5389214002510598,0.629945333543969,2.322225548717481,0.6890525552931583,0.8407084959580646,-1.8058694474687926,-0.22652961062475999,0.6816698365176094,-0.887778490427966
2022-07-02,0.29902575718366636,0.6682814325514166,2.7189858227097212,1.053383433251714,0.9241495486321131,-2.0493654643952923,-1.1549125344926017,1.124720344387294,-0.7101368496043606
2022-07-03,0.6496424662821648,1.1666507196482283,-0.33691245782625123,0.4158043968242416,0.8407084959580646,-1.6841214390055514,-1.5881578989642575,0.6816698365176094,1.0662795586317937
2022-07-04,0.4835608672355074,1.1091465711370576,-0.3200290419116878,0.5068871163138805,0.8407084959580646,-1.5775919316002023,-1.9595110685113943,0.6816698365176094,0.3113025851314583
2022-07-05,0.5389214002510598,1.2049868186556754,-0.3284707498689695,0.4158043968242416,0.8407084959580646,-1.273221910442082,-2.083295458360439,1.124720344387294,0.8886379178081882
2022-07-06,0.6496424662821648,1.1283146206407815,-0.315808187933047,0.32472167733460267,0.8407084959580646,-1.0449443945734918,-1.4643735091152128,1.124720344387294,0.666585866778669
2022-07-07,0.8895381093495583,0.9749702246109929,0.21601941337569952,0.7801352747827972,0.7989879696210405,-0.8014483776470093,-0.16463741570023646,1.124720344387294,0.7109962769845325
2022-07-11,1.5354109945310022,1.2241548681593992,-0.33691245782625123,-0.4039400785825087,-1.5790820315893404,-0.8014483776470093,1.196990872639261,0.6816698365176094,0.00042971369011113775
2022-07-12,1.5538645055361864,1.2433229176631229,-0.33691245782625123,-0.4950227980721476,-1.9128462422855343,-0.86232238187863,1.196990872639261,0.2386193286479245,-0.17721192713349418
2022-07-13,1.5538645055361864,1.2049868186556754,-0.33691245782625123,-0.5861055175617865,-1.495640978915292,-1.0145073924576902,1.3207752624883082,0.2386193286479245,-0.4436743883689274
2022-07-14,1.16634077442732,1.2241548681593992,-0.33691245782625123,-0.22177463960323085,0.34006217991377397,-1.0601628956314013,-0.04085302585119164,-0.20443117922176018,-0.13280151692758022
2022-07-15,1.3877829064895284,1.2433229176631229,-0.3284707498689695,-0.039609200623953005,0.715546916946992,-0.9231963861102506,0.6399611183185538,-0.20443117922176018,0.4001234055432357
2022-07-16,1.2032477964376873,1.28165901667057,-0.2735996481466385,-0.039609200623953005,0.5486648115988951,-0.9992888913997806,-0.10274522077571735,-0.20443117922176018,-0.22162233733940814
2022-07-17,1.0740732194013993,1.28165901667057,-0.2862622100825611,-0.13069192011359193,0.715546916946992,-1.0449443945734918,-0.5359905852473732,-0.20443117922176018,-0.13280151692758022
2022-07-18,1.0925267304065838,1.2241548681593992,-0.2229494004029484,0.05147351886568591,0.8407084959580646,-1.1666924030367503,-0.2884218055492813,0.2386193286479245,-0.35485356795715
2022-07-20,1.3693293954843453,1.3583312146854638,-0.31158733395440613,-0.13069192011359193,0.04801849555460437,-0.4209858511993589,0.20671575384690022,0.6816698365176094,2.1765398137793897
2022-07-21,1.5538645055361864,1.1474826701445053,-0.3242498958903287,-0.31285735909286977,-1.1201562418820739,-0.08617882792541955,1.5064518472618742,1.124720344387294,0.9774587382200162
2022-07-22,1.6276785495569226,1.1666507196482283,-0.33691245782625123,-0.4950227980721476,-2.246610452981728,-0.2688008406202987,1.6921284320354426,1.124720344387294,-0.5324952087807553
2022-07-23,1.4985039725206333,1.3583312146854638,-0.33691245782625123,-0.31285735909286977,-1.9962872949595827,-0.5883893628363113,0.6399611183185561,0.6816698365176094,-0.9321889006338294
2022-07-24,1.7199461045828432,1.4158353631966345,-0.33691245782625123,-0.4950227980721476,-1.9128462422855343,-0.831885379762811,1.196990872639261,0.2386193286479245,-0.7101368496043606
2022-07-25,1.6645855715672901,1.4925075612115286,-0.33691245782625123,-0.31285735909286977,-1.5373615052523162,-0.7557928744732809,0.7637455081676009,-0.20443117922176018,0.2224817647196304
2022-07-26,1.5538645055361864,1.3391631651817406,-0.33691245782625123,-0.5861055175617865,-1.3704793999042193,-0.7405743734153714,0.887529898016648,-0.6474816870914448,0.04484012389602509
2022-07-27,1.3693293954843453,1.319995115678017,-0.33691245782625123,-0.7682709565410644,-1.704243610600413,-0.831885379762811,0.33050014369594505,-1.0905321949611295,-0.26603274754532213
2022-07-28,1.5723180165413695,1.28165901667057,-0.33691245782625123,-0.4039400785825087,-1.7459641369374372,-0.9688518892839617,1.1350986777147354,-1.5335827028308142,-0.39926397816301346
2022-07-29,1.5723180165413695,1.4541714622040816,-0.33691245782625123,-0.31285735909286977,-0.45262782048968636,-1.1971294051525518,0.5780689233940325,-1.5335827028308142,-0.6657264393984467
2022-07-30,0.8157240653288215,0.8407938780849282,-0.23561196233887094,0.32472167733460267,0.715546916946992,-1.2580034093841899,0.02103916907332968,-1.0905321949611295,-0.17721192713354467
2022-07-31,1.3324223734739766,1.1858187691519522,-0.33691245782625123,-0.13069192011359193,-0.8698330838599286,-1.2580034093841899,0.6399611183185561,-1.0905321949611295,0.00042971369011113775
2022-08-01,1.646132060562107,1.3391631651817406,-0.33691245782625123,-0.7682709565410644,-0.8698330838599286,-1.0145073924576902,1.196990872639261,-1.0905321949611295,0.710996276984583
2022-08-02,1.5538645055361864,1.1283146206407815,-0.3284707498689695,-0.6771882370514254,-0.20230466246754097,-0.831885379762811,1.568344042186398,-0.6474816870914448,0.5333546361609777
2022-08-03,0.7419100213080854,0.6682814325514166,1.1361655807194038,0.4158043968242416,0.715546916946992,-0.8927593839944316,0.3305001436959429,-0.20443117922176018,-0.17721192713349418
2022-08-04,0.29902575718366636,0.7257855810625867,0.29199478499123477,0.7801352747827972,0.6321058642729436,-1.227566407268371,-1.3405891192661679,0.2386193286479245,-0.9765993108397938
2022-08-05,0.3359327791940351,0.45743288801045734,6.648600876824348,1.5087970306999086,0.8824290222950889,-0.7557928744732809,-0.35031400047380484,0.6816698365176094,1.3771524300731408
2022-08-06,0.760363532313269,0.7641216800700343,-0.10476548900100471,1.053383433251714,0.5486648115988951,-0.7557928744732809,0.082931363997851,0.6816698365176094,0.00042971369011113775
2022-08-07,1.0740732194013993,1.0516424226258876,-0.21872854642430756,0.4158043968242416,0.13145954822865283,-0.8927593839944316,0.20671575384689803,1.124720344387294,-0.39926397816301346
2022-08-08,0.760363532313269,0.7832897295737575,1.0686319170611502,0.8712179942724362,0.7572674432840162,-0.9536333882260695,0.02103916907332968,1.5677708522569789,-0.17721192713354467
2022-08-09,0.3174792681888507,0.629945333543969,2.7021024067951576,0.962300713762075,0.8407084959580646,-1.3645329167895215,-0.9692359497190312,1.5677708522569789,-1.1986513618692627
2022-08-10,0.5204678892458762,0.7066175315588635,1.760851969558249,1.1444661527413529,0.9241495486321131,-1.2884404114999914,-0.5359905852473732,1.5677708522569789,0.2224817647196304
2022-08-11,0.3728398012044032,0.6491133830476928,0.18647343552521364,1.1444661527413529,0.8407084959580646,-0.7253558723574792,-0.8454515598699863,1.5677708522569789,1.6436148913085236
2022-08-12,0.05913011411627346,0.5341050860253512,2.8709365659407915,1.4177143112102697,0.6738263906099677,-0.573170861778419,-1.526265704039734,1.5677708522569789,0.44453381574914974
2022-08-13,1.0740732194013993,0.7066175315588635,-0.33691245782625123,0.32472167733460267,-0.45262782048968636,-0.6949188702416602,1.320775262488306,1.124720344387294,-0.35485356795709955
2022-08-14,1.2032477964376873,0.9174660760998221,-0.33691245782625123,0.05147351886568591,-1.704243610600413,-0.8166668787049015,1.0732064827902141,0.6816698365176094,-0.35485356795709955
2022-08-15,1.2586083294532404,1.1474826701445053,-0.33691245782625123,0.05147351886568591,-0.45262782048968636,-0.9688518892839617,0.5161767284695112,0.2386193286479245,-0.4436743883689274
2022-08-16,1.1847942854325044,0.7832897295737575,0.04718525423006571,0.4158043968242416,0.17318007456567705,-1.0601628956314013,1.444559652337353,0.2386193286479245,-0.26603274754532213
2022-08-17,1.0187126863858462,0.7832897295737575,0.9209020278087208,0.7801352747827972,0.6738263906099677,-1.0297258935155995,0.8875298980166457,0.2386193286479245,0.08925053410188855
2022-08-18,0.6680959772873485,0.7832897295737575,0.5958962714533758,0.8712179942724362,0.6738263906099677,-1.0753813966893107,-0.2884218055492835,0.2386193286479245,-0.13280151692758022
2022-08-19,0.9633521533702945,0.8216258285812045,-0.13431146685149065,0.6890525552931583,0.7989879696210405,-1.1666924030367503,0.5780689233940347,0.2386193286479245,-0.26603274754532213
2022-08-20,0.9448986423651101,0.8407938780849282,0.01763927637957982,0.5068871163138805,0.2566211272397255,-0.7710113755311904,0.4542845335449877,0.6816698365176094,1.1551003790436216
2022-08-21,1.129433752416951,0.8599619275886521,-0.2567162322320752,0.5979698358035194,0.13145954822865283,-0.6492633670679492,1.0113142878656907,1.124720344387294,0.35571299533732176
2022-08-22,1.129433752416951,1.1666507196482283,-0.33691245782625123,-0.039609200623953005,-1.1201562418820739,-0.86232238187863,0.02103916907332968,1.124720344387294,-0.6213160291925327
2022-08-23,1.4246899284998973,1.2433229176631229,-0.33691245782625123,-0.039609200623953005,-1.662523084263389,-1.1514739019788407,0.7637455081676009,0.6816698365176094,-0.843368080222052
2022-08-24,1.4985039725206333,0.8216258285812045,-0.10476548900100471,-0.4039400785825087,0.04801849555460437,-1.5623734305423103,2.3729425762051903,0.6816698365176094,-1.198651361869313
2022-08-25,0.5573749112562443,0.5532731355290751,1.6933183058999954,0.6890525552931583,0.7989879696210405,-0.9536333882260695,0.0829313639978532,0.6816698365176094,1.7768461219262652
2022-08-26,1.129433752416951,1.0324743731221637,-0.3326916038476104,0.23363895784496375,-0.07714308345646831,-0.2992378427361003,0.4542845335449877,0.6816698365176094,1.9100773525440071
2022-08-27,1.1478872634221355,1.0133063236184399,-0.33691245782625123,0.05147351886568591,-0.32746624147861364,-0.5122968575467811,0.5780689233940347,0.2386193286479245,-0.6213160291925327
2022-08-28,1.4062364174947128,1.1858187691519522,-0.33691245782625123,0.23363895784496375,-0.45262782048968636,-0.6340448660100396,0.8875298980166457,-0.20443117922176018,-0.35485356795715
2022-08-29,1.4431434395050815,1.2433229176631229,-0.33691245782625123,0.05147351886568591,0.5486648115988951,-0.36011184696772097,0.8256377030921244,-0.20443117922176018,0.7998170973964108
2022-08-30,1.0187126863858462,1.1091465711370576,0.21601941337569952,0.23363895784496375,-0.11886360979349253,-0.573170861778419,-0.16463741570023868,0.2386193286479245,-0.6213160291925832
2022-08-31,0.907991620354742,1.1474826701445053,-0.13853232083013148,0.23363895784496375,0.08973902189162859,-0.8927593839944316,-0.6597749750964202,0.2386193286479245,-0.9321889006338294
2022-09-01,1.129433752416951,0.9174660760998221,-0.21872854642430756,0.05147351886568591,0.13145954822865283,-0.7101373712995698,0.8256377030921244,0.2386193286479245,0.5333546361609272
2022-09-02,1.0187126863858462,0.9941382741147168,-0.33691245782625123,-1.3147672734788978,0.4235032325878224,-1.0145073924576902,0.20671575384689583,-0.20443117922176018,-0.887778490427966
2022-09-03,1.3139688624687922,0.9174660760998221,-0.33691245782625123,-2.134511748885648,-1.5790820315893404,-1.4862809252527802,1.4445596523373507,-0.20443117922176018,-1.3762930026929185
2022-09-04,1.461596950510266,1.0708104721296106,-0.33691245782625123,-2.0434290293960093,-1.7459641369374372,-1.4710624241948707,1.444559652337353,-0.20443117922176018,0.04484012389602509
2022-09-05,1.5723180165413695,1.28165901667057,-0.33691245782625123,-2.3166771878649257,-1.2453178208931466,-1.2427849083262803,1.1350986777147354,-0.20443117922176018,0.666585866778669
2022-09-06,1.4246899284998973,1.2049868186556754,-0.33691245782625123,-1.4969327124581757,-0.7029509785118317,-0.6644818681258413,0.887529898016648,-0.6474816870914448,1.688025301514488
2022-09-07,0.5204678892458762,0.8791299770923752,0.02608098433686148,0.32472167733460267,0.7572674432840162,0.11166168582735177,-1.093020339568076,-0.6474816870914448,2.2653606341911674
2022-09-09,1.2032477964376873,1.0324743731221637,-0.33691245782625123,-2.0434290293960093,-0.9949946628710012,0.08122468371155012,0.7018533132430774,-1.0905321949611295,-0.08839110672166628
2022-09-11,0.9818056643754789,1.0133063236184399,-0.33691245782625123,0.05147351886568591,-1.0367151892080255,-0.5275153586046906,0.02103916907333188,-1.0905321949611295,-1.775986694546043
2022-09-12,1.2770618404584249,1.1666507196482283,-0.33691245782625123,-1.0415191150099812,-1.87112571594851,-0.7862298765890998,0.5161767284695135,-1.0905321949611295,-0.7545472598102746
2022-09-13,1.6830390825724744,1.28165901667057,-0.33691245782625123,-1.9523463099063703,-2.6220951900149463,-0.8014483776470093,1.5064518472618722,-1.0905321949611295,-0.04398069651580282
2022-09-14,1.6092250385517384,1.4350034127003584,-0.33691245782625123,-2.8631735048027593,-2.16316940030768,-0.8471038808207204,0.7637455081676009,-1.0905321949611295,-0.13280151692758022
2022-09-15,1.4246899284998973,1.262490967166846,-0.33691245782625123,-2.3166771878649257,-2.413492558329825,-1.0145073924576902,0.7018533132430795,-1.0905321949611295,-0.4880847985748413
2022-09-18,1.3324223734739766,1.0133063236184399,0.5199208998378405,-0.039609200623953005,-0.6195099258377832,-1.0449443945734918,1.196990872639261,-1.0905321949611295,-0.08839110672166628
2022-09-19,1.0187126863858462,0.7257855810625867,-0.19762427653110332,-0.039609200623953005,0.46522375892484663,-1.0145073924576902,1.0732064827902141,-0.6474816870914448,0.08925053410188855
2022-09-20,0.7234565103029009,0.7832897295737575,-0.18918256857382162,0.14255623835532483,0.4235032325878224,-0.6644818681258413,-0.10274522077571516,-0.20443117922176018,1.0218691484259301
2022-09-21,0.6680959772873485,0.7066175315588635,0.021860130358220653,-0.4950227980721476,0.13145954822865283,-0.2840193416781909,-0.04085302585119384,0.2386193286479245,1.1106899688377077
2022-09-22,0.8157240653288215,0.9174660760998221,-0.33691245782625123,-0.4039400785825087,-0.6612304521748075,-0.22314533744657025,-0.22652961062475999,0.2386193286479245,0.17807135451371647
2022-09-23,0.9818056643754789,0.6682814325514166,0.2286819753116221,-0.039609200623953005,-0.6195099258377832,-0.2688008406202987,1.1350986777147376,0.6816698365176094,-0.1328015169276307
2022-09-24,0.7788170433184534,0.7066175315588635,-0.33691245782625123,-0.5861055175617865,0.29834165357674974,-0.20792683638866077,0.3305001436959429,0.6816698365176094,0.17807135451376696
2022-09-25,1.0925267304065838,0.9174660760998221,-0.33691245782625123,-0.5861055175617865,-1.2035972945561224,-0.3296748448519193,0.7018533132430818,0.2386193286479245,-0.35485356795715
2022-09-26,1.2770618404584249,0.9749702246109929,-0.33691245782625123,-0.6771882370514254,-0.2440251888045652,-0.5275153586046906,1.1350986777147398,-0.20443117922176018,-0.5769056189866187
2022-09-28,0.8157240653288215,1.0708104721296106,-0.33691245782625123,-0.4039400785825087,0.5486648115988951,-0.6949188702416602,-0.7216671700209415,-0.6474816870914448,-0.4880847985748413
2022-09-29,0.5389214002510598,0.5532731355290751,0.004976714443657255,0.32472167733460267,0.6738263906099677,-0.3753303480256304,0.02103916907332968,-0.6474816870914448,0.9330483280141022
2022-09-30,0.28057224617848264,0.5149370365216281,3.9979045782378972,1.2355488722309917,0.8407084959580646,-0.04052332475170842,-0.7216671700209415,-0.20443117922176018,0.9774587382199657
2022-10-01,0.6865494882925329,0.6874494820551398,-0.22717025438158922,0.7801352747827972,0.715546916946992,0.05078768159573115,0.0829313639978532,-0.20443117922176018,0.26689217492554435
2022-10-03,1.1478872634221355,1.0324743731221637,-0.33691245782625123,-0.13069192011359193,-1.4539204525782679,0.1420986879431707,0.5161767284695112,-0.20443117922176018,0.26689217492554435
2022-10-04,1.2401548184480562,1.0324743731221637,-0.33691245782625123,-0.13069192011359193,-1.4539204525782679,0.1573171890010802,0.8256377030921244,-0.20443117922176018,0.04484012389602509
2022-10-07,0.8710845983443739,0.7066175315588635,0.6254422493038616,-0.039609200623953005,-0.11886360979349253,0.3551577027538515,0.6399611183185561,0.2386193286479245,0.5777650463668411
2022-10-09,0.7788170433184534,0.30408849198066884,-0.13431146685149065,-0.5861055175617865,-0.7863920311858802,0.5834352186224417,1.6302362371109191,0.6816698365176094,0.666585866778669
2022-10-10,-0.03313744090964708,-0.09844054759752519,-0.33691245782625123,-2.407759907354565,-0.9532741365339771,0.8269312355489415,0.20671575384689803,0.2386193286479245,0.710996276984583
2022-10-11,0.24366522416811454,-0.17511274561241977,-0.33691245782625123,-2.6810080658234816,-2.16316940030768,0.6443092228540624,1.3826674574128295,-0.20443117922176018,-0.5324952087807553
2022-10-12,0.5204678892458762,-0.04093639908635509,-0.33691245782625123,-2.498842626844204,-1.87112571594851,0.4312502080433816,1.877805016809011,-0.6474816870914448,-0.6213160291925327
2022-10-13,0.5204678892458762,0.22741629396577495,-0.33691245782625123,-1.5880154319478146,-0.16058413613051675,0.1420986879431707,1.0113142878656927,-0.6474816870914448,-0.843368080222052
2022-10-14,0.7788170433184534,0.5341050860253512,-0.33691245782625123,-1.0415191150099812,-1.9545667686225585,-0.07096032686751007,0.887529898016648,-0.6474816870914448,-0.6213160291925327
2022-10-15,0.8895381093495583,0.38076068999556345,-0.33691245782625123,-2.225594468375287,-1.5373615052523162,-0.2535823395623892,1.7540206269599639,-1.0905321949611295,-0.5324952087807553
2022-10-16,0.8341775763340059,0.6682814325514166,-0.33691245782625123,-2.8631735048027593,0.5486648115988951,-0.5275153586046906,0.6399611183185561,-1.5335827028308142,-0.798957670016138
2022-10-18,-0.014683929904463364,-0.9226666762576378,0.49459577596599535,-0.9504363955203422,0.8407084959580646,0.11166168582735177,2.929972330525893,-1.0905321949611295,1.8656669423380425
2022-10-19,-0.10695148493038391,-0.7309861812204023,-0.33691245782625123,-2.134511748885648,0.2566211272397255,0.47690571121711006,2.0015894066580535,-1.0905321949611295,1.066279558631844
2022-10-20,0.07758362512145718,0.11240799694343341,-0.33691245782625123,-1.223684553989259,-0.07714308345646831,0.7508387302594114,-0.10274522077571516,-1.0905321949611295,0.7998170973963604
2022-10-21,0.3174792681888507,0.20824824446205112,-0.33691245782625123,-0.8593536760307032,-1.3287588735671951,0.7051832270857004,0.3923923386204664,-1.0905321949611295,-0.13280151692758022
2022-10-23,0.7234565103029009,0.4190967890030104,-0.33691245782625123,-0.5861055175617865,0.7572674432840162,0.3551577027538515,1.0732064827902141,-1.0905321949611295,-1.0210097210457079
2022-10-24,0.05913011411627346,0.32325654148439265,-0.33691245782625123,-0.8593536760307032,0.08973902189162859,0.5377797154487306,-0.8454515598699863,-1.0905321949611295,0.5333546361609777
2022-10-25,-0.18076552895112008,0.09323994743971027,-0.33691245782625123,-1.3147672734788978,-0.9115536101969528,0.8573682376647604,-0.9073437547945099,-1.0905321949611295,0.9330483280141022
2022-10-26,-0.014683929904463364,-0.021768349582631272,-0.33691245782625123,-1.0415191150099812,-1.4121999262412435,0.7051832270857004,0.02103916907332968,-1.5335827028308142,-0.4436743883689274
2022-10-27,0.24366522416811454,0.054903848432262634,-0.33691245782625123,-0.6771882370514254,-1.662523084263389,0.5073427133329117,0.6399611183185583,-1.5335827028308142,-0.5769056189866693
2022-10-28,0.5942819332666124,0.22741629396577495,-0.33691245782625123,-0.8593536760307032,-2.16316940030768,0.4312502080433816,1.2588830675637823,-1.5335827028308142,-0.22162233733940814
2022-10-29,0.5942819332666124,0.30408849198066884,-0.33691245782625123,-1.13260183449962,-0.32746624147861364,0.24862819534851976,1.0113142878656927,-1.5335827028308142,-0.5324952087807048
2022-10-30,0.26211873517329826,0.09323994743971027,-0.33691245782625123,-1.8612635904167314,0.5069442852618709,-0.1774898342728591,0.5780689233940325,-1.5335827028308142,-1.243061772075227
2022-10-31,0.07758362512145718,0.32325654148439265,-0.33691245782625123,-2.498842626844204,0.715546916946992,-0.5883893628363113,-0.7835593649454651,-1.5335827028308142,-1.1986513618692627
2022-11-01,-0.2730330839770406,-0.6159778841980614,-0.14697402878741317,-1.223684553989259,0.8407084959580646,-0.6644818681258413,1.0732064827902164,-1.0905321949611295,-0.22162233733940814
2022-11-02,-0.9742665021740369,-0.6159778841980614,0.6634299351116292,0.7801352747827972,0.8407084959580646,-0.8471038808207204,-1.2786969243416444,-0.6474816870914448,-0.5324952087807553
2022-11-03,-0.6605568150859071,-0.23261689412359055,2.11540370376408,1.4177143112102697,0.8407084959580646,-0.08617882792541955,-1.4643735091152128,-0.20443117922176018,2.220950223985304
2022-11-04,-0.5129287270444342,-0.04093639908635509,-0.16807829868061738,0.8712179942724362,0.8407084959580646,0.5682167175645323,-1.5881578989642575,0.2386193286479245,1.9100773525439565
2022-11-06,-0.7897313921221958,-0.5393056861831669,-0.058336095235955426,0.5979698358035194,0.8407084959580646,0.9182422418963812,-0.9073437547945099,0.6816698365176094,1.0218691484259301
2022-11-07,-0.6051962820703547,-0.46263348816827293,-0.26937879416799765,0.6890525552931583,0.8407084959580646,0.7204017281435925,-0.5359905852473732,1.124720344387294,-0.5769056189866693
2022-11-08,-0.5682892600599866,-0.29012104263476063,-0.011906701470906104,0.6890525552931583,0.8407084959580646,0.7204017281435925,-0.9692359497190334,1.5677708522569789,0.00042971369011113775
2022-11-09,-0.014683929904463364,-0.09844054759752519,-0.33691245782625123,-0.039609200623953005,-0.9949946628710012,0.7204017281435925,0.26860794877141936,1.124720344387294,0.00042971369011113775
2022-11-10,0.2067582021577458,0.16991214545460417,-0.33691245782625123,0.05147351886568591,-0.9115536101969528,0.6290907217961702,0.1448235589223745,0.6816698365176094,-0.2660327475452716
2022-11-11,0.24366522416811454,0.2657523929732219,-0.33691245782625123,-0.039609200623953005,-0.7863920311858802,0.5529982165066402,-0.04085302585119164,0.2386193286479245,-0.22162233733940814
2022-11-13,0.3174792681888507,0.15074409595088037,-0.33691245782625123,0.32472167733460267,-2.1214488739706554,0.47690571121711006,0.5780689233940347,-0.20443117922176018,-0.22162233733940814
2022-11-14,-0.19921903995630444,0.20824824446205112,-0.33691245782625123,0.14255623835532483,0.6321058642729436,0.6290907217961702,-1.3405891192661679,-0.6474816870914448,0.44453381574914974
2022-11-15,-0.143858506940752,0.2465843434694981,-0.33691245782625123,0.05147351886568591,0.04801849555460437,0.4464687091012911,-1.2786969243416444,-1.0905321949611295,-0.5324952087807553
2022-11-16,-0.18076552895112008,0.20824824446205112,-0.33691245782625123,0.23363895784496375,0.08973902189162859,0.370376203811761,-1.2786969243416444,-1.5335827028308142,-0.22162233733940814
2022-11-17,0.07758362512145718,0.15074409595088037,-0.33691245782625123,0.23363895784496375,-0.20230466246754097,0.30950219958014036,-0.22652961062475999,-1.5335827028308142,-0.17721192713349418
2022-11-18,0.022223092105904722,0.189080194958328,-0.33691245782625123,0.23363895784496375,-0.2857457151415894,0.46168721015920056,-0.5359905852473754,-1.5335827028308142,0.44453381574914974
2022-11-19,0.151397669142194,0.30408849198066884,-0.33691245782625123,-0.039609200623953005,-1.0367151892080255,0.370376203811761,-0.47409839032284967,-1.5335827028308142,-0.26603274754532213
2022-11-20,0.13294415813700963,0.22741629396577495,-0.33691245782625123,0.05147351886568591,-0.6195099258377832,0.2181911932327008,-0.2884218055492835,-1.5335827028308142,-0.4436743883689274
2022-11-21,-0.2730330839770406,0.189080194958328,-0.315808187933047,0.05147351886568591,0.34006217991377397,0.1573171890010802,-1.5262657040397363,-1.0905321949611295,-0.17721192713349418
2022-11-22,-0.49447521603924977,0.0357357989285395,-0.23139110836023008,0.7801352747827972,0.8407084959580646,0.08122468371155012,-1.773834483737826,-0.6474816870914448,-0.22162233733940814
2022-11-23,-0.36530063900296117,0.07407189793598645,-0.19340342255246248,1.2355488722309917,0.8407084959580646,0.18775419111688185,-1.4643735091152128,-0.20443117922176018,0.3113025851314078
2022-11-24,-0.7712778811170115,-0.13677664660497282,0.06828952412326994,1.4177143112102697,0.8407084959580646,0.40081320592757996,-2.1451876532849603,0.2386193286479245,0.6221754565728055
2022-11-25,-0.623649793075539,-0.15594469610869596,-0.13431146685149065,1.3266315917206308,0.9241495486321131,0.46168721015920056,-1.5881578989642597,0.6816698365176094,0.17807135451371647
2022-11-26,-0.5867427710651704,-0.07927249809380205,-0.315808187933047,0.962300713762075,0.7989879696210405,0.33993920169594205,-1.7119422888133025,1.124720344387294,-0.35485356795715
2022-11-27,-0.5682892600599866,-0.002600300078907455,-0.2567162322320752,1.1444661527413529,0.8407084959580646,0.005132178422020021,-1.8976188735868729,1.5677708522569789,-0.9765993108397434
2022-11-28,0.3359327791940351,0.2465843434694981,-0.2778205021252794,0.962300713762075,-0.11886360979349253,-0.010086322635889457,0.33050014369594505,1.5677708522569789,-0.04398069651580282
2022-11-29,0.1883046911525621,0.4190967890030104,-0.33691245782625123,0.6890525552931583,-1.3704793999042193,0.1420986879431707,-0.7216671700209415,1.124720344387294,0.44453381574914974
2022-11-30,-0.12540499593556761,-0.7309861812204023,-0.33691245782625123,0.4158043968242416,-0.2857457151415894,0.7204017281435925,1.9396972117335323,0.6816698365176094,1.6880253015144375
2022-12-02,-1.3617902332829035,-1.6318845078954092,-0.33691245782625123,-0.7682709565410644,0.29834165357674974,1.0399902503596223,0.7018533132430784,0.2386193286479245,0.9330483280141022
2022-12-03,-0.9742665021740369,-0.9993388742725323,-0.33691245782625123,-0.4039400785825087,0.7572674432840162,0.6899647260277908,-0.04085302585119164,-0.20443117922176018,-1.0210097210456572
2022-12-04,-0.6421033040807228,-0.424297389160826,-0.33691245782625123,-0.31285735909286977,0.6738263906099677,0.8269312355489415,-0.7835593649454629,-0.6474816870914448,0.4001234055432357
2022-12-05,-1.1218945902155097,-1.2293554683172148,-0.33691245782625123,-1.0415191150099812,0.34006217991377397,1.1008642545912428,0.20671575384689803,-1.0905321949611295,0.7998170973963604
2022-12-06,-1.2879761892621666,-1.382699864347003,-0.33691245782625123,-0.8593536760307032,0.34006217991377397,1.0856457535333508,0.1448235589223756,-1.5335827028308142,-0.04398069651575233
2022-12-08,-0.7712778811170115,-0.8459944782427439,-0.33691245782625123,-0.4950227980721476,-1.495640978915292,0.8117127344910321,0.14482355892237672,-1.5335827028308142,-0.7989576700161886
2022-12-09,-0.7528243701118277,-0.9034986267539146,-0.33691245782625123,-0.9504363955203422,-2.038007821296607,0.4921242122750022,0.3923923386204664,-1.5335827028308142,-0.9321889006338799
2022-12-10,-0.9558129911688524,-1.2485235178209382,-0.33691245782625123,-1.4969327124581757,-2.413492558329825,0.4464687091012911,0.8256377030921255,-1.5335827028308142,-0.13280151692758022
2022-12-11,-1.4356042773036395,-1.3060276663321086,-0.33691245782625123,-1.5880154319478146,-0.11886360979349253,0.5529982165066402,-0.5978827801718967,-1.5335827028308142,0.3113025851314583
2022-12-13,-1.860035030422874,-1.7660608544214738,-0.20184513050974415,-0.5861055175617865,0.8407084959580646,1.0399902503596223,-0.5359905852473743,-1.0905321949611295,1.4215628402790041
2022-12-14,-2.524361426609502,-2.0344135474736036,0.030301838315502313,1.2355488722309917,1.0493111276431857,1.3443602715177427,-1.8976188735868718,-0.6474816870914448,0.8886379178081882
2022-12-15,-1.9523025854487948,-1.881069151443815,-0.1765200066378991,1.2355488722309917,0.9241495486321131,0.8117127344910321,-0.47409839032285184,-0.20443117922176018,-1.5539346435165238
2022-12-16,-1.5832323653451126,-1.344363765339556,-0.2989247720184836,1.1444661527413529,1.1744727066542584,0.7508387302594114,-0.9692359497190323,0.2386193286479245,-0.17721192713349418
2022-12-17,-2.1552912065058196,-1.9769093989624327,0.04718525423006571,-1.5880154319478146,0.8824290222950889,1.8770078085444706,-0.8454515598699874,0.6816698365176094,3.2868000689270365
2022-12-19,-1.8784885414280579,-2.2069259930071157,-0.33691245782625123,-2.498842626844204,-1.7876846632744616,1.3900157746914712,0.8256377030921255,0.6816698365176094,-1.4207034128988323
2022-12-20,-1.3986972552932715,-1.4210359633544503,-0.33691245782625123,-0.5861055175617865,-0.6195099258377832,0.8725867387226527,-0.10274522077571516,0.6816698365176094,-1.5095242333106602
2022-12-22,-1.195708634236246,-1.5743803593842383,-0.33691245782625123,-3.8650834191887875,-2.580374663677922,0.5986537196803513,1.0732064827902152,0.2386193286479245,-0.798957670016138
2022-12-23,-1.2141621452414304,-1.4210359633544503,-0.33691245782625123,-3.409669821740593,-1.8294051896114858,0.9791162461280017,0.5161767284695112,-0.20443117922176018,1.1106899688377077
2022-12-24,-1.2326156562466142,-1.4785401118656205,-0.33691245782625123,-2.5899253463338425,-2.288330979318752,1.2987047683440316,0.6399611183185572,-0.6474816870914448,0.9330483280141022
2022-12-25,-1.5278718323295601,-1.5360442603767914,-0.33691245782625123,-1.6790981514374534,-2.246610452981728,1.4813267810388935,-0.16463741570023757,-1.0905321949611295,0.5333546361609272
2022-12-26,-1.4725112993140077,-1.4977081613693441,-0.33691245782625123,-1.13260183449962,-2.5386541373408975,1.5574192863284235,-0.10274522077571516,-1.5335827028308142,0.2224817647196304
2022-12-27,-1.4725112993140077,-1.382699864347003,-0.33691245782625123,-0.6771882370514254,-2.288330979318752,1.5422007852705313,-0.4740983903228508,-1.5335827028308142,-0.04398069651575233
2022-12-28,-1.1403481012206935,-1.4210359633544503,-0.33691245782625123,-0.8593536760307032,-1.87112571594851,1.5269822842126217,0.7637455081676031,-1.5335827028308142,-0.04398069651580282
2022-12-30,-1.7493139643917692,-1.8619011019400915,-0.33691245782625123,-1.4058499929685369,-2.3300515056557765,1.907444810660255,0.1448235589223756,-1.5335827028308142,1.110689968837657
2022-12-31,-1.490964810319192,-1.9385732999549858,-0.33691245782625123,-1.13260183449962,-1.4539204525782679,1.8465708064286517,1.2588830675637823,-1.5335827028308142,-0.1772119271334437
2023-01-01,-1.380243744288087,-1.459372062361897,-0.3326916038476104,-1.13260183449962,0.6738263906099677,1.6335117916179536,0.0829313639978532,-1.0905321949611295,-0.6213160291925832
2023-01-05,-0.9927200131792212,-1.0185069237762554,-0.33691245782625123,-0.039609200623953005,-0.07714308345646831,1.6487302926758631,-0.04085302585119384,-1.0905321949611295,0.04484012389602509
2023-01-06,-0.623649793075539,-0.9801708247688086,-0.33691245782625123,-1.4058499929685369,-0.4943483468267106,1.5269822842126217,1.0732064827902141,-1.0905321949611295,-0.35485356795709955
2023-01-07,-1.0111735241844049,-0.8076583792352969,-0.33691245782625123,-1.6790981514374534,0.6321058642729436,1.207393761996592,-0.7835593649454629,-1.0905321949611295,-0.9321889006338799
2023-01-09,-0.9927200131792212,-0.7501542307241261,-0.3326916038476104,-0.4950227980721476,0.8407084959580646,1.055208751417532,-0.9073437547945099,-0.6474816870914448,-0.4436743883689274
2023-01-10,-1.4356042773036395,-0.865162527746467,-0.10476548900100471,1.2355488722309917,0.9658700749691373,0.9486792440121827,-2.021403263435918,-0.20443117922176018,-0.31044315775123604
2023-01-11,-1.4171507662984553,-0.9801708247688086,-0.20184513050974415,0.8712179942724362,1.0075906013061615,0.766057231317321,-1.5881578989642575,0.2386193286479245,-0.5324952087807048
2023-01-12,-1.3248832112725346,-0.8843305772501908,-0.315808187933047,0.962300713762075,0.8824290222950889,0.2942836985222309,-1.5881578989642575,0.2386193286479245,-1.3762930026929185
2023-01-13,-0.5313822380496185,-0.6159778841980614,-0.14697402878741317,1.4177143112102697,0.8407084959580646,-0.23836383850447973,0.20671575384689803,0.6816698365176094,-1.5539346435165238
2023-01-14,-0.3837541500081455,-0.4051293396571022,-0.19340342255246248,1.1444661527413529,-0.2440251888045652,-0.4818598554309795,0.02103916907332968,1.124720344387294,-0.7101368496043606
2023-01-16,-2.505907915604318,-2.0727496464810504,-0.33691245782625123,-1.0415191150099812,0.8407084959580646,1.3747972736335616,-1.7119422888133047,1.124720344387294,5.418499758810402
2023-01-17,-2.1368376955006356,-2.130253794992221,-0.33691245782625123,-0.5861055175617865,0.715546916946992,1.679167294791682,-0.2884218055492835,0.6816698365176094,0.8886379178081882
2023-01-18,-1.7862209864021374,-2.0344135474736036,-0.33691245782625123,-1.7701808709270925,-1.1201562418820739,1.7552598000811948,0.5780689233940347,0.2386193286479245,0.22248176471957992
2023-01-19,-1.490964810319192,-1.6893886564065796,-0.33691245782625123,-1.3147672734788978,-1.87112571594851,1.4813267810388935,0.4542845335449877,-0.20443117922176018,-0.798957670016138
2023-01-22,-0.8081849031273801,-1.0568430227837025,-0.31158733395440613,0.5068871163138805,-0.2440251888045652,0.5986537196803513,0.7018533132430774,-0.20443117922176018,-2.5753740782522923
2023-01-23,-1.048080546194773,-0.9993388742725323,-0.33691245782625123,0.7801352747827972,-0.07714308345646831,0.5529982165066402,-0.2884218055492813,-0.6474816870914448,-0.13280151692758022
2023-01-24,-1.490964810319192,-1.9385732999549858,-0.3242498958903287,-2.407759907354565,-0.9949946628710012,1.8161338043128328,1.2588830675637823,-0.6474816870914448,3.686493760780111
2023-01-25,-2.2844657835421085,-2.2069259930071157,-0.33691245782625123,-2.134511748885648,0.5069442852618709,1.603074789502152,-0.5359905852473732,-0.6474816870914448,-0.6213160291925327
2023-01-26,-1.5094183213243757,-1.7468928049177503,-0.33691245782625123,-1.0415191150099812,0.715546916946992,1.0247717493017128,0.5780689233940347,-0.6474816870914448,-1.6871658741342657
2023-01-27,-1.7493139643917692,-1.8619011019400915,-0.33691245782625123,-2.8631735048027593,0.6738263906099677,1.5117637831547124,0.1448235589223756,-0.6474816870914448,1.4215628402790548
2023-01-28,-2.044570140474715,-2.2069259930071157,-0.33691245782625123,-4.50266245561626,-1.9962872949595827,1.7552598000811948,0.26860794877142047,-0.6474816870914448,0.7109962769845325
2023-01-29,-1.9892096074591628,-2.3602703890369034,-0.33691245782625123,-3.8650834191887875,-2.788977295363043,1.6943857958495914,0.9494220929411692,-1.0905321949611295,-0.1772119271334437
2023-01-30,-1.4725112993140077,-1.9960774484661565,-0.33691245782625123,-2.6810080658234816,-2.4969336110038736,1.4661082799810012,1.5064518472618742,-1.0905321949611295,-0.6657264393984467
2023-01-31,-1.2326156562466142,-1.593548408887962,-0.33691245782625123,-1.4969327124581757,-0.6612304521748075,0.8117127344910321,1.0113142878656927,-1.5335827028308142,-1.909217925163785
2023-02-01,-0.5682892600599866,-0.82682642873902,-0.33691245782625123,-0.039609200623953005,-0.36918676781563786,0.46168721015920056,0.7637455081676009,-1.5335827028308142,-1.0210097210456572
2023-02-02,-1.0296270351895893,-0.8076583792352969,-0.33691245782625123,-0.039609200623953005,-0.4943483468267106,0.8573682376647604,-0.8454515598699863,-1.5335827028308142,1.1551003790436216
2023-02-03,-1.2695226782569828,-1.0376749732799793,-0.33691245782625123,-0.13069192011359193,0.8407084959580646,0.9182422418963812,-0.9073437547945099,-1.5335827028308142,0.17807135451371647
2023-02-04,-1.4171507662984553,-1.0568430227837025,-0.3200290419116878,0.32472167733460267,0.8407084959580646,0.7356202292015019,-1.3405891192661679,-1.0905321949611295,-0.5324952087807553
2023-02-06,-1.048080546194773,-0.8076583792352969,-0.3326916038476104,0.6890525552931583,0.8407084959580646,0.30950219958014036,-0.9073437547945077,-0.6474816870914448,-1.2430617720751767
2023-02-09,-0.6051962820703547,-0.9993388742725323,-0.3326916038476104,0.5068871163138805,0.6321058642729436,0.5682167175645323,1.196990872639261,-0.20443117922176018,0.7554066871904465
2023-02-10,-0.47602170503406604,-0.5009695871757199,-0.3326916038476104,0.8712179942724362,0.7572674432840162,0.3551577027538515,0.02103916907332968,0.2386193286479245,-0.6213160291925327
2023-02-11,-1.2141621452414304,-0.82682642873902,-0.2989247720184836,1.4177143112102697,1.0075906013061615,0.30950219958014036,-1.4024813141906913,0.6816698365176094,-0.13280151692758022
2023-02-14,-1.1218945902155097,-1.0568430227837025,-0.33691245782625123,-1.223684553989259,0.6738263906099677,0.9486792440121827,-0.350314000473807,0.6816698365176094,1.8656669423380425
2023-02-15,-1.195708634236246,-1.727724755414027,-0.33691245782625123,-1.5880154319478146,-1.0784357155450497,1.6639487937337725,1.5683440421863968,0.6816698365176094,2.0877189933676124
2023-02-16,-1.2695226782569828,-1.459372062361897,-0.33691245782625123,-1.4058499929685369,0.6321058642729436,1.8465708064286517,0.4542845335449877,0.2386193286479245,0.5333546361609777
2023-02-17,-0.5129287270444342,-1.2485235178209382,-0.33691245782625123,-0.6771882370514254,-1.495640978915292,1.313923269401941,2.3110503812806678,-0.20443117922176018,-1.5539346435165238
2023-02-18,-0.3099401059874087,-0.7884903297315731,-0.33691245782625123,-0.9504363955203422,0.21490060090270127,0.8573682376647604,1.5064518472618742,-0.6474816870914448,-1.3318825924870046
2023-02-20,-0.49447521603924977,-0.7501542307241261,-0.33691245782625123,-1.223684553989259,-0.41090729415266214,1.0095532482438208,0.7637455081676031,-1.0905321949611295,0.44453381574914974
2023-02-21,-1.158801612225878,-1.1526832703023202,-0.33691245782625123,-1.4058499929685369,-0.8281125575229044,1.5269822842126217,-0.16463741570023868,-1.5335827028308142,1.510383660690832
2023-02-22,-1.1772551232310624,-1.4018679138507264,-0.33691245782625123,-1.4969327124581757,-2.288330979318752,1.4661082799810012,0.5780689233940325,-1.5335827028308142,-0.17721192713349418
2023-02-23,-0.7159173481014596,-1.2868596168283852,-0.33691245782625123,-0.6771882370514254,-1.9545667686225585,0.9182422418963812,1.754020626959963,-1.5335827028308142,-1.5983450537224377
2023-02-24,-0.623649793075539,-0.9801708247688086,-0.33691245782625123,-0.9504363955203422,-2.288330979318752,0.9638977450700922,1.0732064827902141,-1.5335827028308142,0.1336609443078025
2023-02-25,-1.0665340571999573,-1.4018679138507264,-0.33691245782625123,-2.134511748885648,-1.495640978915292,2.120503825470953,0.9494220929411692,-1.5335827028308142,3.375620889338814
2023-02-26,-1.0296270351895893,-1.4785401118656205,-0.33691245782625123,-1.7701808709270925,-1.2035972945561224,2.5314033540344223,1.320775262488305,-1.5335827028308142,1.1995107892495354
2023-02-27,-1.2326156562466142,-1.516876210873068,-0.33691245782625123,-1.5880154319478146,-2.4969336110038736,2.2574703349921212,0.7637455081676031,-1.5335827028308142,-0.798957670016138
2023-02-28,-0.8266384141325639,-1.382699864347003,-0.33691245782625123,-0.5861055175617865,-1.7876846632744616,1.7400412990233025,1.6921284320354415,-1.5335827028308142,-1.5095242333106602
2023-03-01,-0.439114683023698,-1.09517912179115,-0.33691245782625123,-0.5861055175617865,-2.580374663677922,1.359578772575652,2.063481601582577,-1.5335827028308142,-1.1098305414574852
2023-03-02,-0.6605568150859071,-0.82682642873902,-0.33691245782625123,-0.6771882370514254,-1.662523084263389,1.7096042969074836,0.4542845335449877,-1.5335827028308142,1.0218691484258797
2023-03-03,-0.8081849031273801,-1.0760110722874263,-0.33691245782625123,-1.9523463099063703,-2.371772031992801,1.8770078085444706,0.7637455081676009,-1.5335827028308142,0.48894422595511416
2023-03-04,-0.5498357490548023,-0.9226666762576378,-0.33691245782625123,-1.13260183449962,-0.7863920311858802,1.8009153032549405,1.1350986777147376,-1.5335827028308142,-0.22162233733940814
2023-03-05,-0.6051962820703547,-0.9226666762576378,-0.33691245782625123,-1.8612635904167314,-2.455213084666849,1.679167294791682,0.9494220929411692,-1.5335827028308142,-0.35485356795715
2023-03-06,-0.49447521603924977,-0.9034986267539146,-0.33691245782625123,-2.498842626844204,-2.455213084666849,1.4965452820968028,1.2588830675637845,-1.5335827028308142,-0.5324952087807553
2023-03-07,-0.49447521603924977,-0.8459944782427439,-0.33691245782625123,-1.9523463099063703,-2.5386541373408975,1.2682677662282127,1.0732064827902164,-1.5335827028308142,-0.6657264393984467
2023-03-08,-0.19921903995630444,-0.5776417851906138,-0.33691245782625123,-0.039609200623953005,-1.4121999262412435,1.0856457535333508,1.1969908726392589,-1.5335827028308142,-0.5324952087807048
2023-03-09,0.040676603111089095,-0.5009695871757199,-0.33691245782625123,-0.22177463960323085,-1.287038347230171,0.7812757323752304,1.7540206269599639,-1.5335827028308142,-0.887778490427966
2023-03-10,-0.03313744090964708,-0.3476251911459314,-0.33691245782625123,-0.8593536760307032,-1.87112571594851,0.766057231317321,1.0113142878656927,-1.5335827028308142,-0.04398069651580282
2023-03-11,-0.143858506940752,-0.424297389160826,-0.33691245782625123,-0.9504363955203422,-1.495640978915292,0.8725867387226527,0.887529898016648,-1.5335827028308142,0.3113025851314078
2023-03-12,-0.21767255096148816,-0.36679324064965524,-0.3326916038476104,-0.5861055175617865,0.08973902189162859,0.9638977450700922,0.4542845335449899,-1.0905321949611295,0.26689217492554435
2023-03-14,-0.7159173481014596,-0.6543139832055084,-0.33691245782625123,-0.4039400785825087,0.0062979692175801445,0.6443092228540624,-0.2884218055492835,-1.0905321949611295,-0.9321889006338799
2023-03-15,-0.4206611720185136,-0.6543139832055084,-0.33691245782625123,-0.039609200623953005,-1.0784357155450497,0.7356202292015019,0.7018533132430795,-1.0905321949611295,0.26689217492554435
2023-03-17,-0.12540499593556761,-0.4051293396571022,-0.315808187933047,0.5068871163138805,-0.07714308345646831,0.6443092228540624,0.887529898016648,-0.6474816870914448,-0.26603274754532213
2023-03-18,0.0037695811007210068,-0.4434654386645491,-0.33691245782625123,0.23363895784496375,0.34006217991377397,0.4464687091012911,1.4445596523373507,-0.6474816870914448,-0.5769056189866187
2023-03-19,-0.9004524581533007,-0.4051293396571022,-0.31158733395440613,0.7801352747827972,0.8407084959580646,0.40081320592757996,-1.7119422888133047,-0.20443117922176018,-0.13280151692758022
2023-03-20,-0.439114683023698,-0.3859612901533784,-0.3242498958903287,0.962300713762075,0.9241495486321131,-0.08617882792541955,-0.22652961062476218,0.2386193286479245,-1.4207034128988323
2023-03-23,-0.08849797392519954,0.38076068999556345,-0.33691245782625123,0.32472167733460267,0.9658700749691373,-0.6036078638942207,-1.5262657040397363,-0.20443117922176018,-1.5095242333106098
2023-03-24,0.40974682321477124,0.22741629396577495,-0.33691245782625123,0.23363895784496375,0.46522375892484663,-0.1774898342728591,0.6399611183185561,-0.20443117922176018,1.243921199455399
2023-03-25,-0.07004446292001582,-0.23261689412359055,1.921244420746601,1.053383433251714,0.8407084959580646,0.08122468371155012,0.5161767284695112,0.2386193286479245,0.7554066871904969
2023-03-26,-0.9558129911688524,-0.4051293396571022,-0.08788207308644132,1.2355488722309917,0.8824290222950889,0.2181911932327008,-1.8976188735868709,0.2386193286479245,0.4001234055432357
2023-03-27,-1.2510691672517984,-0.8843305772501908,-0.07099865717187795,0.7801352747827972,1.09103165398021,0.5529982165066402,-1.3405891192661679,0.6816698365176094,0.9774587382200162
2023-03-29,-0.9189059691584844,-0.7118181317166792,-0.2989247720184836,0.7801352747827972,1.0493111276431857,0.4312502080433816,-0.7835593649454629,0.6816698365176094,-0.35485356795715
2023-03-30,-0.9927200131792212,-0.4434654386645491,-0.3242498958903287,1.053383433251714,1.257913759328307,0.05078768159573115,-1.8976188735868729,0.6816698365176094,-1.1098305414574852
2023-03-31,-1.048080546194773,-0.48180153767199607,-0.2567162322320752,1.3266315917206308,1.2996342856653311,0.11166168582735177,-1.9595110685113943,1.124720344387294,0.17807135451371647
2023-04-01,-0.8081849031273801,-0.5393056861831669,-0.30736647997576527,1.053383433251714,1.0493111276431857,0.0203506794799295,-0.9692359497190334,1.5677708522569789,-0.2660327475452716
2023-04-02,-0.9558129911688524,-0.30928909213848443,-0.30736647997576527,1.3266315917206308,1.1744727066542584,-0.05574182580960059,-2.2070798482094838,1.5677708522569789,-0.22162233733940814
2023-04-03,-0.9742665021740369,-0.3476251911459314,-0.24827452427479343,1.1444661527413529,1.257913759328307,-0.1166158300412385,-2.1451876532849625,1.5677708522569789,-0.17721192713354467
2023-04-04,-0.16231201794593636,-0.29012104263476063,-0.16807829868061738,1.1444661527413529,0.9658700749691373,-0.49707835648888893,0.3923923386204642,1.5677708522569789,-1.1098305414574852
2023-04-05,-0.08849797392519954,0.4190967890030104,-0.3200290419116878,1.053383433251714,0.8407084959580646,-0.46664135437306997,-1.650050093888781,1.5677708522569789,0.08925053410193905
2023-04-06,0.29902575718366636,-0.36679324064965524,-0.08788207308644132,0.8712179942724362,0.7989879696210405,-0.23836383850447973,2.187265991431622,1.5677708522569789,0.666585866778669
2023-04-07,-0.16231201794593636,-0.5201376366794437,-0.151194882766054,-0.31285735909286977,0.8407084959580646,0.40081320592757996,1.1350986777147376,1.5677708522569789,1.8656669423380932
2023-04-09,-0.9373594801636688,-0.7884903297315731,-0.22717025438158922,-0.4950227980721476,0.5069442852618709,0.8878052397805621,-0.5978827801718967,1.5677708522569789,1.4215628402790041
2023-04-10,-0.6421033040807228,-0.424297389160826,-0.33691245782625123,0.23363895784496375,0.8407084959580646,0.3551577027538515,-0.7835593649454629,1.124720344387294,-1.5539346435165238
2023-04-11,0.24366522416811454,-0.04093639908635509,-0.33691245782625123,0.32472167733460267,-0.07714308345646831,0.05078768159573115,0.9494220929411714,0.6816698365176094,-0.887778490427966
2023-04-12,0.44665384522513935,-0.021768349582631272,-0.33691245782625123,-0.13069192011359193,-1.1618767682190982,-0.04052332475170842,1.5683440421863957,0.2386193286479245,-0.26603274754532213
2023-04-13,-0.08849797392519954,-0.09844054759752519,-0.33691245782625123,0.05147351886568591,0.5903853379359193,0.035569180537821675,0.02103916907332968,-0.20443117922176018,0.2224817647196304
2023-04-14,0.3912933122095869,0.07407189793598645,-0.33691245782625123,0.23363895784496375,0.5486648115988951,-0.2688008406202987,1.0732064827902141,-0.6474816870914448,-0.887778490427966
2023-04-15,0.7050029992977173,0.2465843434694981,-0.33691245782625123,-0.6771882370514254,-0.16058413613051675,-0.49707835648888893,1.568344042186398,-1.0905321949611295,-0.6657264393984467
2023-04-16,0.7419100213080854,0.38076068999556345,-0.33691245782625123,-0.7682709565410644,-2.079728347633631,-0.46664135437306997,1.2588830675637823,-1.5335827028308142,0.08925053410193905
2023-04-19,0.1698511801473777,-0.09844054759752519,0.7816138465135729,0.32472167733460267,0.7989879696210405,-1.1362554009209314,0.8875298980166457,-1.0905321949611295,-1.9536283353696486
2023-04-20,-0.3099401059874087,0.20824824446205112,0.4312829662863827,1.5087970306999086,1.2161932329912828,-1.2884404114999914,-1.7119422888133025,-0.6474816870914448,-0.4436743883689274
2023-04-21,-0.2730330839770406,0.22741629396577495,-0.15541573674469486,1.1444661527413529,1.0493111276431857,-0.8014483776470093,-1.650050093888781,-0.20443117922176018,1.4215628402790041
2023-04-22,-0.5313822380496185,0.07407189793598645,-0.30736647997576527,1.053383433251714,0.8407084959580646,-0.31445634379400983,-2.021403263435918,0.2386193286479245,1.4215628402790548
2023-04-23,-0.5682892600599866,0.054903848432262634,-0.3200290419116878,1.2355488722309917,1.0493111276431857,0.11166168582735177,-2.083295458360439,0.6816698365176094,1.243921199455399
2023-04-24,-0.4575681940288817,0.15074409595088037,-0.29470391803984275,1.053383433251714,0.9241495486321131,0.24862819534851976,-2.0214032634359156,1.124720344387294,0.40012340554328624
2023-04-25,-0.5682892600599866,-0.32845714164220824,-0.151194882766054,1.2355488722309917,0.9658700749691373,0.20297269217479133,-0.8454515598699863,1.5677708522569789,-0.1328015169276307
2023-04-26,-0.36530063900296117,-0.5201376366794437,-0.33691245782625123,-0.4039400785825087,0.6321058642729436,0.30950219958014036,0.4542845335449899,1.124720344387294,0.3113025851314583
2023-04-27,-0.3837541500081455,-0.11760859710124899,-0.3242498958903287,0.23363895784496375,0.7989879696210405,0.40081320592757996,-0.9073437547945099,1.124720344387294,0.26689217492554435
2023-04-28,0.151397669142194,-0.06010444859007823,-0.2989247720184836,0.5979698358035194,0.13145954822865283,0.18775419111688185,0.7018533132430795,1.124720344387294,-0.6213160291925832
2023-04-30,0.1883046911525621,0.11240799694343341,-0.33691245782625123,-0.4039400785825087,0.6738263906099677,-0.07096032686751007,0.2686079487714215,0.6816698365176094,-0.7545472598102241
2023-05-01,-0.12540499593556761,0.16991214545460417,-0.3242498958903287,0.05147351886568591,0.7989879696210405,0.24862819534851976,-0.9692359497190312,0.6816698365176094,0.9330483280141022
2023-05-02,0.022223092105904722,0.11240799694343341,-0.33691245782625123,-0.31285735909286977,0.5486648115988951,0.40081320592757996,-0.2884218055492835,0.2386193286479245,0.44453381574914974
2023-05-03,0.4282003342199556,0.2849204424769457,-0.3326916038476104,0.5979698358035194,0.46522375892484663,0.12688018688526123,0.5161767284695112,0.2386193286479245,-0.7989576700161886
2023-05-04,0.7788170433184534,0.629945333543969,-0.33691245782625123,0.5979698358035194,0.2566211272397255,-0.573170861778419,0.5780689233940347,0.2386193286479245,-2.0424491557814766
2023-05-05,0.6311889552769804,0.6491133830476928,-0.33691245782625123,0.23363895784496375,-0.07714308345646831,-1.0297258935155995,0.02103916907332968,-0.20443117922176018,-1.3318825924870046
2023-05-06,0.5389214002510598,0.9174660760998221,-0.33691245782625123,0.4158043968242416,0.715546916946992,-1.2427849083262803,-1.1549125344925995,-0.6474816870914448,-0.6213160291925327
2023-05-07,0.6496424662821648,0.2465843434694981,1.161490704591249,0.7801352747827972,0.8407084959580646,-0.9992888913997806,1.3826674574128295,-0.20443117922176018,0.710996276984583
2023-05-08,-0.36530063900296117,-0.04093639908635509,1.3176623018009603,0.962300713762075,0.8407084959580646,-0.23836383850447973,-1.093020339568076,-0.20443117922176018,2.220950223985304
2023-05-09,-0.05159095191483145,0.0357357989285395,-0.3326916038476104,0.05147351886568591,0.5903853379359193,0.0964431847694596,-0.2884218055492835,0.2386193286479245,0.9774587382200162
2023-05-10,-0.2730330839770406,0.16991214545460417,-0.33691245782625123,-0.6771882370514254,0.8407084959580646,0.17253569005898967,-1.4643735091152128,-0.20443117922176018,0.2224817647196304
2023-05-11,-0.18076552895112008,0.016567749424815682,-0.315808187933047,-0.13069192011359193,0.8407084959580646,0.32472070063804986,-0.659774975096418,0.2386193286479245,0.44453381574914974
2023-05-13,-0.2730330839770406,0.0357357989285395,0.06406867014462911,0.6890525552931583,0.8824290222950889,0.18775419111688185,-1.0311281446435547,0.6816698365176094,-0.39926397816306397
2023-05-14,-0.6790103260910909,-0.36679324064965524,1.3472082796514462,1.4177143112102697,1.09103165398021,-0.14705283215704015,-1.093020339568076,1.124720344387294,-0.9765993108397434
2023-05-15,0.05913011411627346,-0.04093639908635509,-0.3326916038476104,0.5979698358035194,0.6321058642729436,-0.3296748448519193,0.33050014369594505,1.124720344387294,-0.5324952087807553
2023-05-16,0.09603713612664155,0.189080194958328,-0.3200290419116878,0.8712179942724362,0.5486648115988951,-0.4514228533151605,-0.2884218055492835,1.124720344387294,-0.35485356795709955
2023-05-17,0.3912933122095869,0.30408849198066884,1.0433067931893054,1.053383433251714,0.8407084959580646,-0.7101373712995698,0.3305001436959429,1.124720344387294,-0.7545472598102746
2023-05-18,0.8526310873391896,1.0324743731221637,-0.33691245782625123,0.5068871163138805,-0.20230466246754097,-0.86232238187863,-0.47409839032285184,1.124720344387294,-0.4436743883689274
2023-05-19,0.8341775763340059,1.0133063236184399,-0.33691245782625123,0.4158043968242416,-0.03542255711944408,-0.7405743734153714,-0.47409839032284967,0.6816698365176094,0.3557129953373723
2023-05-21,1.0002591753806633,1.1283146206407815,-0.2735996481466385,0.14255623835532483,0.4235032325878224,-0.5427338596626001,-0.2884218055492813,0.6816698365176094,0.5777650463668411
2023-05-22,1.1478872634221355,1.1474826701445053,-0.33691245782625123,-0.13069192011359193,0.6321058642729436,-0.6797003691837508,0.1448235589223745,0.2386193286479245,-0.39926397816301346
2023-05-23,0.44665384522513935,0.43826483850673353,0.013418422400938991,0.962300713762075,1.0493111276431857,-0.5275153586046906,0.0829313639978532,0.2386193286479245,0.44453381574914974
2023-05-24,0.26211873517329826,0.22741629396577495,0.2751113690766714,0.962300713762075,1.0493111276431857,-0.31445634379400983,0.1448235589223745,0.2386193286479245,0.6221754565727551
2023-05-26,0.760363532313269,0.8216258285812045,-0.3284707498689695,0.8712179942724362,0.715546916946992,-0.10139732898332902,-0.10274522077571516,0.2386193286479245,0.6221754565727551
2023-05-27,1.0187126863858462,0.8791299770923752,-0.33691245782625123,0.32472167733460267,-0.32746624147861364,-0.3296748448519193,0.5780689233940325,0.2386193286479245,-0.6657264393984467
2023-05-29,1.0187126863858462,0.8024577790774813,-0.33691245782625123,-0.4039400785825087,-2.079728347633631,-0.6949188702416602,0.8256377030921223,0.2386193286479245,-1.0654201312515712
2023-05-30,1.4431434395050815,1.1283146206407815,-0.33691245782625123,-0.31285735909286977,-2.246610452981728,-1.303658912557901,1.196990872639261,-0.20443117922176018,-1.775986694546043
2023-06-01,0.8895381093495583,0.7832897295737575,-0.08366121910780049,0.14255623835532483,0.13145954822865283,-1.4862809252527802,0.4542845335449899,0.2386193286479245,-0.5324952087807553
2023-06-02,1.5538645055361864,1.1666507196482283,-0.33691245782625123,-0.13069192011359193,-0.8281125575229044,-1.1819109040946598,1.444559652337353,-0.20443117922176018,0.8886379178081882
2023-06-03,1.4985039725206333,1.3008270661742931,-0.31158733395440613,-0.13069192011359193,-0.8698330838599286,-0.7557928744732809,0.8256377030921244,-0.20443117922176018,1.2439211994554493
2023-06-04,1.0925267304065838,1.1091465711370576,-0.12164890491556811,0.32472167733460267,-0.11886360979349253,-0.6340448660100396,0.08293136399785539,-0.20443117922176018,0.35571299533732176
2023-06-05,1.129433752416951,1.0708104721296106,-0.13431146685149065,0.14255623835532483,0.6321058642729436,-0.7101373712995698,0.3305001436959429,0.2386193286479245,-0.22162233733940814
2023-06-06,0.6311889552769804,0.898298026596099,0.9757731295310518,0.8712179942724362,0.9241495486321131,-0.7253558723574792,-0.7835593649454651,0.6816698365176094,-0.04398069651580282
2023-06-07,0.8710845983443739,0.936634125603546,0.806938970385418,0.962300713762075,0.715546916946992,-0.5883893628363113,-0.10274522077571516,1.124720344387294,0.40012340554328624
2023-06-08,1.16634077442732,1.0133063236184399,-0.22717025438158922,0.4158043968242416,0.46522375892484663,-0.831885379762811,0.6399611183185583,1.124720344387294,-0.7101368496043606
2023-06-09,0.9633521533702945,0.8791299770923752,0.3721910105854109,0.5068871163138805,0.7572674432840162,-1.273221910442082,0.3923923386204664,1.5677708522569789,-1.2874721822810906
2023-06-10,1.1478872634221355,1.1283146206407815,-0.3242498958903287,0.14255623835532483,0.715546916946992,-1.6232474347739307,0.20671575384689803,1.5677708522569789,-1.0210097210457079
2023-06-11,1.055619708396215,0.9941382741147168,0.7351844527485235,0.5068871163138805,0.7572674432840162,-1.6689029379476419,0.3305001436959429,1.5677708522569789,-0.13280151692758022
2023-06-12,1.2770618404584249,1.1666507196482283,-0.3284707498689695,-0.039609200623953005,0.5903853379359193,-1.6232474347739307,0.5161767284695135,1.5677708522569789,0.1336609443078025
2023-06-13,1.0925267304065838,0.7066175315588635,1.0053191073815377,0.32472167733460267,0.7572674432840162,-1.5167179273685818,1.3826674574128295,1.5677708522569789,0.3113025851314583
2023-06-14,0.5204678892458762,0.5724411850327988,2.3137838407601996,0.962300713762075,1.0075906013061615,-1.1666924030367503,-0.10274522077571516,1.5677708522569789,1.0218691484258797
2023-06-15,0.3543862901992188,0.7641216800700343,1.4147419433096995,1.2355488722309917,0.8407084959580646,-1.1362554009209314,-1.2786969243416466,1.5677708522569789,0.08925053410193905
2023-06-16,0.24366522416811454,0.591609234536522,1.4231836512669813,1.3266315917206308,0.9241495486321131,-0.831885379762811,-1.093020339568076,1.5677708522569789,0.8886379178081882
2023-06-17,0.22521171316293018,0.6107772840402459,3.4576352689718695,1.5087970306999086,0.9241495486321131,-0.49707835648888893,-1.2168047294171231,1.5677708522569789,0.9774587382199657
2023-06-18,0.5758284222614279,0.6874494820551398,1.1741532665271714,1.053383433251714,0.8407084959580646,-0.5579523607205096,-0.2884218055492835,1.5677708522569789,-0.17721192713349418
2023-06-19,0.8526310873391896,0.9174660760998221,0.093614647995115,0.5068871163138805,0.7989879696210405,-0.7710113755311904,-0.10274522077571516,1.5677708522569789,-0.6213160291925327
2023-06-20,1.0002591753806633,1.0899785216333344,-0.23983281631751177,0.23363895784496375,0.46522375892484663,-0.8471038808207204,-0.16463741570023646,1.5677708522569789,-0.22162233733940814
2023-06-21,1.0002591753806633,1.262490967166846,-0.2567162322320752,0.14255623835532483,0.715546916946992,-0.7862298765890998,-0.7216671700209394,1.5677708522569789,0.17807135451371647
2023-06-22,1.0371661973910307,1.319995115678017,-0.31158733395440613,-0.039609200623953005,0.8407084959580646,-0.8166668787049015,-0.7835593649454651,1.5677708522569789,-0.08839110672166628
2023-06-23,0.8157240653288215,1.1283146206407815,-0.23983281631751177,0.23363895784496375,0.8407084959580646,-0.9231963861102506,-0.9073437547945099,1.5677708522569789,-0.31044315775123604
2023-06-24,0.7788170433184534,1.0133063236184399,0.009197568422298085,0.6890525552931583,0.8407084959580646,-0.831885379762811,-0.659774975096418,1.5677708522569789,0.26689217492554435
2023-06-25,1.129433752416951,0.7641216800700343,0.2117985593970587,0.5068871163138805,0.8407084959580646,-0.6644818681258413,1.3207752624883038,1.5677708522569789,0.4889442259550637
2023-06-26,1.129433752416951,0.8599619275886521,0.1442648957388052,0.5068871163138805,0.8407084959580646,-0.6188263649521302,1.0113142878656907,1.5677708522569789,0.1336609443078025
2023-06-28,0.8341775763340059,0.9174660760998221,-0.10898634297964555,0.7801352747827972,0.6738263906099677,-0.4057673501414494,-0.16463741570023646,1.5677708522569789,0.6221754565727551
2023-06-29,1.2032477964376873,0.9558021751072698,-0.2989247720184836,0.5979698358035194,0.6738263906099677,-0.86232238187863,0.9494220929411671,1.5677708522569789,-1.3318825924870046
2023-06-30,1.055619708396215,0.8407938780849282,0.13582318778152344,0.4158043968242416,0.6321058642729436,-1.0601628956314013,0.8256377030921244,1.5677708522569789,-0.5769056189866187
2023-07-01,0.760363532313269,0.7832897295737575,-0.13853232083013148,0.4158043968242416,0.715546916946992,-0.907977885052341,0.02103916907332968,1.5677708522569789,0.44453381574914974
2023-07-02,0.46510735623032373,0.7832897295737575,0.3215407628417207,1.053383433251714,0.8407084959580646,-0.7101373712995698,-0.9692359497190312,1.5677708522569789,0.5777650463668411
2023-07-03,1.0371661973910307,0.936634125603546,-0.18496171459518077,0.5068871163138805,0.5903853379359193,-0.573170861778419,0.4542845335449877,1.5677708522569789,0.4001234055432357
2023-07-04,0.9633521533702945,0.8791299770923752,0.1104980639096784,0.4158043968242416,0.7989879696210405,-0.5883893628363113,0.3923923386204664,1.5677708522569789,-0.04398069651575233
2023-07-07,1.2217013074428718,1.319995115678017,-0.3242498958903287,-0.13069192011359193,0.13145954822865283,-0.436204352257251,-0.16463741570023868,1.5677708522569789,0.44453381574914974
2023-07-08,1.1847942854325044,1.28165901667057,-0.33691245782625123,-0.13069192011359193,-0.8281125575229044,-0.3296748448519193,-0.16463741570023646,1.124720344387294,0.3113025851314078
2023-07-10,1.2770618404584249,1.3008270661742931,-0.33691245782625123,-0.22177463960323085,-1.1618767682190982,-0.6188263649521302,0.08293136399785539,0.6816698365176094,-0.843368080222052
2023-07-11,1.2586083294532404,1.3008270661742931,-0.33691245782625123,-0.13069192011359193,-1.0784357155450497,-0.6340448660100396,0.02103916907333188,0.2386193286479245,-0.04398069651580282
2023-07-12,1.4246899284998973,1.3008270661742931,-0.33691245782625123,-0.31285735909286977,-1.1618767682190982,-0.6644818681258413,0.5780689233940347,-0.20443117922176018,-0.08839110672166628
2023-07-13,1.480050461515449,1.2433229176631229,-0.33691245782625123,-0.5861055175617865,-0.41090729415266214,-0.8775408829365394,0.9494220929411671,-0.6474816870914448,-0.6213160291925832
2023-07-14,1.295515351463608,1.2241548681593992,-0.33691245782625123,-0.5861055175617865,0.0062979692175801445,-1.2427849083262803,0.3923923386204642,-1.0905321949611295,-1.0654201312515712
2023-07-15,1.4246899284998973,1.1666507196482283,-0.23139110836023008,-0.31285735909286977,0.6321058642729436,-1.7906509464109004,1.0113142878656927,-1.0905321949611295,-1.5983450537224377
2023-07-16,1.2032477964376873,0.9749702246109929,-0.13009061287284976,-0.22177463960323085,0.7989879696210405,-2.2624244792059733,0.8875298980166457,-0.6474816870914448,-1.376293002692868
2023-07-17,0.4835608672355074,0.9749702246109929,0.887135195979594,0.6890525552931583,0.8407084959580646,-2.292861481321792,-1.5262657040397363,-0.20443117922176018,-0.08839110672171677
2023-07-18,0.7972705543236378,1.0324743731221637,0.12316062584560096,0.7801352747827972,0.8407084959580646,-1.227566407268371,-0.659774975096418,0.2386193286479245,3.109158428103381
2023-07-19,0.6496424662821648,0.9941382741147168,-0.17229915265925827,0.962300713762075,0.8407084959580646,-0.7710113755311904,-1.0311281446435547,0.6816698365176094,1.3327420198672268
2023-07-20,1.2586083294532404,0.898298026596099,-0.13431146685149065,0.23363895784496375,0.6738263906099677,-0.6188263649521302,1.320775262488306,1.124720344387294,0.44453381574914974
2023-07-22,1.3324223734739766,1.1858187691519522,-0.33691245782625123,-0.13069192011359193,0.3817827062507982,-0.2688008406202987,0.6399611183185561,1.124720344387294,1.0218691484258797
2023-07-24,1.4431434395050815,1.2049868186556754,-0.33691245782625123,-0.13069192011359193,-0.2440251888045652,-0.7405743734153714,0.9494220929411714,0.6816698365176094,-1.376293002692868
2023-07-25,1.2217013074428718,1.2049868186556754,-0.33691245782625123,-0.4039400785825087,-0.4943483468267106,-0.9536333882260695,0.20671575384689803,0.2386193286479245,-0.6213160291925832
2023-07-26,1.6092250385517384,1.3774992641891877,-0.33691245782625123,-0.4950227980721476,0.4235032325878224,-1.5623734305423103,0.9494220929411692,-0.20443117922176018,-1.775986694546043
2023-07-27,1.7199461045828432,1.2049868186556754,-0.04567353330003286,-0.9504363955203422,0.3817827062507982,-2.2624244792059733,1.877805016809011,-0.20443117922176018,-2.042449155781426
2023-07-28,1.461596950510266,1.3008270661742931,-0.33691245782625123,-0.4950227980721476,0.7572674432840162,-2.3993909887271414,0.7018533132430818,-0.6474816870914448,-0.39926397816306397
2023-07-29,0.8710845983443739,0.9749702246109929,0.5494668776883264,0.5979698358035194,0.9658700749691373,-1.5623734305423103,-0.22652961062475999,-0.6474816870914448,2.443002275014823
2023-07-30,0.9818056643754789,1.0324743731221637,0.08517294003783334,0.8712179942724362,0.8407084959580646,-1.0905998977472202,-0.04085302585119164,-0.20443117922176018,1.3771524300731408
2023-07-31,1.055619708396215,0.8407938780849282,1.625784642241742,0.5979698358035194,0.715546916946992,-0.9536333882260695,0.8256377030921244,0.2386193286479245,0.4001234055432357
2023-08-02,1.4431434395050815,1.1091465711370576,-0.33691245782625123,-0.6771882370514254,-0.6612304521748075,-1.3493144157316121,1.2588830675637845,0.2386193286479245,-1.1542409516633487
2023-08-03,1.5354109945310022,1.1091465711370576,-0.33691245782625123,-0.4039400785825087,-1.0367151892080255,-1.4862809252527802,1.568344042186398,0.2386193286479245,-0.39926397816306397
2023-08-04,1.2401548184480562,1.1858187691519522,-0.22717025438158922,-0.039609200623953005,0.7572674432840162,-1.1971294051525518,0.3305001436959429,0.2386193286479245,0.8442275076023248
2023-08-05,1.1478872634221355,1.1858187691519522,-0.08788207308644132,0.14255623835532483,0.6738263906099677,-1.227566407268371,0.02103916907332968,0.6816698365176094,-0.08839110672171677
2023-08-07,1.0371661973910307,1.1283146206407815,-0.26937879416799765,-0.13069192011359193,0.04801849555460437,-1.6384659358318403,-0.16463741570023868,0.6816698365176094,-1.198651361869313
2023-08-08,1.2032477964376873,1.3008270661742931,-0.33691245782625123,-0.31285735909286977,0.04801849555460437,-1.3645329167895215,-0.16463741570023868,0.2386193286479245,0.7998170973964108
2023-08-10,0.9818056643754789,1.0324743731221637,0.1316023338028826,0.4158043968242416,0.7572674432840162,-1.1971294051525518,-0.04085302585119164,0.2386193286479245,0.4889442259550637
2023-08-11,0.6127354442717967,0.6874494820551398,0.777392992534932,0.6890525552931583,0.715546916946992,-1.379751417847431,-0.16463741570023646,0.6816698365176094,-0.5324952087807553
2023-08-12,0.9818056643754789,0.8599619275886521,-0.2989247720184836,0.14255623835532483,0.7572674432840162,-1.379751417847431,0.5161767284695112,1.124720344387294,0.00042971369011113775
2023-08-13,0.5204678892458762,0.7641216800700343,1.1066196028689181,0.5979698358035194,0.7989879696210405,-1.3493144157316121,-0.7216671700209415,1.124720344387294,0.08925053410193905
2023-08-14,1.0002591753806633,0.936634125603546,-0.18496171459518077,0.4158043968242416,0.8407084959580646,-1.1210368998630218,0.33050014369594505,1.124720344387294,0.666585866778669
2023-08-16,1.3324223734739766,1.28165901667057,-0.33691245782625123,0.05147351886568591,0.08973902189162859,-0.8775408829365394,0.3305001436959429,0.6816698365176094,0.7109962769845325
2023-08-18,0.7050029992977173,0.9749702246109929,0.055626962187347445,0.7801352747827972,0.8407084959580646,-1.303658912557901,-0.7835593649454629,1.124720344387294,-1.2430617720751767
2023-08-19,0.7050029992977173,0.9941382741147168,-0.3242498958903287,0.5979698358035194,0.8407084959580646,-1.0449443945734918,-0.8454515598699863,1.124720344387294,0.7554066871904969
2023-08-20,0.8710845983443739,1.2049868186556754,-0.31158733395440613,0.23363895784496375,0.7572674432840162,-0.7405743734153714,-0.9692359497190312,1.124720344387294,0.8886379178081882
2023-08-21,0.9818056643754789,1.1666507196482283,-0.3284707498689695,0.4158043968242416,0.7572674432840162,-0.7253558723574792,-0.47409839032284967,1.124720344387294,0.044840123895974596
2023-08-22,1.1478872634221355,1.1283146206407815,-0.3242498958903287,0.14255623835532483,0.8407084959580646,-0.9840703903418712,0.20671575384689803,1.124720344387294,-0.7545472598102241
2023-08-23,1.2401548184480562,1.1666507196482283,-0.3242498958903287,0.05147351886568591,0.7572674432840162,-1.1058183988051298,0.3923923386204664,1.124720344387294,-0.35485356795715
2023-08-24,0.8526310873391896,1.0324743731221637,-0.09632378104372301,0.6890525552931583,0.8407084959580646,-0.8927593839944316,-0.47409839032285184,1.5677708522569789,0.6221754565728055
2023-08-25,0.760363532313269,1.1666507196482283,-0.3284707498689695,0.5068871163138805,0.3817827062507982,-0.8775408829365394,-1.2168047294171231,1.5677708522569789,0.044840123895974596
2023-08-26,1.1109802414117669,1.1091465711370576,-0.33691245782625123,0.5068871163138805,0.8407084959580646,-1.1210368998630218,0.1448235589223745,1.124720344387294,-0.7101368496043101
2023-08-27,0.9448986423651101,0.8216258285812045,-0.2440536702961526,0.5979698358035194,0.7989879696210405,-1.4254069210211422,0.5161767284695112,1.124720344387294,-0.887778490427966
2023-08-28,1.2217013074428718,1.1474826701445053,-0.315808187933047,0.32472167733460267,0.8407084959580646,-1.5167179273685818,0.3923923386204642,1.124720344387294,-0.26603274754532213
2023-08-29,1.0740732194013993,0.898298026596099,1.1150613108261995,0.5068871163138805,0.7989879696210405,-1.379751417847431,0.7018533132430795,1.124720344387294,0.4001234055432357
2023-08-30,0.9633521533702945,0.8791299770923752,-0.33691245782625123,-0.4950227980721476,0.6321058642729436,-1.3188774136158106,0.3923923386204664,0.6816698365176094,0.17807135451371647
2023-08-31,0.9818056643754789,1.0708104721296106,-0.3200290419116878,-0.6771882370514254,0.8407084959580646,-1.5014994263106722,-0.16463741570023646,0.6816698365176094,-0.5324952087807048
2023-09-01,0.3543862901992188,0.5532731355290751,3.8375121270495454,0.32472167733460267,1.0075906013061615,-2.4754834940166712,-0.5978827801718967,0.6816698365176094,-2.841836539487776
2023-09-02,0.07758362512145718,0.591609234536522,3.056654141000989,1.3266315917206308,1.1327521803172342,-1.8971804538162322,-1.650050093888781,1.124720344387294,1.688025301514488
2023-09-03,1.2770618404584249,0.936634125603546,-0.3326916038476104,-0.13069192011359193,0.8407084959580646,-1.6232474347739307,1.2588830675637845,1.124720344387294,0.7998170973963604
2023-09-05,0.7788170433184534,1.0708104721296106,-0.3200290419116878,-0.4039400785825087,0.8407084959580646,-1.3645329167895215,-0.8454515598699863,1.124720344387294,0.7554066871904969
2023-09-06,0.9818056643754789,1.0899785216333344,-0.33691245782625123,-0.4950227980721476,0.8407084959580646,-1.0905998977472202,-0.22652961062475999,0.6816698365176094,0.7998170973963604
2023-09-07,0.5389214002510598,0.6491133830476928,8.767469574102051,1.053383433251714,0.8824290222950889,-0.9536333882260695,-0.2884218055492835,1.124720344387294,0.4001234055432357
2023-09-08,-0.08849797392519954,0.5532731355290751,17.60171695139734,1.5087970306999086,1.1744727066542584,-0.7101373712995698,-2.083295458360439,1.124720344387294,0.710996276984583
2023-09-09,-0.03313744090964708,0.6491133830476928,0.07673123208055167,1.3266315917206308,0.8407084959580646,-0.6644818681258413,-2.2070798482094838,1.124720344387294,0.133660944307853
2023-09-10,-0.05159095191483145,0.5149370365216281,2.507943123777679,1.4177143112102697,0.9241495486321131,-0.6492633670679492,-1.8357266786623494,1.124720344387294,0.044840123895974596
2023-09-11,0.26211873517329826,0.6682814325514166,0.5283626077951221,1.4177143112102697,0.8824290222950889,-0.8014483776470093,-1.2786969243416466,1.124720344387294,-0.4436743883689274
2023-09-12,0.4835608672355074,0.7449536305663105,-0.2989247720184836,1.053383433251714,0.6321058642729436,-0.9231963861102506,-0.7835593649454651,1.124720344387294,-0.35485356795709955
2023-09-13,0.6680959772873485,0.898298026596099,-0.23139110836023008,0.962300713762075,0.7989879696210405,-0.907977885052341,-0.6597749750964202,1.5677708522569789,0.04484012389602509
2023-09-14,0.26211873517329826,0.6682814325514166,4.031671410067024,1.3266315917206308,0.8407084959580646,-0.7405743734153714,-1.2786969243416466,1.5677708522569789,0.4889442259550637
2023-09-15,0.7050029992977173,0.591609234536522,0.8660309260863898,1.053383433251714,0.8407084959580646,-0.46664135437306997,0.4542845335449899,1.5677708522569789,0.7998170973963604
2023-09-16,0.3728398012044032,0.629945333543969,-0.15541573674469486,1.053383433251714,0.8407084959580646,-0.22314533744657025,-0.7835593649454629,1.5677708522569789,0.710996276984583
2023-09-17,0.907991620354742,0.898298026596099,-0.33691245782625123,0.6890525552931583,0.46522375892484663,-0.2535823395623892,0.1448235589223745,1.124720344387294,-0.08839110672171677
2023-09-18,1.0925267304065838,1.0133063236184399,-0.33691245782625123,0.23363895784496375,-0.45262782048968636,-0.1774898342728591,0.3923923386204686,0.6816698365176094,0.2224817647196304
2023-09-19,1.2401548184480562,0.9941382741147168,-0.33691245782625123,0.14255623835532483,-0.8281125575229044,-0.10139732898332902,0.9494220929411692,0.2386193286479245,0.2224817647196304
2023-09-20,1.129433752416951,1.0324743731221637,-0.33691245782625123,-0.13069192011359193,-1.662523084263389,-0.23836383850447973,0.4542845335449877,-0.20443117922176018,-0.39926397816301346
2023-09-21,1.2586083294532404,1.0516424226258876,-0.33691245782625123,-0.039609200623953005,-1.662523084263389,-0.31445634379400983,0.8256377030921244,-0.6474816870914448,-0.22162233733940814
2023-09-23,1.2770618404584249,1.1858187691519522,-0.33691245782625123,-0.31285735909286977,-0.6612304521748075,-0.31445634379400983,0.4542845335449899,-1.0905321949611295,0.00042971369011113775
2023-09-24,1.16634077442732,1.2241548681593992,-0.33691245782625123,-0.22177463960323085,0.34006217991377397,-0.4057673501414494,-0.04085302585119164,-1.5335827028308142,-0.26603274754532213
2023-09-25,1.16634077442732,1.1091465711370576,-0.2735996481466385,-0.13069192011359193,-0.5360688731637347,-0.3753303480256304,0.33050014369594505,-1.0905321949611295,0.08925053410193905
2023-09-26,1.2217013074428718,1.1858187691519522,-0.33691245782625123,-0.22177463960323085,-0.6612304521748075,-0.2840193416781909,0.26860794877141936,-1.0905321949611295,0.26689217492554435
2023-09-28,1.2586083294532404,1.262490967166846,-0.33691245782625123,-0.5861055175617865,0.21490060090270127,-0.14705283215704015,0.14482355892237672,-1.0905321949611295,0.4001234055432357
2023-09-29,1.2770618404584249,0.8791299770923752,-0.011906701470906104,0.05147351886568591,-0.36918676781563786,-0.08617882792541955,1.444559652337353,-0.6474816870914448,0.17807135451371647
2023-09-30,1.2586083294532404,1.1666507196482283,-0.33691245782625123,-0.22177463960323085,-0.9949946628710012,-0.3296748448519193,0.4542845335449899,-0.6474816870914448,-0.7101368496043606
2023-10-01,1.3324223734739766,1.1283146206407815,-0.33691245782625123,-0.039609200623953005,0.0062979692175801445,-0.4209858511993589,0.8256377030921244,-0.6474816870914448,-0.26603274754532213
2023-10-02,1.0187126863858462,1.1091465711370576,-0.3200290419116878,-0.13069192011359193,-0.16058413613051675,-0.1927083353307686,-0.16463741570023868,-0.20443117922176018,0.666585866778669
2023-10-04,1.4431434395050815,1.1858187691519522,-0.33691245782625123,-0.4039400785825087,0.2566211272397255,-0.5427338596626001,1.0113142878656927,-0.6474816870914448,-1.0210097210456572
2023-10-05,1.350875884479161,1.2241548681593992,-0.33691245782625123,-1.7701808709270925,0.5903853379359193,-0.8014483776470093,0.5780689233940347,-0.6474816870914448,-0.7545472598102746
2023-10-07,0.07758362512145718,0.2657523929732219,-0.2567162322320752,-0.31285735909286977,0.8407084959580646,-0.6797003691837508,-0.5978827801718967,-0.20443117922176018,0.3557129953373723
2023-10-08,-0.3099401059874087,0.11240799694343341,3.5547149104806084,0.8712179942724362,1.1327521803172342,-0.6797003691837508,-1.4024813141906893,-0.20443117922176018,0.00042971369011113775
2023-10-09,-0.32839361699259306,0.2465843434694981,15.267584701208953,1.5087970306999086,1.3413548120023553,0.0964431847694596,-1.8976188735868709,0.2386193286479245,2.2653606341912176
2023-10-10,0.022223092105904722,0.32325654148439265,-0.23983281631751177,0.5068871163138805,0.9658700749691373,0.46168721015920056,-0.9692359497190334,0.6816698365176094,1.0662795586317937
2023-10-11,0.44665384522513935,0.30408849198066884,-0.33691245782625123,-0.22177463960323085,0.6321058642729436,0.6595277239119719,0.5161767284695112,0.2386193286479245,0.5777650463668411
2023-10-12,0.44665384522513935,0.2657523929732219,-0.33691245782625123,-0.4950227980721476,0.46522375892484663,0.766057231317321,0.6399611183185561,0.2386193286479245,0.3113025851314583
2023-10-13,0.6311889552769804,0.5149370365216281,-0.33691245782625123,-0.9504363955203422,0.5486648115988951,0.4464687091012911,0.4542845335449877,0.2386193286479245,-0.9321889006338799
2023-10-14,0.5942819332666124,0.4957689870179043,-0.33691245782625123,-1.0415191150099812,0.08973902189162859,0.0964431847694596,0.3923923386204664,-0.20443117922176018,-1.0210097210456572
2023-10-15,0.5758284222614279,0.5724411850327988,-0.3326916038476104,-0.4950227980721476,0.7572674432840162,0.11166168582735177,0.082931363997851,-0.20443117922176018,0.044840123895974596
2023-10-16,0.3912933122095869,0.629945333543969,-0.33691245782625123,-0.6771882370514254,0.8407084959580646,0.3551577027538515,-0.7216671700209415,-0.6474816870914448,0.710996276984583
2023-10-18,-0.2545795729718569,0.2465843434694981,1.2796746159931924,0.6890525552931583,1.1327521803172342,0.40081320592757996,-1.650050093888781,-0.6474816870914448,0.133660944307853
2023-10-19,-0.143858506940752,0.47660093751418114,0.8407058022145446,1.2355488722309917,1.1744727066542584,0.32472070063804986,-2.021403263435918,-0.20443117922176018,-0.22162233733940814
2023-10-20,0.151397669142194,0.47660093751418114,-0.3284707498689695,0.4158043968242416,0.8407084959580646,0.40081320592757996,-1.0311281446435547,0.2386193286479245,0.2224817647196304
2023-10-24,0.6127354442717967,0.5149370365216281,-0.33691245782625123,-0.13069192011359193,-0.7446715048488559,0.5682167175645323,0.3923923386204664,0.2386193286479245,0.4889442259550132
2023-10-25,0.5389214002510598,0.6107772840402459,-0.33691245782625123,0.23363895784496375,-0.45262782048968636,0.4464687091012911,-0.16463741570023868,0.2386193286479245,-0.35485356795709955
2023-10-26,0.44665384522513935,0.5149370365216281,-0.33691245782625123,0.05147351886568591,-0.36918676781563786,0.30950219958014036,-0.16463741570023868,-0.20443117922176018,-0.39926397816301346
2023-10-27,0.5204678892458762,0.5341050860253512,-0.33691245782625123,0.32472167733460267,0.2566211272397255,0.2181911932327008,0.02103916907333188,-0.20443117922176018,-0.26603274754532213
2023-10-28,0.1698511801473777,0.3999287394992866,0.06406867014462911,0.6890525552931583,0.7989879696210405,0.33993920169594205,-0.7216671700209415,-0.20443117922176018,0.35571299533732176
2023-10-29,0.05913011411627346,0.38076068999556345,-0.18918256857382162,0.14255623835532483,0.6738263906099677,0.5377797154487306,-1.0311281446435547,-0.20443117922176018,0.5777650463668916
2023-10-31,0.3359327791940351,0.38076068999556345,-0.33691245782625123,-0.6771882370514254,-0.577789399500759,0.8878052397805621,-0.10274522077571516,-0.6474816870914448,1.0218691484258797
2023-11-01,0.4282003342199556,0.2849204424769457,-0.33691245782625123,-0.6771882370514254,-1.3287588735671951,0.7812757323752304,0.5161767284695112,-0.6474816870914448,-0.3104431577511856
2023-11-02,0.29902575718366636,0.43826483850673353,-0.33691245782625123,-0.22177463960323085,-0.4943483468267106,0.4464687091012911,-0.41220619539832837,-0.6474816870914448,-0.9765993108397938
2023-11-03,0.4282003342199556,0.4190967890030104,-0.33691245782625123,0.05147351886568591,-1.0784357155450497,0.1573171890010802,0.0829313639978532,-0.6474816870914448,-0.843368080222052
2023-11-04,0.4835608672355074,0.4957689870179043,-0.33691245782625123,-0.13069192011359193,-1.4121999262412435,0.20297269217479133,0.02103916907332968,-0.6474816870914448,0.1336609443078025
2023-11-05,0.6127354442717967,0.5532731355290751,-0.33691245782625123,-0.039609200623953005,-1.2453178208931466,0.2790651974643214,0.2686079487714215,-1.0905321949611295,0.2224817647196304
2023-11-06,0.7234565103029009,0.6107772840402459,-0.33691245782625123,-1.13260183449962,-1.5373615052523162,0.38559470486967046,0.4542845335449877,-1.5335827028308142,0.3113025851314583
2023-11-07,0.0037695811007210068,0.6107772840402459,-0.33691245782625123,-0.6771882370514254,0.5069442852618709,0.5986537196803513,-1.9595110685113943,-1.5335827028308142,0.6221754565727551
2023-11-08,-0.143858506940752,0.4957689870179043,-0.33691245782625123,-0.039609200623953005,0.8407084959580646,0.4921242122750022,-2.083295458360439,-1.5335827028308142,-0.31044315775123604
2023-11-10,0.46510735623032373,0.6682814325514166,-0.33691245782625123,0.4158043968242416,0.6321058642729436,0.5225612143908211,-0.5978827801718967,-1.5335827028308142,0.08925053410193905
2023-11-11,-0.05159095191483145,0.5149370365216281,-0.23139110836023008,0.6890525552931583,0.8407084959580646,0.7812757323752304,-1.8357266786623494,-1.0905321949611295,0.7554066871904969
2023-11-12,-0.03313744090964708,-0.021768349582631272,-0.31158733395440613,-0.039609200623953005,0.6738263906099677,1.1617382588228808,-0.04085302585119164,-0.6474816870914448,1.1106899688377077
2023-11-13,-0.291486594982225,-0.3476251911459314,-0.33691245782625123,-0.9504363955203422,0.46522375892484663,1.5422007852705313,0.1448235589223745,-0.6474816870914448,1.1106899688377077
2023-11-14,-0.5313822380496185,-0.6159778841980614,-0.33691245782625123,-0.6771882370514254,0.46522375892484663,1.5269822842126217,0.20671575384689803,-0.6474816870914448,-0.04398069651580282
2023-11-15,-0.291486594982225,-0.2709529931310375,-0.33691245782625123,-0.5861055175617865,-0.03542255711944408,1.3900157746914712,-0.10274522077571516,-0.6474816870914448,-0.39926397816301346
2023-11-16,-0.5129287270444342,-0.9226666762576378,-0.33691245782625123,-1.13260183449962,-0.07714308345646831,1.679167294791682,1.2588830675637823,-0.6474816870914448,0.8442275076022743
2023-11-17,-0.9004524581533007,-1.2485235178209382,-0.33691245782625123,-3.68291798020951,-2.455213084666849,1.7248227979653932,1.0113142878656916,-0.6474816870914448,0.1336609443078025
2023-11-18,-0.6974638370962752,-1.0568430227837025,-0.33691245782625123,-3.2275043827613152,-1.9545667686225585,1.5726377873863329,1.0732064827902141,-1.0905321949611295,-0.4436743883689274
2023-11-19,-0.6421033040807228,-0.6926500822129553,-0.33691245782625123,-1.6790981514374534,-1.0784357155450497,1.2682677662282127,0.0829313639978532,-1.5335827028308142,-0.887778490427966
2023-11-20,-0.4022076610133292,-0.5968098346943376,-0.33691245782625123,-1.13260183449962,-1.87112571594851,1.0399902503596223,0.5780689233940347,-1.5335827028308142,-0.6657264393984467
2023-11-21,-0.4022076610133292,-0.3476251911459314,-0.33691245782625123,-0.6771882370514254,-2.079728347633631,0.7508387302594114,-0.22652961062475999,-1.5335827028308142,-0.843368080222052
2023-11-22,-0.19921903995630444,-0.30928909213848443,-0.33691245782625123,-0.4039400785825087,-1.7459641369374372,0.5682167175645323,0.3305001436959429,-1.5335827028308142,-0.5324952087807553
2023-11-23,-0.08849797392519954,-0.30928909213848443,-0.33691245782625123,-0.31285735909286977,-1.0784357155450497,0.5834352186224417,0.7018533132430795,-1.5335827028308142,0.04484012389602509
2023-11-24,-0.32839361699259306,-0.11760859710124899,-0.33691245782625123,-0.9504363955203422,-1.3287588735671951,1.0704272524754412,-0.7216671700209415,-1.5335827028308142,1.4215628402790548
2023-11-25,-0.4575681940288817,-0.4051293396571022,-0.33691245782625123,-1.0415191150099812,-2.038007821296607,1.283486267286122,-0.22652961062475999,-1.5335827028308142,0.6221754565727551
2023-11-26,-0.2730330839770406,-0.4434654386645491,-0.33691245782625123,-0.8593536760307032,-1.9962872949595827,1.1465197577649713,0.5161767284695112,-1.5335827028308142,-0.39926397816301346
2023-11-27,-0.014683929904463364,-0.36679324064965524,-0.33691245782625123,-0.8593536760307032,-2.246610452981728,0.842149736606851,1.1350986777147376,-1.5335827028308142,-0.887778490427966
2023-11-29,-0.5129287270444342,-0.17511274561241977,-0.3284707498689695,-0.4039400785825087,0.715546916946992,0.9334607429542906,-1.1549125344925995,-1.0905321949611295,0.26689217492554435
2023-11-30,-0.143858506940752,-0.04093639908635509,-0.33691245782625123,-0.4039400785825087,0.46522375892484663,1.1160827556491524,-0.35031400047380484,-1.0905321949611295,0.5333546361609272
2023-12-01,-0.6605568150859071,-0.48180153767199607,-0.33691245782625123,-0.7682709565410644,0.715546916946992,1.359578772575652,-0.6597749750964202,-1.0905321949611295,0.710996276984583
2023-12-02,-0.9742665021740369,-0.7501542307241261,-0.33691245782625123,-0.6771882370514254,0.46522375892484663,1.3900157746914712,-0.8454515598699863,-1.0905321949611295,0.08925053410193905
2023-12-05,-0.49447521603924977,-0.46263348816827293,-0.33691245782625123,-0.4039400785825087,-0.45262782048968636,0.46168721015920056,-0.16463741570023646,-1.0905321949611295,-2.7086053088700344
2023-12-07,-0.3099401059874087,-0.7118181317166792,-0.33691245782625123,-2.7720907853131207,-1.5790820315893404,0.7964942334331225,1.2588830675637845,-1.0905321949611295,0.9774587382199657
2023-12-08,-0.5129287270444342,-0.5584737356868906,-0.33691245782625123,-0.8593536760307032,-0.4943483468267106,0.6290907217961702,0.0829313639978532,-1.0905321949611295,-0.48808479857479087
2023-12-09,-0.34684712799777745,-0.09844054759752519,-0.33691245782625123,0.23363895784496375,0.5069442852618709,0.30950219958014036,-0.8454515598699885,-1.5335827028308142,-0.9321889006338799
2023-12-11,0.09603713612664155,0.0357357989285395,-0.3242498958903287,0.6890525552931583,0.0062979692175801445,0.30950219958014036,0.20671575384689803,-1.0905321949611295,0.00042971369011113775
2023-12-12,0.3543862901992188,0.0357357989285395,-0.3242498958903287,0.23363895784496375,-1.0784357155450497,0.5529982165066402,1.0732064827902141,-0.6474816870914448,0.710996276984583
2023-12-15,0.022223092105904722,0.20824824446205112,-0.33691245782625123,0.32472167733460267,0.46522375892484663,0.5682167175645323,-0.5978827801718967,-0.6474816870914448,0.044840123895974596
2023-12-16,-0.5313822380496185,-1.6510525573991326,-0.3326916038476104,-0.5861055175617865,0.715546916946992,1.207393761996592,3.5488942797711194,-0.20443117922176018,1.8656669423380932
2023-12-17,-2.1368376955006356,-2.053581596977327,-0.33691245782625123,-0.7682709565410644,0.8407084959580646,1.8770078085444706,-0.5359905852473743,-0.20443117922176018,1.954487762749921
2023-12-19,-1.4356042773036395,-1.4210359633544503,-0.33691245782625123,-0.22177463960323085,0.17318007456567705,1.313923269401941,-0.22652961062475999,-0.20443117922176018,-1.6427554639283517
2023-12-20,-2.063023651479899,-2.168589893999668,-0.33691245782625123,-1.13260183449962,-0.03542255711944408,1.6335117916179536,0.0829313639978521,-0.20443117922176018,0.9330483280140518
2023-12-21,-2.6719895146509747,-2.3602703890369034,-0.33691245782625123,-1.13260183449962,0.7572674432840162,2.2118148318183755,-1.3405891192661679,-0.6474816870914448,1.6880253015144375
2023-12-22,-2.6719895146509747,-2.5902869830815862,-0.33691245782625123,-2.407759907354565,0.8407084959580646,2.6683698635555557,-0.5978827801718956,-1.0905321949611295,1.3327420198672268
2023-12-23,-2.4874544045991334,-2.686127230600204,-0.3284707498689695,-1.7701808709270925,-0.16058413613051675,2.6379328614397717,0.330500143695944,-0.6474816870914448,-0.08839110672161579
2023-12-24,-1.8969420524332423,-2.302766240525733,-0.33691245782625123,-2.3166771878649257,-1.87112571594851,2.4400923476869654,1.0732064827902152,-1.0905321949611295,-0.5769056189867198
2023-12-25,-1.5832323653451126,-1.9194052504512622,-0.33691245782625123,-2.407759907354565,-0.7446715048488559,2.150940827586772,0.8875298980166468,-1.0905321949611295,-0.8433680802220015
2023-12-26,-1.3248832112725346,-1.459372062361897,-0.33691245782625123,-1.3147672734788978,-0.11886360979349253,1.9226633117181817,0.2686079487714215,-1.0905321949611295,-0.6657264393984467
2023-12-29,-1.0665340571999573,-0.7309861812204023,-0.33691245782625123,0.14255623835532483,0.17318007456567705,1.2987047683440316,-1.2168047294171231,-1.0905321949611295,-1.8203971047519572
2023-12-31,-0.19921903995630444,-0.5968098346943376,-0.33691245782625123,-0.4039400785825087,-0.36918676781563786,0.8269312355489415,1.2588830675637823,-1.0905321949611295,-1.3762930026929185
2024-01-01,-0.8819989471481163,-0.6351459337017846,-0.33691245782625123,-0.22177463960323085,0.0062979692175801445,1.1160827556491524,-0.9073437547945099,-1.0905321949611295,0.8442275076022743
2024-01-02,-1.158801612225878,-0.82682642873902,-0.33691245782625123,-0.13069192011359193,-0.36918676781563786,0.9943347471859112,-1.2168047294171231,-1.5335827028308142,-0.35485356795709955
2024-01-03,-0.9558129911688524,-1.2293554683172148,-0.33691245782625123,-1.223684553989259,-0.9532741365339771,1.131301256707062,0.7637455081676031,-1.5335827028308142,0.4001234055432357
2024-01-04,-1.3248832112725346,-1.2868596168283852,-0.33691245782625123,-0.9504363955203422,-1.6208025579263647,1.2682677662282127,-0.28842180554928243,-1.5335827028308142,0.4001234055432357
2024-01-05,-0.8819989471481163,-1.0568430227837025,-0.33691245782625123,-0.22177463960323085,-1.8294051896114858,1.1617382588228808,0.4542845335449877,-1.5335827028308142,-0.3104431577511856
2024-01-06,-0.5498357490548023,-0.82682642873902,-0.33691245782625123,-0.13069192011359193,-1.4121999262412435,1.1465197577649713,0.8256377030921244,-1.5335827028308142,-0.04398069651580282
2024-01-07,-0.9189059691584844,-0.6734820327092316,-0.33691245782625123,-0.5861055175617865,-0.32746624147861364,1.283486267286122,-0.9073437547945099,-1.5335827028308142,0.4001234055432357
2024-01-10,-0.6605568150859071,-0.8076583792352969,-0.33691245782625123,-0.9504363955203422,-1.4539204525782679,0.9182422418963812,0.3923923386204664,-1.5335827028308142,-1.0654201312515712
2024-01-12,-0.9189059691584844,-0.9610027752650847,-0.33691245782625123,-0.22177463960323085,-0.6195099258377832,0.9943347471859112,0.02103916907332968,-1.5335827028308142,0.2224817647196304
2024-01-13,-0.8819989471481163,-0.82682642873902,-0.33691245782625123,-1.8612635904167314,-0.36918676781563786,1.1160827556491524,-0.2884218055492835,-1.5335827028308142,0.35571299533732176
2024-01-14,-0.5498357490548023,-0.6926500822129553,-0.33691245782625123,-1.9523463099063703,-0.8281125575229044,1.2987047683440316,0.3923923386204664,-1.5335827028308142,0.5333546361609777
2024-01-15,-0.36530063900296117,-0.6351459337017846,-0.33691245782625123,-0.5861055175617865,-1.662523084263389,1.313923269401941,0.8256377030921244,-1.5335827028308142,0.04484012389602509
2024-01-16,-1.158801612225878,-0.8843305772501908,-0.33691245782625123,-0.22177463960323085,0.2566211272397255,1.4508897789230917,-1.0311281446435547,-1.5335827028308142,0.4001234055432357
2024-01-17,-1.1403481012206935,-0.8459944782427439,-0.3326916038476104,-0.4950227980721476,0.4235032325878224,1.1921752609386824,-1.093020339568076,-1.0905321949611295,-0.7545472598102746
2024-01-18,-0.47602170503406604,-0.5776417851906138,-0.33691245782625123,-0.31285735909286977,-0.8698330838599286,0.7812757323752304,0.26860794877141936,-1.0905321949611295,-1.1986513618692627
2024-01-19,-0.47602170503406604,-0.5584737356868906,-0.33691245782625123,-0.13069192011359193,-1.7876846632744616,0.5682167175645323,0.20671575384689803,-1.0905321949611295,-0.6213160291925832
2024-01-20,-0.4022076610133292,-0.5009695871757199,-0.33691245782625123,-0.22177463960323085,-0.7446715048488559,0.5682167175645323,0.2686079487714215,-1.0905321949611295,0.00042971369011113775
2024-01-22,-1.5278718323295601,-2.3602703890369034,-0.315808187933047,-0.4950227980721476,0.8407084959580646,1.6335117916179536,2.496726966054235,-0.6474816870914448,3.109158428103381
2024-01-23,-3.0226062237494733,-3.0311521216672275,-0.2229494004029484,-0.22177463960323085,0.8407084959580646,2.4248738466290733,-0.3503140004738054,-0.20443117922176018,2.3097710443971318
2024-01-24,-2.6350824926406067,-2.9928160226597806,-0.33691245782625123,-1.6790981514374534,0.7989879696210405,2.5314033540344223,0.8256377030921244,-0.20443117922176018,0.3113025851314583
2024-01-25,-2.081477162485083,-2.4177745375480746,-0.33691245782625123,-1.9523463099063703,0.4235032325878224,2.4553108487448925,0.8256377030921244,-0.6474816870914448,-0.22162233733940814
2024-01-26,-1.6570464093658488,-1.727724755414027,-0.33691245782625123,-1.4969327124581757,0.6738263906099677,2.242251833934194,0.02103916907333078,-0.6474816870914448,-0.6213160291925832
2024-01-27,-1.4725112993140077,-1.727724755414027,-0.29470391803984275,-0.9504363955203422,0.7989879696210405,2.013974318065604,0.6399611183185572,-0.20443117922176018,-0.6657264393984467
2024-01-28,-2.044570140474715,-1.9960774484661565,-0.23561196233887094,0.5068871163138805,0.7989879696210405,2.1052853244130607,-0.41220619539832837,0.2386193286479245,0.26689217492559486
2024-02-01,-0.5313822380496185,-0.4434654386645491,-0.3284707498689695,1.3266315917206308,0.3817827062507982,0.8269312355489415,-0.350314000473807,0.2386193286479245,-3.7300447436058533
2024-02-06,-1.195708634236246,-0.7884903297315731,-0.31158733395440613,0.7801352747827972,0.8407084959580646,1.0704272524754412,-1.4643735091152128,0.2386193286479245,0.710996276984583
2024-02-08,-2.210651739521372,-2.01524549796988,-0.2440536702961526,0.5979698358035194,0.8407084959580646,0.9486792440121827,-0.9073437547945088,0.6816698365176094,-0.35485356795715
2024-02-09,-2.321372805552477,-2.130253794992221,-0.31158733395440613,-0.039609200623953005,0.8407084959580646,1.6639487937337725,-0.9073437547945099,1.124720344387294,2.0877189933676124
2024-02-10,-1.5094183213243757,-2.0727496464810504,-0.315808187933047,-0.4950227980721476,-0.5360688731637347,2.120503825470953,1.6302362371109191,1.5677708522569789,1.3327420198672268
2024-02-11,-0.7343708591066433,-1.6318845078954092,-0.33691245782625123,-1.5880154319478146,-2.246610452981728,2.181377829702591,2.8061879406768493,1.124720344387294,0.17807135451376696
2024-02-12,-1.0296270351895893,-1.2676915673246616,-0.33691245782625123,-2.0434290293960093,-1.9962872949595827,2.013974318065604,0.6399611183185561,0.6816698365176094,-0.48808479857489184
2024-02-13,-0.7343708591066433,-1.0185069237762554,-0.33691245782625123,-0.5861055175617865,-0.6612304521748075,1.6182932905600613,0.8256377030921244,0.2386193286479245,-1.1542409516633487
2024-02-14,-0.3099401059874087,-0.7309861812204023,-0.33691245782625123,0.05147351886568591,-0.4943483468267106,1.1617382588228808,1.320775262488306,-0.20443117922176018,-1.3318825924870046
2024-02-15,-0.143858506940752,-0.46263348816827293,-0.33691245782625123,-0.6771882370514254,0.08973902189162859,0.9791162461280017,1.0113142878656927,-0.6474816870914448,-0.5324952087807553
2024-02-18,-0.5867427710651704,-0.424297389160826,-0.33691245782625123,0.8712179942724362,0.715546916946992,0.40081320592757996,-0.5978827801718944,-1.0905321949611295,-1.687165874134215
2024-02-19,-0.3099401059874087,-0.1942807951161429,-0.33691245782625123,0.962300713762075,0.7989879696210405,0.38559470486967046,-0.41220619539832837,-1.5335827028308142,-0.04398069651580282
2024-02-20,-0.143858506940752,-0.021768349582631272,-0.33691245782625123,0.8712179942724362,0.6321058642729436,0.32472070063804986,-0.41220619539832837,-1.5335827028308142,-0.17721192713349418
2024-02-21,0.1883046911525621,0.07407189793598645,-0.33691245782625123,0.4158043968242416,-0.5360688731637347,0.2942836985222309,0.3923923386204664,-1.5335827028308142,-0.08839110672171677
2024-02-22,-0.291486594982225,0.054903848432262634,-0.33691245782625123,0.8712179942724362,0.13145954822865283,0.6138722207382608,-1.1549125344925995,-1.5335827028308142,0.9330483280141022
2024-02-25,-1.3986972552932715,-1.2485235178209382,-0.33691245782625123,-0.5861055175617865,0.46522375892484663,1.2378307641124109,-0.6597749750964191,-1.5335827028308142,1.8212565321321792
2024-03-02,-2.339826316557661,-2.3986064880443507,-0.3242498958903287,-0.31285735909286977,0.8407084959580646,1.4661082799810012,-0.10274522077571516,-1.0905321949611295,0.666585866778669
2024-03-03,-1.6016858763502964,-1.5743803593842383,-0.3284707498689695,0.32472167733460267,0.8407084959580646,0.7204017281435925,-0.28842180554928243,-0.6474816870914448,-2.1756803863992182
2024-03-04,-0.7159173481014596,-0.9226666762576378,-0.2778205021252794,1.2355488722309917,0.8407084959580646,-0.04052332475170842,0.5780689233940325,-0.20443117922176018,-2.220090796605082
2024-03-06,-0.05159095191483145,-0.3859612901533784,-0.3326916038476104,0.6890525552931583,0.7989879696210405,-0.2992378427361003,1.0732064827902141,0.2386193286479245,-0.7545472598102241
2024-03-08,-0.8081849031273801,-1.2293554683172148,-0.3284707498689695,-1.223684553989259,0.04801849555460437,0.9486792440121827,1.2588830675637823,0.6816698365176094,3.6420833505741967
2024-03-09,-1.4171507662984553,-1.344363765339556,-0.24827452427479343,-0.4039400785825087,0.8407084959580646,1.0399902503596223,-0.41220619539832726,1.124720344387294,0.26689217492554435
2024-03-10,-1.8415815194176899,-1.3060276663321086,-0.14275317480877234,0.5068871163138805,0.9241495486321131,1.283486267286122,-1.9595110685113943,1.5677708522569789,0.710996276984583
2024-03-11,-1.5094183213243757,-1.171851319806044,0.15692745767472768,1.2355488722309917,0.5903853379359193,0.9638977450700922,-1.2786969243416444,1.5677708522569789,-0.9321889006338799
2024-03-12,-0.5129287270444342,-1.2485235178209382,-0.33691245782625123,-1.4969327124581757,-2.580374663677922,0.9486792440121827,2.3110503812806678,1.124720344387294,-0.04398069651580282
2024-03-14,-0.8819989471481163,-0.6734820327092316,-0.33691245782625123,-0.5861055175617865,0.7989879696210405,0.7204017281435925,-0.7835593649454651,0.6816698365176094,-0.6657264393984467
2024-03-15,-1.0111735241844049,-0.5009695871757199,-0.33691245782625123,0.14255623835532483,0.8407084959580646,0.7051832270857004,-1.773834483737826,0.2386193286479245,-0.04398069651575233
2024-03-17,0.0037695811007210068,-0.2709529931310375,-0.33691245782625123,0.7801352747827972,0.0062979692175801445,0.5834352186224417,0.887529898016648,-0.20443117922176018,-0.35485356795715
2024-03-18,-0.6974638370962752,-0.4434654386645491,-0.31158733395440613,1.3266315917206308,0.6321058642729436,0.5529982165066402,-0.9073437547945099,-0.20443117922176018,-0.08839110672166628
2024-03-19,-0.4022076610133292,-0.5009695871757199,-0.3242498958903287,-0.7682709565410644,-0.11886360979349253,1.055208751417532,0.2686079487714215,-0.20443117922176018,1.4659732504849181
2024-03-20,-0.4575681940288817,-0.7309861812204023,-0.33691245782625123,-2.134511748885648,-1.1201562418820739,1.4965452820968028,0.8256377030921244,-0.6474816870914448,1.2883316096613129
2024-03-23,0.4282003342199556,-0.002600300078907455,-0.33691245782625123,0.5979698358035194,0.7572674432840162,0.035569180537821675,1.4445596523373507,-0.6474816870914448,-4.262969666076669
2024-03-24,0.8710845983443739,0.45743288801045734,-0.33691245782625123,-0.039609200623953005,-0.11886360979349253,0.32472070063804986,1.4445596523373507,-0.6474816870914448,0.8442275076023248
2024-03-25,0.3912933122095869,0.32325654148439265,-0.33691245782625123,0.14255623835532483,-0.2857457151415894,0.2942836985222309,0.26860794877141936,-0.6474816870914448,-0.08839110672171677
2024-03-26,0.6496424662821648,0.30408849198066884,-0.33691245782625123,0.14255623835532483,-0.577789399500759,0.6747462249698813,1.196990872639261,-0.6474816870914448,1.1106899688377077
2024-03-28,0.2067582021577458,0.054903848432262634,-0.33691245782625123,0.4158043968242416,0.7572674432840162,0.20297269217479133,0.5161767284695112,-1.0905321949611295,-1.3762930026929185
2024-03-31,0.1883046911525621,0.7449536305663105,-0.3326916038476104,0.5979698358035194,0.8407084959580646,-0.22314533744657025,-1.773834483737826,-1.0905321949611295,-1.2430617720751767
2024-04-02,0.3912933122095869,0.7257855810625867,-0.33691245782625123,0.23363895784496375,0.7989879696210405,-0.49707835648888893,-1.0311281446435547,-1.0905321949611295,-0.7989576700161886
2024-04-05,0.46510735623032373,0.4957689870179043,-0.3242498958903287,0.32472167733460267,0.6738263906099677,-0.10139732898332902,-0.04085302585119164,-0.6474816870914448,1.1551003790436216
2024-04-06,-0.2545795729718569,0.2465843434694981,-0.2229494004029484,1.053383433251714,0.8407084959580646,-0.07096032686751007,-1.650050093888781,-0.20443117922176018,0.08925053410193905
2024-04-07,0.28057224617848264,0.30408849198066884,-0.2989247720184836,0.962300713762075,0.7989879696210405,-0.2992378427361003,-0.04085302585119164,0.2386193286479245,-0.6657264393984467
2024-04-08,0.3728398012044032,0.16991214545460417,-0.33691245782625123,0.8712179942724362,0.8407084959580646,-0.04052332475170842,0.7018533132430795,0.2386193286479245,0.7554066871904465
2024-04-10,0.0037695811007210068,-0.04093639908635509,-0.33691245782625123,-0.8593536760307032,0.29834165357674974,0.7051832270857004,0.14482355892237672,0.2386193286479245,2.1765398137794403
2024-04-11,0.1698511801473777,0.13157604644715723,-0.33691245782625123,-0.039609200623953005,-0.6612304521748075,0.5377797154487306,0.1448235589223745,-0.20443117922176018,-0.4880847985748413
2024-04-12,0.6311889552769804,0.189080194958328,-0.33691245782625123,0.05147351886568591,-1.5373615052523162,0.1420986879431707,1.5064518472618722,-0.20443117922176018,-1.1542409516633991
2024-04-13,0.9448986423651101,0.4190967890030104,-0.33691245782625123,-0.039609200623953005,-0.9115536101969528,-0.1774898342728591,1.8159128218844853,-0.6474816870914448,-0.9321889006338799
2024-04-14,0.8526310873391896,0.6874494820551398,-0.33691245782625123,0.05147351886568591,0.6738263906099677,-0.08617882792541955,0.6399611183185561,-1.0905321949611295,0.26689217492554435
2024-04-15,0.6496424662821648,0.7832897295737575,-0.33691245782625123,0.14255623835532483,0.715546916946992,0.06600618265364064,-0.35031400047380484,-1.5335827028308142,0.44453381574914974
2024-04-16,0.8526310873391896,0.591609234536522,-0.33691245782625123,-0.039609200623953005,0.29834165357674974,-0.22314533744657025,0.9494220929411692,-1.5335827028308142,-0.843368080222052
2024-04-17,0.760363532313269,0.936634125603546,-0.33691245782625123,0.05147351886568591,0.29834165357674974,-0.4057673501414494,-0.47409839032285184,-1.5335827028308142,-0.5324952087807553
2024-04-18,0.5020143782406918,0.38076068999556345,0.02608098433686148,0.23363895784496375,0.715546916946992,-0.5579523607205096,0.4542845335449877,-1.0905321949611295,-0.4436743883689274
2024-04-19,0.5758284222614279,0.7641216800700343,-0.2440536702961526,0.23363895784496375,0.8407084959580646,-0.6644818681258413,-0.5359905852473754,-0.6474816870914448,-0.3104431577511856
2024-04-20,0.5020143782406918,0.22741629396577495,1.4442879211601856,0.32472167733460267,0.8407084959580646,-0.6949188702416602,0.9494220929411692,-0.20443117922176018,-0.08839110672171677
2024-04-21,0.07758362512145718,-0.11760859710124899,3.1073043887446787,1.1444661527413529,0.9241495486321131,-0.49707835648888893,0.6399611183185561,0.2386193286479245,0.5777650463668411
2024-04-22,0.022223092105904722,0.22741629396577495,0.22024026735434035,1.1444661527413529,0.7989879696210405,-0.573170861778419,-0.6597749750964202,0.6816698365176094,-0.22162233733940814
2024-04-23,0.07758362512145718,0.47660093751418114,1.3514291336300868,1.2355488722309917,0.9658700749691373,-0.6949188702416602,-1.2786969243416466,1.124720344387294,-0.35485356795709955
2024-04-25,0.3174792681888507,0.43826483850673353,-0.09632378104372301,0.7801352747827972,0.6738263906099677,-0.831885379762811,-0.35031400047380484,1.5677708522569789,-0.39926397816301346
2024-04-26,0.40974682321477124,0.43826483850673353,0.7183010368339602,0.962300713762075,0.9241495486321131,-1.2580034093841899,-0.04085302585119164,1.5677708522569789,-1.243061772075227
2024-04-27,0.6311889552769804,1.0708104721296106,-0.30314562599712447,0.6890525552931583,0.8407084959580646,-1.1362554009209314,-1.3405891192661679,1.5677708522569789,0.3557129953373723
2024-04-28,0.28057224617848264,0.2465843434694981,0.1780317275679319,1.1444661527413529,0.8407084959580646,-0.5579523607205096,0.14482355892237672,1.5677708522569789,1.6880253015144375
2024-04-29,0.5758284222614279,0.6107772840402459,-0.33691245782625123,0.6890525552931583,0.8407084959580646,-0.6188263649521302,-0.04085302585119384,1.124720344387294,-0.17721192713349418
2024-04-30,0.6865494882925329,0.189080194958328,0.5790128555388122,0.32472167733460267,0.7572674432840162,-1.1514739019788407,1.6921284320354404,1.124720344387294,-1.5539346435165238
2024-05-01,-0.4206611720185136,0.054903848432262634,1.8959192968747558,1.3266315917206308,0.8407084959580646,-0.6340448660100396,-1.5881578989642575,1.124720344387294,1.510383660690832
2024-05-02,-0.21767255096148816,0.30408849198066884,-0.2904830640612019,0.962300713762075,0.8407084959580646,-0.13183433109913067,-1.7119422888133025,1.124720344387294,1.4659732504849687
2024-05-04,-0.2545795729718569,0.054903848432262634,2.832948880133024,1.4177143112102697,0.8407084959580646,-0.49707835648888893,-1.0311281446435547,1.124720344387294,-1.0654201312516218
2024-05-05,0.28057224617848264,0.13157604644715723,-0.1132071969582864,0.7801352747827972,0.46522375892484663,-0.39054884908353993,0.5161767284695112,1.124720344387294,0.3113025851314583
2024-05-06,0.9448986423651101,0.47660093751418114,-0.33691245782625123,0.4158043968242416,-0.6195099258377832,-0.08617882792541955,1.630236237110917,0.6816698365176094,0.8886379178081882
2024-05-07,0.7788170433184534,0.6682814325514166,-0.33691245782625123,0.23363895784496375,0.6738263906099677,0.12688018688526123,0.4542845335449877,0.6816698365176094,0.6221754565727551
2024-05-09,0.3174792681888507,0.5532731355290751,-0.33691245782625123,-0.8593536760307032,0.8407084959580646,0.41603170698547215,-0.7216671700209415,0.2386193286479245,0.8442275076022743
2024-05-12,0.7234565103029009,0.6107772840402459,-0.20606598448838498,0.6890525552931583,0.7989879696210405,-0.13183433109913067,0.4542845335449877,0.2386193286479245,-1.5983450537223873
2024-05-13,0.6496424662821648,0.30408849198066884,-0.30736647997576527,0.32472167733460267,0.8407084959580646,-0.14705283215704015,1.196990872639261,0.2386193286479245,-0.04398069651580282
2024-05-14,0.44665384522513935,0.189080194958328,-0.33691245782625123,-1.223684553989259,-1.1618767682190982,0.17253569005898967,0.8875298980166457,-0.20443117922176018,0.9330483280141022
2024-05-15,0.6865494882925329,0.2849204424769457,-0.33691245782625123,-1.4058499929685369,-0.16058413613051675,0.30950219958014036,1.3826674574128273,-0.6474816870914448,0.4001234055432357
2024-05-16,0.44665384522513935,0.47660093751418114,-0.33691245782625123,-1.5880154319478146,-0.5360688731637347,0.33993920169594205,-0.04085302585119384,-0.6474816870914448,0.08925053410188855
2024-05-19,-0.08849797392519954,0.38076068999556345,0.4017369884358968,0.5068871163138805,0.8407084959580646,-0.7862298765890998,-1.5262657040397363,-0.20443117922176018,-3.2859406415467642
2024-05-20,-0.2545795729718569,0.3424245909881158,0.9588897136164883,1.3266315917206308,0.8407084959580646,-0.8775408829365394,-1.9595110685113943,0.2386193286479245,-0.26603274754532213
2024-05-21,-0.10695148493038391,0.38076068999556345,1.5751343944980516,1.5998797501895474,0.9658700749691373,-0.6492633670679492,-1.5881578989642597,0.2386193286479245,0.666585866778669
2024-05-23,0.26211873517329826,0.5532731355290751,-0.23139110836023008,1.2355488722309917,1.09103165398021,-0.4818598554309795,-0.9073437547945099,0.2386193286479245,0.4889442259550637
2024-05-24,-0.07004446292001582,0.47660093751418114,0.4059578424145377,1.3266315917206308,1.0075906013061615,-0.39054884908353993,-1.7738344837378281,0.6816698365176094,0.26689217492554435
2024-05-25,0.1698511801473777,0.5149370365216281,-0.007685847492265274,1.2355488722309917,0.8407084959580646,-0.3753303480256304,-1.0930203395680782,1.124720344387294,0.04484012389602509
2024-05-26,0.6311889552769804,0.6874494820551398,-0.3242498958903287,0.8712179942724362,0.8407084959580646,-0.6492633670679492,-0.10274522077571516,1.5677708522569789,-0.7989576700161886
2024-05-27,0.5758284222614279,0.9941382741147168,-0.05411524125731456,0.6890525552931583,0.8407084959580646,-1.33409591467372,-1.2786969243416466,1.5677708522569789,-1.9980387455755626
2024-05-28,0.9633521533702945,0.7449536305663105,0.03874354627278405,0.5068871163138805,0.8407084959580646,-1.4710624241948707,0.8256377030921244,1.5677708522569789,-0.39926397816301346
2024-05-29,0.3728398012044032,0.47660093751418114,-0.33691245782625123,-0.6771882370514254,0.7989879696210405,-1.0297258935155995,-0.2884218055492835,1.124720344387294,1.2883316096613129
2024-05-30,-0.10695148493038391,0.47660093751418114,-0.18074086061653993,0.7801352747827972,0.8407084959580646,-1.0145073924576902,-1.8976188735868729,1.124720344387294,0.04484012389602509
2024-05-31,0.5573749112562443,0.7066175315588635,0.2286819753116221,1.2355488722309917,0.8407084959580646,-0.9231963861102506,-0.41220619539832837,1.124720344387294,0.26689217492554435
2024-06-01,0.5573749112562443,0.6682814325514166,1.9507903985970871,0.962300713762075,0.8824290222950889,-0.7253558723574792,-0.2884218055492835,1.124720344387294,0.5777650463668411
2024-06-02,0.6496424662821648,0.7066175315588635,-0.20184513050974415,0.5979698358035194,0.7572674432840162,-0.8014483776470093,-0.10274522077571516,1.124720344387294,-0.22162233733940814
2024-06-03,0.26211873517329826,0.32325654148439265,0.02608098433686148,1.2355488722309917,0.8407084959580646,-0.6340448660100396,-0.16463741570023868,1.124720344387294,0.4889442259550637
2024-06-04,-0.34684712799777745,0.15074409595088037,-0.21450769244566673,0.7801352747827972,0.8407084959580646,-0.4057673501414494,-1.650050093888781,1.124720344387294,0.666585866778669
2024-06-05,-0.2545795729718569,0.2465843434694981,0.021860130358220653,1.1444661527413529,0.8407084959580646,-0.36011184696772097,-1.650050093888781,1.5677708522569789,0.133660944307853
2024-06-07,-0.03313744090964708,0.5724411850327988,-0.26937879416799765,1.3266315917206308,1.09103165398021,-0.7101373712995698,-1.9595110685113943,1.5677708522569789,-1.0210097210457079
2024-06-08,0.3912933122095869,0.5149370365216281,-0.04989438727867373,1.1444661527413529,0.8407084959580646,-0.86232238187863,-0.350314000473807,1.5677708522569789,-0.4436743883689274
2024-06-09,0.13294415813700963,0.6107772840402459,1.077073625018432,1.4177143112102697,0.7572674432840162,-0.6492633670679492,-1.5262657040397363,1.5677708522569789,0.6221754565727551
2024-06-10,0.7234565103029009,0.8407938780849282,-0.3284707498689695,0.6890525552931583,0.7572674432840162,-0.5579523607205096,-0.2884218055492835,1.5677708522569789,0.26689217492554435
2024-06-11,0.7419100213080854,1.1666507196482283,-0.31158733395440613,0.5979698358035194,0.8407084959580646,-0.6797003691837508,-1.2786969243416444,1.5677708522569789,-0.35485356795709955
2024-06-12,0.9264451313599265,1.1474826701445053,0.013418422400938991,0.5068871163138805,0.8407084959580646,-0.86232238187863,-0.5978827801718967,1.5677708522569789,-0.5324952087807553
2024-06-13,0.9633521533702945,1.262490967166846,-0.13009061287284976,0.5068871163138805,0.7572674432840162,-1.1971294051525518,-0.8454515598699863,1.5677708522569789,-0.9765993108397434
2024-06-14,0.6680959772873485,1.0708104721296106,1.0137608153388193,0.4158043968242416,0.8824290222950889,-1.2884404114999914,-1.2168047294171231,1.5677708522569789,-0.26603274754532213
2024-06-15,0.5942819332666124,0.5532731355290751,0.8575892181291082,0.7801352747827972,0.8407084959580646,-1.2123479062104614,0.20671575384689803,1.5677708522569789,0.2224817647196304
2024-06-16,0.760363532313269,0.7641216800700343,0.4017369884358968,0.7801352747827972,0.8407084959580646,-0.9688518892839617,0.082931363997851,1.5677708522569789,0.710996276984583
2024-06-18,0.9818056643754789,1.0516424226258876,-0.14275317480877234,0.32472167733460267,0.8407084959580646,-1.0145073924576902,-0.10274522077571516,1.5677708522569789,-0.1328015169276307
2024-06-19,1.0002591753806633,1.1283146206407815,0.05984781616598828,0.23363895784496375,0.8407084959580646,-1.0449443945734918,-0.2884218055492813,1.5677708522569789,-0.08839110672166628
2024-06-20,1.1478872634221355,0.9941382741147168,-0.12586975889420893,0.4158043968242416,0.7572674432840162,-1.0601628956314013,0.6399611183185561,1.5677708522569789,-0.04398069651580282
2024-06-21,1.3324223734739766,1.262490967166846,-0.33691245782625123,-0.13069192011359193,0.3817827062507982,-0.9992888913997806,0.3923923386204664,1.124720344387294,0.17807135451371647
2024-06-22,1.295515351463608,1.4158353631966345,-0.33691245782625123,-0.22177463960323085,0.7572674432840162,-0.93841488716816,-0.22652961062476218,0.6816698365176094,0.17807135451371647
2024-06-23,1.3139688624687922,1.1091465711370576,-0.13853232083013148,0.05147351886568591,0.7572674432840162,-0.8927593839944316,0.8256377030921244,0.6816698365176094,0.133660944307853
2024-06-24,1.2217013074428718,1.28165901667057,-0.3242498958903287,-0.039609200623953005,0.8407084959580646,-0.8014483776470093,-0.04085302585119384,0.6816698365176094,0.2668921749254939
2024-06-25,1.1847942854325044,0.8407938780849282,0.46504979811550945,0.14255623835532483,0.8407084959580646,-0.5122968575467811,1.2588830675637845,0.6816698365176094,0.8442275076023248
2024-06-26,1.3324223734739766,1.1091465711370576,-0.33691245782625123,0.14255623835532483,0.46522375892484663,-0.1927083353307686,0.887529898016648,0.2386193286479245,0.9330483280140518
2024-06-27,1.4062364174947128,1.2049868186556754,-0.2778205021252794,0.14255623835532483,0.21490060090270127,-0.2535823395623892,0.8256377030921244,0.2386193286479245,-0.17721192713349418
2024-06-28,1.3693293954843453,1.3008270661742931,-0.26937879416799765,-0.22177463960323085,0.34006217991377397,-0.5579523607205096,0.3923923386204686,0.6816698365176094,-0.887778490427966
2024-06-29,0.8710845983443739,0.898298026596099,0.3173199088630798,0.4158043968242416,0.7572674432840162,-0.7557928744732809,0.02103916907332968,1.124720344387294,-0.5769056189866187
2024-06-30,0.9633521533702945,1.0708104721296106,0.030301838315502313,0.14255623835532483,0.8407084959580646,-0.907977885052341,-0.22652961062475999,1.124720344387294,-0.4436743883689274
2024-07-01,1.0371661973910307,1.3774992641891877,-0.23139110836023008,0.05147351886568591,0.8407084959580646,-1.0905998977472202,-0.9692359497190334,1.124720344387294,-0.5324952087807553
2024-07-02,1.0925267304065838,1.3391631651817406,-0.1132071969582864,0.14255623835532483,0.7572674432840162,-0.86232238187863,-0.659774975096418,1.124720344387294,0.666585866778669
2024-07-03,1.2586083294532404,1.262490967166846,-0.33691245782625123,0.05147351886568591,-0.45262782048968636,-0.16227133321494963,0.14482355892237672,1.124720344387294,2.0433085831616986
2024-07-04,1.055619708396215,1.0708104721296106,-0.12164890491556811,0.05147351886568591,-0.577789399500759,-0.1166158300412385,0.0829313639978532,1.124720344387294,0.1336609443078025
2024-07-05,1.4431434395050815,1.2241548681593992,-0.2735996481466385,-0.13069192011359193,-0.6195099258377832,-0.573170861778419,0.887529898016648,1.124720344387294,-1.3318825924870046
2024-07-06,1.3324223734739766,1.3583312146854638,-0.3284707498689695,-0.039609200623953005,-0.2440251888045652,-0.6644818681258413,0.0829313639978532,1.124720344387294,-0.2660327475452716
2024-07-08,1.4062364174947128,1.4158353631966345,-0.3284707498689695,-0.4950227980721476,-0.2440251888045652,-0.6644818681258413,0.1448235589223745,1.124720344387294,0.00042971369011113775
2024-07-10,1.4246899284998973,0.936634125603546,0.11471891788831923,-0.22177463960323085,-0.577789399500759,-0.6036078638942207,1.7540206269599639,1.124720344387294,0.17807135451371647
2024-07-11,1.0002591753806633,1.2241548681593992,-0.06255694921459626,0.05147351886568591,0.29834165357674974,-0.8775408829365394,-0.5978827801718944,1.124720344387294,-0.7989576700161886
2024-07-12,0.907991620354742,1.0133063236184399,0.692975912962115,0.5979698358035194,0.5903853379359193,-1.1819109040946598,-0.22652961062475999,1.5677708522569789,-0.887778490427966
2024-07-13,1.295515351463608,1.0708104721296106,0.0007558604650164249,-0.13069192011359193,0.5903853379359193,-1.1058183988051298,0.8875298980166457,1.5677708522569789,0.2224817647196304
2024-07-14,1.4431434395050815,0.8791299770923752,3.46185612295051,0.4158043968242416,0.715546916946992,-0.8014483776470093,2.0015894066580557,1.5677708522569789,0.8886379178081882
2024-07-15,1.1478872634221355,1.1091465711370576,0.23712368326890376,0.6890525552931583,0.7989879696210405,-0.6340448660100396,0.2686079487714215,1.5677708522569789,0.4889442259550637
2024-07-16,0.6680959772873485,0.7449536305663105,0.3257616168203615,0.7801352747827972,0.7572674432840162,-0.6188263649521302,-0.16463741570023868,1.5677708522569789,0.04484012389602509
2024-07-17,1.0925267304065838,0.8791299770923752,0.2413445372475446,0.5068871163138805,0.6738263906099677,-0.5579523607205096,0.8256377030921266,1.5677708522569789,0.17807135451371647
2024-07-18,0.760363532313269,0.8791299770923752,0.4903749219873546,0.962300713762075,0.4235032325878224,-0.5275153586046906,-0.2884218055492835,1.5677708522569789,0.08925053410193905
2024-07-19,0.7419100213080854,0.9558021751072698,1.372533403523291,1.053383433251714,0.7989879696210405,-0.7710113755311904,-0.5978827801718967,1.5677708522569789,-0.7101368496043606
2024-07-20,1.2401548184480562,1.319995115678017,-0.18074086061653993,0.6890525552931583,0.8407084959580646,-0.7710113755311904,-0.10274522077571516,1.5677708522569789,0.00042971369011113775
2024-07-21,0.9818056643754789,1.2433229176631229,-0.13853232083013148,0.5068871163138805,0.5903853379359193,-0.831885379762811,-0.7216671700209415,1.5677708522569789,-0.17721192713349418
2024-07-22,1.2401548184480562,1.319995115678017,-0.3284707498689695,0.23363895784496375,0.7989879696210405,-1.1058183988051298,-0.10274522077571516,1.5677708522569789,-0.7989576700161886
2024-07-23,1.2032477964376873,1.28165901667057,-0.33691245782625123,-0.13069192011359193,0.7572674432840162,-1.6689029379476419,-0.10274522077571735,1.124720344387294,-1.642755463928301
2024-07-24,1.0925267304065838,1.262490967166846,-0.33691245782625123,0.23363895784496375,0.8407084959580646,-2.3841724876692316,-0.41220619539832615,0.6816698365176094,-2.0868595659873903
2024-07-26,0.6496424662821648,1.3008270661742931,-0.17229915265925827,0.6890525552931583,1.0493111276431857,-2.6428870056536238,-2.0214032634359156,0.6816698365176094,-0.7545472598102241
2024-07-27,0.6311889552769804,0.936634125603546,1.1277238727621224,0.962300713762075,1.0075906013061615,-1.4862809252527802,-0.9073437547945099,0.6816698365176094,3.3756208893387636
2024-07-28,0.1883046911525621,0.8216258285812045,2.5923602033504958,1.5087970306999086,1.0075906013061615,-1.0145073924576902,-2.0214032634359156,0.6816698365176094,1.3771524300731408
2024-07-29,0.5204678892458762,0.8599619275886521,-0.05411524125731456,1.053383433251714,0.8407084959580646,-0.9840703903418712,-1.0311281446435547,0.6816698365176094,0.08925053410193905
2024-07-30,0.6496424662821648,0.7641216800700343,0.9082394658727982,1.053383433251714,0.8407084959580646,-0.9992888913997806,-0.2884218055492835,0.6816698365176094,-0.04398069651580282
2024-07-31,0.6311889552769804,0.7832897295737575,1.6975391598786362,0.962300713762075,0.9241495486321131,-0.7405743734153714,-0.41220619539832837,1.124720344387294,0.7554066871904969
2024-08-01,1.129433752416951,1.1666507196482283,-0.23983281631751177,0.14255623835532483,0.46522375892484663,-0.6644818681258413,0.02103916907332968,1.5677708522569789,0.2224817647196304
2024-08-02,0.8710845983443739,1.1666507196482283,-0.3200290419116878,0.32472167733460267,0.17318007456567705,-0.7253558723574792,-0.8454515598699863,1.5677708522569789,-0.17721192713354467
2024-08-03,1.2032477964376873,1.262490967166846,-0.33691245782625123,-0.13069192011359193,-1.704243610600413,-0.5883893628363113,-0.04085302585119384,1.124720344387294,0.40012340554328624
2024-08-04,1.3693293954843453,1.1858187691519522,-0.33691245782625123,-0.13069192011359193,-1.9128462422855343,-0.7253558723574792,0.7637455081676031,0.6816698365176094,-0.39926397816306397
2024-08-05,1.590771527546554,1.3774992641891877,-0.33691245782625123,-0.13069192011359193,-0.36918676781563786,-1.0449443945734918,0.8875298980166457,0.2386193286479245,-0.9321889006338294
2024-08-06,1.4985039725206333,0.8599619275886521,0.0978355019737559,0.05147351886568591,0.13145954822865283,-1.0905998977472202,2.2491581863561434,0.2386193286479245,-0.1328015169276307
2024-08-07,1.2770618404584249,1.2433229176631229,-0.33691245782625123,0.14255623835532483,0.08973902189162859,-0.9231963861102506,0.2686079487714215,-0.20443117922176018,0.4889442259550637
2024-08-08,1.1847942854325044,1.3774992641891877,-0.33691245782625123,-0.039609200623953005,-0.45262782048968636,-0.8927593839944316,-0.47409839032284967,-0.6474816870914448,0.08925053410193905
2024-08-09,1.1478872634221355,1.262490967166846,-0.33691245782625123,-0.13069192011359193,0.08973902189162859,-1.0601628956314013,-0.22652961062475999,-1.0905321949611295,-0.4880847985748413
2024-08-11,0.9633521533702945,1.3583312146854638,-0.33691245782625123,0.32472167733460267,0.5903853379359193,-1.4406254220790518,-1.1549125344925995,-1.0905321949611295,-1.1098305414574852
2024-08-12,0.9264451313599265,0.7449536305663105,0.5452460237096854,0.6890525552931583,0.8407084959580646,-1.2884404114999914,0.7018533132430795,-0.6474816870914448,0.44453381574914974
2024-08-13,1.2217013074428718,1.1283146206407815,-0.12586975889420893,0.4158043968242416,0.8407084959580646,-0.9992888913997806,0.4542845335449877,-0.20443117922176018,0.8442275076022743
2024-08-14,0.6865494882925329,1.1666507196482283,-0.3326916038476104,0.4158043968242416,0.8407084959580646,-0.9536333882260695,-1.4643735091152128,-0.20443117922176018,0.1336609443078025
2024-08-15,0.5758284222614279,0.7449536305663105,0.0007558604650164249,0.962300713762075,0.8407084959580646,-1.1210368998630218,-0.47409839032285184,0.2386193286479245,-0.48808479857479087
2024-08-16,0.5020143782406918,0.8407938780849282,-0.3200290419116878,0.5979698358035194,0.715546916946992,-1.1362554009209314,-1.0311281446435547,0.6816698365176094,-0.04398069651580282
2024-08-17,0.3728398012044032,0.591609234536522,4.5677198653544115,1.3266315917206308,1.0493111276431857,-0.8927593839944316,-0.659774975096418,1.124720344387294,0.710996276984583
2024-08-18,0.6496424662821648,0.7066175315588635,1.0348650852320236,0.8712179942724362,0.8824290222950889,-0.9840703903418712,-0.10274522077571516,1.5677708522569789,-0.26603274754532213
2024-08-19,0.3728398012044032,0.9174660760998221,0.47771236005143203,0.962300713762075,0.9241495486321131,-1.227566407268371,-1.7119422888133025,1.5677708522569789,-0.7101368496043606
2024-08-20,0.3174792681888507,0.6682814325514166,0.1442648957388052,1.053383433251714,1.1327521803172342,-0.9536333882260695,-1.0930203395680782,1.5677708522569789,0.7998170973963604
2024-08-21,0.26211873517329826,0.8024577790774813,-0.17229915265925827,0.8712179942724362,0.8824290222950889,-0.4209858511993589,-1.7119422888133047,1.5677708522569789,1.554794070896746
2024-08-22,0.9633521533702945,0.8599619275886521,-0.33691245782625123,0.5068871163138805,0.7989879696210405,-0.3296748448519193,0.4542845335449877,1.124720344387294,0.26689217492554435
2024-08-23,0.8526310873391896,1.1283146206407815,-0.33691245782625123,0.4158043968242416,0.8407084959580646,-0.31445634379400983,-0.7835593649454651,0.6816698365176094,0.04484012389602509
2024-08-24,1.3877829064895284,1.1474826701445053,-0.33691245782625123,-0.039609200623953005,0.46522375892484663,-0.49707835648888893,0.9494220929411671,0.2386193286479245,-0.5324952087807553
2024-08-25,1.2770618404584249,1.1283146206407815,-0.33691245782625123,-0.22177463960323085,-0.8698330838599286,-0.6949188702416602,0.6399611183185583,-0.20443117922176018,-0.5769056189866187
2024-08-26,1.295515351463608,1.2049868186556754,-0.33691245782625123,-0.22177463960323085,-1.1201562418820739,-0.8927593839944316,0.4542845335449877,-0.6474816870914448,-0.5769056189866187
2024-08-27,1.350875884479161,1.2241548681593992,-0.33691245782625123,-0.31285735909286977,-0.8281125575229044,-1.0905998977472202,0.5780689233940347,-1.0905321949611295,-0.5769056189866693
2024-08-30,1.2770618404584249,1.1091465711370576,0.6465465191970658,0.4158043968242416,0.5069442852618709,-0.86232238187863,0.7018533132430818,-1.0905321949611295,0.666585866778669
2024-08-31,1.0002591753806633,1.0899785216333344,-0.020348409428187803,0.5979698358035194,0.7572674432840162,-0.6644818681258413,-0.16463741570023646,-0.6474816870914448,0.5777650463668916
2024-09-03,1.2401548184480562,0.6491133830476928,1.161490704591249,0.05147351886568591,0.715546916946992,-0.9840703903418712,2.063481601582577,-0.20443117922176018,-0.9321889006338799
2024-09-04,1.055619708396215,0.8407938780849282,-0.31158733395440613,-0.22177463960323085,0.8407084959580646,-1.5623734305423103,0.8256377030921244,0.2386193286479245,-1.6871658741342657
2024-09-05,1.2217013074428718,0.7832897295737575,0.5705711475815306,-0.5861055175617865,0.8407084959580646,-1.9884914601636718,1.5683440421863957,0.6816698365176094,-1.2430617720751767
2024-09-06,0.3728398012044032,0.7257855810625867,3.2128257382106997,1.1444661527413529,1.1327521803172342,-1.6689029379476419,-1.093020339568076,1.124720344387294,0.9330483280141022
2024-09-07,0.760363532313269,1.1091465711370576,-0.09210292706508218,0.962300713762075,0.8407084959580646,-0.831885379762811,-1.0311281446435547,1.5677708522569789,2.443002275014823
2024-09-08,0.6127354442717967,0.9941382741147168,1.2585703460999882,1.2355488722309917,0.8407084959580646,-0.6036078638942207,-1.1549125344925995,1.5677708522569789,0.666585866778669
2024-09-09,0.5942819332666124,0.8024577790774813,0.2117985593970587,0.6890525552931583,0.6321058642729436,-0.7405743734153714,-0.5978827801718967,1.5677708522569789,-0.39926397816301346
2024-09-10,1.2032477964376873,0.898298026596099,-0.33691245782625123,-0.039609200623953005,-0.32746624147861364,-0.8014483776470093,1.1350986777147354,1.124720344387294,-0.17721192713354467
2024-09-11,1.3877829064895284,1.1666507196482283,-0.33691245782625123,-0.13069192011359193,-0.7029509785118317,-0.6797003691837508,0.8875298980166457,0.6816698365176094,0.3557129953373723
2024-09-12,1.0002591753806633,1.0708104721296106,-0.33691245782625123,-0.039609200623953005,-0.5360688731637347,-0.8471038808207204,-0.10274522077571295,0.2386193286479245,-0.4880847985748413
2024-09-13,1.4246899284998973,1.1666507196482283,-0.3326916038476104,-0.4039400785825087,0.17318007456567705,-1.1362554009209314,1.0113142878656927,0.2386193286479245,-0.843368080222052
2024-09-14,1.2401548184480562,0.8791299770923752,2.0774160179563124,-0.13069192011359193,0.5903853379359193,-1.4862809252527802,1.320775262488306,0.2386193286479245,-1.0210097210457079
2024-09-15,0.907991620354742,1.0133063236184399,-0.23561196233887094,-0.13069192011359193,0.0062979692175801445,-1.5623734305423103,-0.22652961062475999,0.2386193286479245,-0.22162233733940814
2024-09-16,0.7050029992977173,0.7066175315588635,0.8196015323213405,0.32472167733460267,0.715546916946992,-1.303658912557901,0.0829313639978532,0.2386193286479245,0.7554066871904969
2024-09-17,1.646132060562107,0.8024577790774813,0.3384241787562841,-0.31285735909286977,0.34006217991377397,-1.2884404114999914,2.9299723305258953,0.6816698365176094,0.04484012389602509
2024-09-19,1.2586083294532404,1.262490967166846,-0.33691245782625123,-0.22177463960323085,0.7572674432840162,-1.4254069210211422,0.14482355892237672,0.6816698365176094,-0.39926397816301346
2024-09-20,1.0740732194013993,1.0133063236184399,-0.14275317480877234,0.14255623835532483,0.6738263906099677,-1.4254069210211422,0.33050014369594505,1.124720344387294,0.00042971369011113775
2024-09-21,0.3728398012044032,0.6874494820551398,2.7400900926029257,1.1444661527413529,0.8407084959580646,-1.379751417847431,-0.9692359497190312,1.124720344387294,0.1336609443078025
2024-09-22,0.6127354442717967,0.43826483850673353,1.0179816693174604,0.962300713762075,0.9658700749691373,-1.0297258935155995,0.6399611183185583,1.124720344387294,1.0218691484258797
2024-09-23,0.22521171316293018,0.2465843434694981,0.7140801828553193,1.1444661527413529,0.9241495486321131,-0.5427338596626001,-0.04085302585119164,1.124720344387294,1.4215628402790548
2024-09-24,0.26211873517329826,0.591609234536522,2.828728026154383,1.2355488722309917,0.8824290222950889,-0.2992378427361003,-1.0311281446435547,1.124720344387294,0.710996276984583
2024-09-25,0.8526310873391896,0.9174660760998221,-0.10898634297964555,0.5068871163138805,0.21490060090270127,-0.20792683638866077,-0.10274522077571516,1.124720344387294,0.26689217492554435
2024-09-26,0.8895381093495583,1.0133063236184399,-0.33691245782625123,0.05147351886568591,-1.2035972945561224,-0.20792683638866077,-0.2884218055492813,1.124720344387294,0.00042971369011113775
2024-09-27,1.0371661973910307,1.1474826701445053,-0.33691245782625123,-0.13069192011359193,-1.1201562418820739,-0.3753303480256304,-0.22652961062476218,0.6816698365176094,-0.4880847985748413
2024-09-28,0.9818056643754789,1.0324743731221637,-0.2820413561039202,0.23363895784496375,0.2566211272397255,-0.5122968575467811,-0.04085302585119164,0.6816698365176094,-0.39926397816301346
2024-09-29,0.9264451313599265,0.8599619275886521,-0.19762427653110332,-0.13069192011359193,-0.2440251888045652,-0.6036078638942207,0.3305001436959429,0.6816698365176094,-0.26603274754532213
2024-09-30,1.2032477964376873,1.1091465711370576,-0.33691245782625123,-0.5861055175617865,-0.2857457151415894,-1.0753813966893107,0.4542845335449877,0.2386193286479245,-1.3762930026929185
2024-10-01,1.3693293954843453,1.0899785216333344,-0.33691245782625123,-1.7701808709270925,0.4235032325878224,-1.1210368998630218,1.0732064827902164,-0.20443117922176018,-0.13280151692758022
2024-10-02,0.7419100213080854,0.6491133830476928,-0.33691245782625123,-2.134511748885648,0.29834165357674974,-0.4057673501414494,0.3923923386204664,-0.6474816870914448,2.0877189933675617
2024-10-03,0.4835608672355074,0.22741629396577495,-0.33691245782625123,-2.5899253463338425,0.2566211272397255,0.0964431847694596,0.8875298980166457,-0.6474816870914448,1.4659732504849687
2024-10-04,0.760363532313269,0.47660093751418114,-0.33691245782625123,-2.498842626844204,0.04801849555460437,0.2790651974643214,1.0113142878656907,-0.6474816870914448,0.5333546361609272
2024-10-05,0.8710845983443739,0.6491133830476928,-0.33691245782625123,-1.3147672734788978,0.5069442852618709,0.11166168582735177,0.8256377030921244,-1.0905321949611295,-0.4880847985748413
2024-10-06,1.2032477964376873,0.8791299770923752,-0.33691245782625123,-0.6771882370514254,-1.0784357155450497,0.17253569005898967,1.1969908726392589,-1.5335827028308142,0.17807135451376696
2024-10-07,1.129433752416951,0.9941382741147168,-0.33691245782625123,-1.0415191150099812,-0.32746624147861364,0.2790651974643214,0.5780689233940325,-1.5335827028308142,0.3113025851314078
2024-10-08,0.907991620354742,0.7832897295737575,-0.33691245782625123,-1.4058499929685369,-1.3704793999042193,0.24862819534851976,0.5161767284695112,-1.5335827028308142,-0.08839110672166628
2024-10-11,0.13294415813700963,0.20824824446205112,0.030301838315502313,0.14255623835532483,0.6738263906099677,0.17253569005898967,-0.22652961062475999,-1.0905321949611295,-0.22162233733940814
2024-10-12,0.5389214002510598,0.6682814325514166,-0.33691245782625123,-0.9504363955203422,-1.5373615052523162,0.38559470486967046,-0.350314000473807,-1.0905321949611295,0.6221754565727551
2024-10-13,0.6311889552769804,0.7257855810625867,-0.33691245782625123,-0.4039400785825087,-0.11886360979349253,0.2942836985222309,-0.22652961062475999,-1.0905321949611295,-0.26603274754532213
2024-10-14,0.7788170433184534,0.8024577790774813,-0.33691245782625123,-0.22177463960323085,-1.4121999262412435,0.1420986879431707,0.02103916907332968,-1.0905321949611295,-0.4436743883689274
2024-10-15,0.760363532313269,0.8599619275886521,-0.33691245782625123,-0.22177463960323085,0.3817827062507982,0.1573171890010802,-0.22652961062476218,-1.0905321949611295,0.04484012389602509
2024-10-19,1.2770618404584249,0.8216258285812045,-0.33691245782625123,-0.31285735909286977,-1.0367151892080255,0.2334096942906103,1.6302362371109214,-1.0905321949611295,0.2224817647196304
2024-10-20,0.5389214002510598,0.9174660760998221,-0.2567162322320752,-0.22177463960323085,0.5903853379359193,0.5986537196803513,-1.1549125344925995,-0.6474816870914448,1.0662795586317937
2024-10-22,1.0187126863858462,0.7449536305663105,-0.33691245782625123,-1.223684553989259,-0.6612304521748075,0.17253569005898967,1.0113142878656907,-1.0905321949611295,-1.2430617720751767
2024-10-23,0.29902575718366636,0.2465843434694981,-0.33691245782625123,-1.8612635904167314,0.5486648115988951,-0.025304823693798936,0.20671575384689803,-1.0905321949611295,-0.5769056189866693
2024-10-24,0.3174792681888507,-0.021768349582631272,-0.33691245782625123,-3.2275043827613152,0.6738263906099677,-0.5122968575467811,1.1350986777147376,-1.0905321949611295,-1.4207034128987819
2024-10-25,0.4835608672355074,0.15074409595088037,-0.33691245782625123,-2.9542562242923984,0.4235032325878224,-0.8927593839944316,1.1350986777147376,-1.0905321949611295,-1.1098305414574852
2024-10-26,0.3174792681888507,0.6107772840402459,-0.30736647997576527,-0.9504363955203422,0.8407084959580646,-0.907977885052341,-0.9073437547945099,-0.6474816870914448,-0.04398069651580282
2024-10-30,0.46510735623032373,0.4190967890030104,-0.33691245782625123,-1.223684553989259,0.08973902189162859,-0.3448933459098288,0.20671575384689803,-0.6474816870914448,1.6436148913085236
2024-10-31,0.7050029992977173,0.38076068999556345,-0.33691245782625123,-2.3166771878649257,-1.1201562418820739,-0.9992888913997806,1.1350986777147376,-1.0905321949611295,-1.9092179251637347
2024-11-01,0.7050029992977173,0.36159264049183965,-0.33691245782625123,-1.9523463099063703,-0.7446715048488559,-0.436204352257251,1.196990872639261,-1.0905321949611295,1.643614891308574
2024-11-02,0.151397669142194,0.15074409595088037,-0.33691245782625123,-1.223684553989259,0.34006217991377397,0.5682167175645323,0.02103916907333188,-1.0905321949611295,2.931516787279725
2024-11-03,0.44665384522513935,0.47660093751418114,-0.33691245782625123,-0.4039400785825087,0.6738263906099677,0.6899647260277908,-0.04085302585119384,-1.0905321949611295,0.3557129953373723
2024-11-08,0.09603713612664155,-0.23261689412359055,-0.33691245782625123,-2.6810080658234816,-1.0784357155450497,0.6138722207382608,1.0732064827902164,-1.0905321949611295,-0.22162233733940814
2024-11-09,0.2067582021577458,0.2465843434694981,-0.2567162322320752,-1.0415191150099812,0.8407084959580646,0.2942836985222309,-0.10274522077571516,-1.0905321949611295,-0.9321889006338799
2024-11-10,-0.07004446292001582,0.2465843434694981,-0.07521951115051878,0.23363895784496375,0.8407084959580646,0.33993920169594205,-1.0311281446435547,-0.6474816870914448,0.1336609443078025
2024-11-11,-0.08849797392519954,0.36159264049183965,-0.33691245782625123,-0.039609200623953005,0.5069442852618709,0.2790651974643214,-1.4643735091152128,-0.6474816870914448,-0.17721192713349418
2024-11-12,0.4835608672355074,0.22741629396577495,-0.33691245782625123,-0.22177463960323085,-0.36918676781563786,-0.04052332475170842,0.8875298980166457,-0.6474816870914448,-0.9321889006338799
2024-11-13,-0.10695148493038391,0.20824824446205112,0.28777393101259396,0.4158043968242416,0.7572674432840162,-0.3753303480256304,-1.0311281446435547,-0.20443117922176018,-0.9765993108397434
2024-11-14,-0.21767255096148816,0.3999287394992866,-0.07099865717187795,0.962300713762075,1.0075906013061615,-0.4514228533151605,-2.0214032634359156,0.2386193286479245,-0.22162233733940814
2024-11-15,-0.3099401059874087,0.2657523929732219,1.2079200983562983,1.5087970306999086,1.0075906013061615,-0.39054884908353993,-1.8976188735868709,0.6816698365176094,0.17807135451371647
2024-11-16,0.2067582021577458,0.32325654148439265,1.0686319170611502,0.962300713762075,0.8407084959580646,-0.13183433109913067,-0.350314000473807,0.6816698365176094,0.7554066871904969
2024-11-17,-0.10695148493038391,0.15074409595088037,-0.07944036512915965,0.962300713762075,0.715546916946992,0.2790651974643214,-0.8454515598699863,0.6816698365176094,1.199510789249485
2024-11-19,-0.6605568150859071,-0.7118181317166792,-0.0287901173854695,0.5068871163138805,1.2161932329912828,0.9182422418963812,0.0829313639978532,1.124720344387294,1.8656669423380932
2024-11-20,-1.5094183213243757,-0.8843305772501908,2.778077778410693,1.5998797501895474,1.3413548120023553,0.8878052397805621,-2.2070798482094838,1.5677708522569789,-0.08839110672171677
2024-11-21,-1.048080546194773,-0.8076583792352969,-0.10054463502236388,0.6890525552931583,0.8824290222950889,0.8573682376647604,-0.9073437547945077,1.5677708522569789,-0.08839110672166628
2024-11-24,-0.6974638370962752,-0.4434654386645491,-0.29470391803984275,-0.31285735909286977,0.8407084959580646,1.055208751417532,-0.9073437547945099,1.5677708522569789,0.5777650463668411
2024-11-26,-0.623649793075539,-0.6543139832055084,-0.2862622100825611,-1.3147672734788978,-0.9532741365339771,0.9791162461280017,0.02103916907332968,1.5677708522569789,-0.22162233733940814
2024-11-27,-0.9742665021740369,-0.9801708247688086,-0.33691245782625123,-2.9542562242923984,-0.9532741365339771,1.2530492651703031,-0.10274522077571516,1.124720344387294,0.7998170973963604
2024-11-28,-0.9742665021740369,-0.9801708247688086,-0.33691245782625123,-3.7740006996991484,-1.1618767682190982,1.4356712778651823,-0.10274522077571516,0.6816698365176094,0.5333546361609777
2024-11-29,-1.0296270351895893,-1.0568430227837025,-0.33691245782625123,-3.9561661386784266,-1.495640978915292,1.2682677662282127,-0.04085302585119384,0.2386193286479245,-0.4880847985748413
2024-11-30,-0.8819989471481163,-1.0760110722874263,-0.33691245782625123,-2.0434290293960093,-1.9545667686225585,0.7812757323752304,0.5161767284695112,-0.20443117922176018,-1.4207034128987819
2024-12-01,-0.7528243701118277,-0.865162527746467,-0.33691245782625123,-0.7682709565410644,-0.577789399500759,0.370376203811761,0.26860794877141936,-0.6474816870914448,-1.198651361869313
2024-12-02,-0.5498357490548023,-0.6351459337017846,-0.33691245782625123,-0.8593536760307032,-1.4121999262412435,0.38559470486967046,0.20671575384689803,-1.0905321949611295,0.04484012389602509
2024-12-03,-0.34684712799777745,-0.46263348816827293,-0.33691245782625123,-0.31285735909286977,-1.495640978915292,0.47690571121711006,0.3305001436959429,-1.5335827028308142,0.26689217492554435
2024-12-04,-0.5313822380496185,-0.13677664660497282,-0.33691245782625123,-0.4039400785825087,-0.36918676781563786,0.5682167175645323,-1.3405891192661679,-1.5335827028308142,0.2668921749254939
2024-12-05,-0.6421033040807228,-0.2709529931310375,-0.33691245782625123,-0.13069192011359193,-0.577789399500759,0.5834352186224417,-1.2786969243416444,-1.5335827028308142,0.04484012389602509
2024-12-06,-0.6421033040807228,-0.36679324064965524,-0.33691245782625123,-0.5861055175617865,-0.6612304521748075,0.6138722207382608,-0.9692359497190312,-1.5335827028308142,0.08925053410193905
2024-12-07,-0.6421033040807228,-0.8076583792352969,-0.33691245782625123,-1.0415191150099812,-1.6208025579263647,0.8573682376647604,0.4542845335449899,-1.5335827028308142,0.710996276984583
2024-12-08,-0.9558129911688524,-1.171851319806044,-0.33691245782625123,-1.13260183449962,-0.577789399500759,1.2682677662282127,0.5780689233940347,-1.5335827028308142,1.199510789249485
2024-12-09,-1.2141621452414304,-0.9610027752650847,-0.33691245782625123,-0.6771882370514254,0.29834165357674974,1.0704272524754412,-0.9692359497190334,-1.5335827028308142,-0.5769056189866187
2024-12-10,-0.8081849031273801,-0.5584737356868906,-0.33691245782625123,-0.4039400785825087,0.715546916946992,0.5986537196803513,-0.9073437547945099,-1.5335827028308142,-1.3762930026929185
2024-12-11,-0.291486594982225,-0.4051293396571022,-0.33691245782625123,-0.4950227980721476,0.0062979692175801445,0.5834352186224417,0.3305001436959429,-1.5335827028308142,-0.04398069651580282
2024-12-12,-0.8819989471481163,-0.9610027752650847,-0.33691245782625123,-1.13260183449962,-0.03542255711944408,0.8725867387226527,0.1448235589223745,-1.5335827028308142,0.8442275076022743
2024-12-13,-1.1218945902155097,-1.2485235178209382,-0.33691245782625123,-1.6790981514374534,-0.03542255711944408,1.1617382588228808,0.26860794877142047,-1.5335827028308142,0.8442275076023248
2024-12-14,-1.7493139643917692,-1.593548408887962,-0.33691245782625123,-2.5899253463338425,0.5486648115988951,1.8465708064286517,-0.7216671700209415,-1.5335827028308142,1.9988981729557844
2024-12-16,-1.490964810319192,-1.4785401118656205,-0.33691245782625123,-3.045338943782037,-0.03542255711944408,1.5422007852705313,-0.2265296106247611,-1.5335827028308142,-0.887778490427966
2024-12-17,-1.1772551232310624,-1.2676915673246616,-0.33691245782625123,-1.7701808709270925,-1.704243610600413,1.283486267286122,0.1448235589223745,-1.5335827028308142,-0.7545472598102746
2024-12-18,-1.0849875682051418,-1.0568430227837025,-0.33691245782625123,-2.9542562242923984,-0.41090729415266214,1.283486267286122,-0.22652961062476218,-1.5335827028308142,0.00042971369011113775
2024-12-19,-1.6016858763502964,-1.6127164583916855,-0.33691245782625123,-3.409669821740593,-2.4969336110038736,1.5422007852705313,-0.16463741570023646,-1.5335827028308142,0.7554066871904969
2024-12-20,-1.675499920371033,-1.9577413494587093,-0.33691245782625123,-2.9542562242923984,-2.580374663677922,1.2226122630545015,0.7018533132430784,-1.5335827028308142,-0.9321889006338799
2024-12-21,-1.2141621452414304,-1.5743803593842383,-0.33691245782625123,-3.2275043827613152,-2.246610452981728,1.131301256707062,1.0113142878656916,-1.5335827028308142,-0.26603274754532213
2024-12-22,-1.6201393873554806,-1.6510525573991326,-0.33691245782625123,-2.6810080658234816,-0.03542255711944408,1.3443602715177427,-0.10274522077571516,-1.5335827028308142,0.6221754565727551
2024-12-23,-1.7124069423814012,-1.344363765339556,-0.33691245782625123,-1.8612635904167314,0.8407084959580646,1.2226122630545015,-1.4024813141906902,-1.5335827028308142,-0.35485356795709955
2024-12-24,-1.4171507662984553,-1.2485235178209382,-0.33691245782625123,-2.0434290293960093,0.8407084959580646,1.313923269401941,-0.7216671700209404,-1.5335827028308142,0.26689217492554435
2024-12-26,-0.7159173481014596,-0.7884903297315731,-0.33691245782625123,-0.31285735909286977,0.7572674432840162,1.3747972736335616,0.1448235589223745,-1.5335827028308142,0.17807135451371647
2024-12-27,-1.0849875682051418,-0.7693222802278492,-0.33691245782625123,-0.22177463960323085,0.0062979692175801445,1.603074789502152,-1.1549125344926017,-1.5335827028308142,0.666585866778669
2024-12-28,-1.4725112993140077,-1.344363765339556,-0.33691245782625123,-3.136421663271676,-1.5373615052523162,1.8770078085444706,-0.5978827801718956,-1.5335827028308142,0.7998170973964108
2024-12-29,-1.7308604533865855,-1.6893886564065796,-0.33691245782625123,-1.8612635904167314,-2.2048899266447037,1.6487302926758631,-0.350314000473807,-1.5335827028308142,-0.6657264393984972
2024-12-30,-1.1772551232310624,-1.4977081613693441,-0.33691245782625123,-1.3147672734788978,-2.288330979318752,1.313923269401941,0.8875298980166457,-1.5335827028308142,-0.9765993108397434
2025-01-02,-0.8819989471481163,-0.9993388742725323,-0.33691245782625123,-0.7682709565410644,0.7989879696210405,0.8725867387226527,0.2686079487714215,-1.5335827028308142,-1.287472182281141
2025-01-03,-1.048080546194773,-0.9610027752650847,-0.33691245782625123,-3.2275043827613152,-2.413492558329825,1.1008642545912428,-0.41220619539832837,-1.5335827028308142,0.666585866778669
2025-01-06,-0.9742665021740369,-1.2293554683172148,-0.33691245782625123,-2.3166771878649257,-2.6638157163519702,0.9638977450700922,0.7018533132430795,-1.5335827028308142,-0.39926397816301346
2025-01-07,-1.4171507662984553,-1.1910193693097675,-0.33691245782625123,-1.13260183449962,-0.41090729415266214,1.1008642545912428,-0.9073437547945088,-1.5335827028308142,0.4001234055432357
2025-01-08,-1.1403481012206935,-1.0568430227837025,-0.33691245782625123,-0.9504363955203422,-0.577789399500759,1.131301256707062,-0.41220619539832837,-1.5335827028308142,0.08925053410193905
2025-01-09,-1.195708634236246,-1.210187418813491,-0.33691245782625123,-1.0415191150099812,-1.9545667686225585,1.4508897789230917,-0.10274522077571516,-1.5335827028308142,0.9330483280141022
2025-01-10,-1.7124069423814012,-1.804396953428921,-0.33691245782625123,-2.9542562242923984,-2.2048899266447037,2.3031258381658324,0.0829313639978532,-1.5335827028308142,2.487412685220737
2025-01-11,-1.8784885414280579,-2.0344135474736036,-0.33691245782625123,-3.136421663271676,-2.3300515056557765,2.5161848529764956,0.2686079487714215,-1.5335827028308142,0.6221754565727046
2025-01-12,-1.5832323653451126,-2.130253794992221,-0.33691245782625123,-3.318587102250954,-2.5386541373408975,2.059629821239315,1.5683440421863957,-1.5335827028308142,-1.3318825924870046
2025-01-13,-1.490964810319192,-1.5743803593842383,-0.33691245782625123,-2.0434290293960093,-0.9532741365339771,1.603074789502152,0.0829313639978521,-1.5335827028308142,-1.331882592486954
2025-01-14,-1.2141621452414304,-1.133515220798597,-0.33691245782625123,-1.8612635904167314,0.8824290222950889,1.4204527768072728,-0.41220619539832837,-1.5335827028308142,-0.5324952087807553
2025-01-16,-1.5647788543399281,-1.5360442603767914,-0.33691245782625123,-2.6810080658234816,-2.788977295363043,1.8770078085444706,-0.28842180554928243,-1.5335827028308142,1.3327420198672773
2025-01-17,-1.5094183213243757,-1.7660608544214738,-0.33691245782625123,-2.225594468375287,-2.5386541373408975,1.5726377873863329,0.6399611183185572,-1.5335827028308142,-0.8877784904280164
2025-01-18,-1.343336722277719,-1.516876210873068,-0.33691245782625123,-1.6790981514374534,-1.9962872949595827,1.0856457535333508,0.3923923386204664,-1.5335827028308142,-1.4207034128987819
2025-01-19,-0.9558129911688524,-1.4977081613693441,-0.33691245782625123,-1.5880154319478146,-2.455213084666849,0.6138722207382608,1.6302362371109191,-1.5335827028308142,-1.3762930026929185
2025-01-20,-1.0849875682051418,-1.2868596168283852,-0.33691245782625123,-1.6790981514374534,-2.580374663677922,0.5682167175645323,0.5161767284695101,-1.5335827028308142,-0.1328015169276307
2025-01-21,-1.2510691672517984,-1.1910193693097675,-0.31158733395440613,-1.6790981514374534,-0.4943483468267106,0.7051832270857004,-0.3503140004738059,-1.0905321949611295,0.40012340554328624
2025-01-22,-0.9927200131792212,-0.9226666762576378,-0.29470391803984275,-0.9504363955203422,0.7572674432840162,0.7356202292015019,-0.350314000473807,-0.6474816870914448,0.08925053410188855
2025-01-23,-0.9373594801636688,-0.8459944782427439,-0.2862622100825611,0.23363895784496375,0.715546916946992,0.5529982165066402,-0.41220619539832837,-0.20443117922176018,-0.5324952087807048
2025-01-24,-1.1034410792103255,-0.9610027752650847,-0.33691245782625123,-0.4950227980721476,-0.7863920311858802,0.40081320592757996,-0.5978827801718967,-0.20443117922176018,-0.4436743883689274
2025-01-26,-1.7124069423814012,-1.9002372009475388,-0.3284707498689695,-0.4950227980721476,0.5903853379359193,1.2682677662282127,0.3923923386204664,0.2386193286479245,2.5318230954266006
2025-01-27,-1.7493139643917692,-2.2069259930071157,-0.33691245782625123,-3.409669821740593,-1.3287588735671951,1.4508897789230917,1.2588830675637834,0.2386193286479245,0.5333546361609777
2025-01-28,-1.4171507662984553,-1.9769093989624327,-0.33691245782625123,-3.409669821740593,-1.5790820315893404,1.8009153032549405,1.6302362371109191,0.2386193286479245,1.0218691484259301
2025-01-29,-1.5278718323295601,-1.4977081613693441,-0.33691245782625123,-2.134511748885648,0.04801849555460437,1.7704783011391216,-0.2884218055492835,-0.20443117922176018,-0.08839110672171677
2025-01-30,-1.5463253433347444,-1.459372062361897,-0.33691245782625123,-1.0415191150099812,-0.7029509785118317,1.1160827556491524,-0.47409839032285184,-0.6474816870914448,-1.909217925163785
2025-01-31,-1.1772551232310624,-1.0185069237762554,-0.2862622100825611,-1.3147672734788978,0.5069442852618709,0.5073427133329117,-0.6597749750964202,-0.6474816870914448,-1.775986694546043
2025-02-01,-0.9004524581533007,-0.9418347257613615,-0.26515794018935684,0.7801352747827972,0.8407084959580646,0.08122468371155012,0.02103916907332968,-0.20443117922176018,-1.2430617720751767
2025-02-03,-1.6570464093658488,-1.727724755414027,-0.3326916038476104,-0.31285735909286977,0.715546916946992,1.0704272524754412,0.02103916907333078,-0.20443117922176018,2.8871063770738616
2025-02-04,-1.5094183213243757,-1.9002372009475388,-0.33691245782625123,-1.4969327124581757,-0.8281125575229044,1.4661082799810012,1.0732064827902164,-0.20443117922176018,1.1551003790436216
2025-02-05,-1.5278718323295601,-1.6318845078954092,-0.33691245782625123,-1.13260183449962,-0.577789399500759,1.0399902503596223,0.1448235589223756,-0.20443117922176018,-1.243061772075227
2025-02-06,-1.2326156562466142,-1.1910193693097675,-0.33691245782625123,-1.8612635904167314,0.7989879696210405,0.8117127344910321,-0.28842180554928243,-0.20443117922176018,-0.6657264393984467
2025-02-07,-1.675499920371033,-1.804396953428921,-0.33691245782625123,-1.3147672734788978,0.8407084959580646,1.3443602715177427,0.20671575384689803,-0.20443117922176018,1.554794070896746
2025-02-08,-1.7677674753969537,-2.0344135474736036,-0.33691245782625123,-3.136421663271676,0.5903853379359193,1.8313523053707248,0.6399611183185561,-0.6474816870914448,1.4215628402790041
2025-02-09,-1.7308604533865855,-1.9769093989624327,-0.33691245782625123,-2.8631735048027593,-1.495640978915292,1.7400412990233025,0.5780689233940325,-1.0905321949611295,-0.2660327475452716
2025-02-10,-1.4171507662984553,-1.7852289039251972,-0.33691245782625123,-1.3147672734788978,-1.1201562418820739,1.3900157746914712,1.0113142878656927,-1.5335827028308142,-1.0210097210456572
2025-02-12,-1.195708634236246,-0.9418347257613615,0.6676507890902701,1.4177143112102697,1.0493111276431857,0.7051832270857004,-0.9692359497190312,-1.0905321949611295,-1.9980387455755626
2025-02-14,-1.5832323653451126,-1.2676915673246616,-0.3284707498689695,0.8712179942724362,0.9658700749691373,0.8117127344910321,-1.2168047294171231,-0.6474816870914448,0.3113025851314078
2025-02-16,-0.3099401059874087,-0.82682642873902,-0.33691245782625123,0.32472167733460267,-1.1201562418820739,0.6595277239119719,1.6302362371109191,-0.6474816870914448,-0.4436743883689274
2025-02-17,-0.9004524581533007,-0.9226666762576378,-0.33691245782625123,-0.6771882370514254,-1.0784357155450497,1.2226122630545015,-0.04085302585119384,-0.6474816870914448,1.643614891308574
2025-02-18,-1.1772551232310624,-1.0376749732799793,-0.33691245782625123,-0.5861055175617865,-0.7446715048488559,1.3900157746914712,-0.5978827801718967,-0.6474816870914448,0.4889442259550637
2025-02-19,-1.490964810319192,-1.1526832703023202,-0.33691245782625123,-0.22177463960323085,0.7572674432840162,1.4204527768072728,-1.2786969243416466,-0.6474816870914448,0.08925053410188855
2025-02-20,-1.2879761892621666,-1.0568430227837025,-0.33691245782625123,0.14255623835532483,0.715546916946992,1.313923269401941,-0.9073437547945099,-0.6474816870914448,-0.3104431577511856
2025-02-24,-1.343336722277719,-1.7468928049177503,-0.33691245782625123,-0.9504363955203422,0.04801849555460437,2.379218343455362,1.1350986777147376,-1.0905321949611295,3.109158428103381
2025-02-26,-1.1218945902155097,-1.1526832703023202,-0.3242498958903287,-0.13069192011359193,0.8407084959580646,1.5726377873863329,-0.04085302585119384,-1.0905321949611295,-2.3533220272228235
2025-02-27,-0.8450919251377482,-1.1526832703023202,-0.33691245782625123,-0.13069192011359193,-0.6195099258377832,0.9791162461280017,0.8875298980166457,-1.0905321949611295,-1.731576284340129
2025-02-28,-0.2545795729718569,-0.7693222802278492,-0.33691245782625123,-0.039609200623953005,-0.5360688731637347,0.7204017281435925,1.630236237110917,-1.0905321949611295,-0.7545472598102746
2025-03-02,0.040676603111089095,-0.17511274561241977,-0.33691245782625123,0.8712179942724362,0.5486648115988951,-0.025304823693798936,0.7018533132430795,-1.0905321949611295,-2.175680386399168
2025-03-03,-0.014683929904463364,-0.15594469610869596,-0.33691245782625123,0.5979698358035194,0.715546916946992,-0.2688008406202987,0.4542845335449877,-1.0905321949611295,-0.7101368496043606
2025-03-04,0.040676603111089095,0.054903848432262634,-0.33691245782625123,0.6890525552931583,0.6738263906099677,-0.3448933459098288,-0.04085302585119164,-1.0905321949611295,-0.22162233733940814
2025-03-05,-0.5313822380496185,-0.9034986267539146,-0.29470391803984275,1.053383433251714,1.09103165398021,0.12688018688526123,1.1350986777147376,-0.6474816870914448,1.3771524300731408
2025-03-06,-1.7124069423814012,-1.804396953428921,0.14848574971744602,0.5068871163138805,1.1744727066542584,1.0856457535333508,0.0829313639978532,-0.6474816870914448,2.7982855566620843
2025-03-07,-2.2660122725369245,-1.9194052504512622,-0.1132071969582864,0.5979698358035194,1.0493111276431857,1.313923269401941,-1.4024813141906902,-0.20443117922176018,0.666585866778669
2025-03-08,-1.0849875682051418,-1.5743803593842383,-0.33691245782625123,-0.4950227980721476,0.4235032325878224,1.2530492651703031,1.4445596523373496,-0.20443117922176018,-0.17721192713354467
2025-03-09,-0.8819989471481163,-1.171851319806044,-0.33691245782625123,-0.8593536760307032,0.0062979692175801445,1.4356712778651823,0.8256377030921244,-0.20443117922176018,0.5333546361609777
2025-03-11,-0.49447521603924977,-0.48180153767199607,-0.33691245782625123,-0.22177463960323085,0.7572674432840162,0.6138722207382608,-0.10274522077571516,-0.20443117922176018,-2.397732437428687
2025-03-12,-0.4575681940288817,-0.13677664660497282,-0.21872854642430756,0.7801352747827972,0.9658700749691373,0.26384669640641195,-1.093020339568076,0.2386193286479245,-1.0210097210457079
2025-03-13,0.3174792681888507,-0.04093639908635509,-0.33691245782625123,0.4158043968242416,0.7572674432840162,0.12688018688526123,1.196990872639261,-0.20443117922176018,-0.39926397816301346
2025-03-15,-0.16231201794593636,-0.6351459337017846,0.1949151434824953,0.962300713762075,0.8407084959580646,0.26384669640641195,1.5064518472618722,-0.20443117922176018,0.4001234055432357
2025-03-19,-0.7343708591066433,-1.2676915673246616,-0.33691245782625123,-2.134511748885648,-2.038007821296607,1.8009153032549405,1.6302362371109191,-0.6474816870914448,4.485881144486461
2025-03-20,-0.439114683023698,-1.0760110722874263,-0.33691245782625123,-1.4969327124581757,-2.038007821296607,1.7552598000811948,2.0015894066580535,-0.6474816870914448,-0.1328015169276812
2025-03-21,-0.16231201794593636,-0.9993388742725323,-0.33691245782625123,-1.8612635904167314,-2.788977295363043,1.5422007852705313,2.6824035508278037,-0.6474816870914448,-0.6213160291924822
2025-03-22,-0.08849797392519954,-0.8076583792352969,-0.33691245782625123,-1.5880154319478146,-2.6638157163519702,1.207393761996592,2.311050381280669,-0.6474816870914448,-0.9765993108397938
2025-03-23,0.022223092105904722,-0.7693222802278492,-0.33691245782625123,-1.4969327124581757,-2.7055362426889946,0.766057231317321,2.5586191609787563,-1.0905321949611295,-1.2874721822810906
2025-03-24,0.1698511801473777,-0.6159778841980614,-0.33691245782625123,-1.5880154319478146,-2.8306978217000673,0.12688018688526123,2.5586191609787585,-1.0905321949611295,-1.8648075149578711
2025-03-25,0.29902575718366636,-0.36679324064965524,-0.33691245782625123,-1.4969327124581757,-2.246610452981728,-0.4818598554309795,2.187265991431622,-1.5335827028308142,-1.775986694546043
2025-03-26,-0.03313744090964708,-0.06010444859007823,-0.33691245782625123,-0.039609200623953005,-0.5360688731637347,-0.7101373712995698,0.0829313639978532,-1.5335827028308142,-0.6657264393984467
2025-03-27,0.24366522416811454,0.20824824446205112,-0.33691245782625123,0.05147351886568591,0.7572674432840162,-0.8166668787049015,0.14482355892237672,-1.5335827028308142,-0.3104431577511856
2025-03-28,0.4835608672355074,-0.5393056861831669,-0.2735996481466385,0.7801352747827972,0.715546916946992,-0.2840193416781909,3.363217694997551,-1.0905321949611295,1.554794070896746
2025-03-29,-1.380243744288087,-1.6127164583916855,-0.2862622100825611,0.5068871163138805,1.0493111276431857,0.7508387302594114,0.5780689233940347,-0.6474816870914448,3.020337607691553
2025-03-30,-2.173744717511004,-1.804396953428921,-0.2440536702961526,0.4158043968242416,1.09103165398021,1.2226122630545015,-1.4643735091152128,-0.20443117922176018,1.3771524300731408
2025-04-01,-1.195708634236246,-1.7660608544214738,-0.33691245782625123,-0.9504363955203422,-0.20230466246754097,0.8725867387226527,1.6921284320354415,-0.20443117922176018,-1.0210097210457079
2025-04-02,-0.623649793075539,-1.3635318148432793,-0.33691245782625123,-1.3147672734788978,-2.288330979318752,0.9943347471859112,2.311050381280667,-0.20443117922176018,0.3557129953373723
2025-04-03,-0.23612606196667252,-0.9993388742725323,-0.33691245782625123,-1.8612635904167314,-2.788977295363043,0.9182422418963812,2.434834771129714,-0.20443117922176018,-0.22162233733940814
2025-04-05,-1.2879761892621666,-0.6543139832055084,-0.0287901173854695,1.1444661527413529,1.1327521803172342,0.41603170698547215,-2.2070798482094838,0.2386193286479245,-1.4651138231047462
2025-04-07,-0.03313744090964708,-0.5009695871757199,-0.33691245782625123,-1.223684553989259,-0.9115536101969528,0.6595277239119719,1.5064518472618742,-0.20443117922176018,0.710996276984583
2025-04-08,-0.014683929904463364,-0.2517849436273137,-0.33691245782625123,-0.4950227980721476,0.34006217991377397,0.5529982165066402,0.7637455081676009,-0.6474816870914448,-0.3104431577511856
2025-04-09,0.07758362512145718,0.016567749424815682,-0.33691245782625123,-0.039609200623953005,0.34006217991377397,-0.010086322635889457,0.20671575384689803,-1.0905321949611295,-1.6427554639283517
2025-04-10,0.1883046911525621,0.11240799694343341,-0.33691245782625123,0.23363895784496375,0.715546916946992,-0.5122968575467811,0.2686079487714215,-1.0905321949611295,-1.4651138231046958
2025-04-12,0.05913011411627346,-0.32845714164220824,-0.04567353330003286,0.32472167733460267,0.8407084959580646,-0.49707835648888893,1.2588830675637845,-0.6474816870914448,0.044840123895974596
2025-04-14,-0.10695148493038391,-0.4434654386645491,-0.33691245782625123,-2.5899253463338425,-0.6195099258377832,0.05078768159573115,1.0732064827902141,-0.6474816870914448,1.59920448110266
2025-04-15,1.1478872634221355,-0.3476251911459314,-0.33691245782625123,-2.6810080658234816,-1.2035972945561224,-0.010086322635889457,4.9724147630351405,-1.0905321949611295,-0.17721192713349418
2025-04-16,0.13294415813700963,-0.04093639908635509,-0.33691245782625123,-0.4039400785825087,-0.8281125575229044,-0.05574182580960059,0.5780689233940347,-1.0905321949611295,-0.13280151692758022
2025-04-17,0.3543862901992188,0.054903848432262634,-0.33691245782625123,0.05147351886568591,0.46522375892484663,-0.3753303480256304,1.0113142878656927,-1.0905321949611295,-0.9321889006338799
2025-04-18,-0.05159095191483145,0.2657523929732219,-0.18918256857382162,1.1444661527413529,1.1744727066542584,-0.4514228533151605,-1.0311281446435547,-0.6474816870914448,-0.22162233733940814
2025-04-19,0.22521171316293018,0.5532731355290751,-0.3326916038476104,0.7801352747827972,1.0075906013061615,-0.436204352257251,-1.0311281446435547,-0.20443117922176018,0.04484012389602509
2025-04-20,0.7050029992977173,0.7066175315588635,-0.33691245782625123,0.14255623835532483,0.5069442852618709,-0.22314533744657025,0.0829313639978532,-0.6474816870914448,0.6221754565727551
2025-04-21,0.4282003342199556,0.6682814325514166,-0.33691245782625123,0.14255623835532483,0.34006217991377397,-0.08617882792541955,-0.7216671700209415,-0.6474816870914448,0.4001234055432357
2025-04-22,0.4282003342199556,0.7066175315588635,-0.33691245782625123,0.05147351886568591,0.6738263906099677,-0.31445634379400983,-0.8454515598699863,-0.6474816870914448,-0.6657264393984467
2025-04-23,0.7419100213080854,0.8216258285812045,-0.33691245782625123,-0.039609200623953005,0.34006217991377397,-0.49707835648888893,-0.16463741570023646,-0.6474816870914448,-0.5324952087807553
2025-04-24,0.6127354442717967,0.7641216800700343,-0.315808187933047,0.05147351886568591,0.5069442852618709,-0.49707835648888893,-0.41220619539832837,-0.20443117922176018,0.00042971369011113775
2025-04-25,-0.05159095191483145,0.2657523929732219,0.46082894413686853,0.962300713762075,0.8407084959580646,-0.16227133321494963,-1.0311281446435547,-0.20443117922176018,0.9774587382200162
2025-04-27,-0.6605568150859071,-0.17511274561241977,-0.30314562599712447,1.3266315917206308,1.1327521803172342,0.12688018688526123,-1.650050093888781,-0.20443117922176018,0.8442275076022743
2025-04-28,0.46510735623032373,0.09323994743971027,0.46927065209415036,0.6890525552931583,0.5486648115988951,-0.13183433109913067,1.2588830675637823,0.2386193286479245,-0.7545472598102241
2025-04-29,0.28057224617848264,0.2657523929732219,-0.33691245782625123,-1.223684553989259,-0.36918676781563786,0.1420986879431707,0.0829313639978532,0.2386193286479245,0.7998170973963604
2025-04-30,0.44665384522513935,0.189080194958328,-0.33691245782625123,-0.22177463960323085,-0.07714308345646831,0.11166168582735177,0.8875298980166457,0.2386193286479245,-0.08839110672171677
2025-05-01,0.2067582021577458,0.45743288801045734,-0.2778205021252794,0.5068871163138805,0.8407084959580646,0.05078768159573115,-0.7835593649454651,0.6816698365176094,-0.17721192713349418
2025-05-02,1.0187126863858462,0.47660093751418114,-0.33691245782625123,-0.22177463960323085,-0.7029509785118317,-0.1927083353307686,1.8778050168090066,0.2386193286479245,-0.7101368496043606
2025-05-03,0.5389214002510598,0.6107772840402459,-0.33691245782625123,0.32472167733460267,0.21490060090270127,-0.3753303480256304,-0.16463741570023868,-0.20443117922176018,-0.5324952087807048
2025-05-06,0.6680959772873485,0.9174660760998221,-0.3200290419116878,0.4158043968242416,0.8407084959580646,-0.6949188702416602,-0.7216671700209415,-0.20443117922176018,-0.9321889006338799
2025-05-07,0.22521171316293018,0.6682814325514166,0.07673123208055167,0.962300713762075,0.8824290222950889,-0.6949188702416602,-1.4024813141906913,-0.20443117922176018,0.00042971369011113775
2025-05-08,0.44665384522513935,0.5532731355290751,-0.31158733395440613,0.8712179942724362,0.6738263906099677,-0.6949188702416602,-0.2884218055492835,0.2386193286479245,0.00042971369011113775
2025-05-09,0.46510735623032373,0.6874494820551398,-0.3200290419116878,0.5068871163138805,0.7572674432840162,-0.7253558723574792,-0.659774975096418,0.6816698365176094,-0.08839110672171677
2025-05-11,0.5020143782406918,-0.2134488446198667,-0.17229915265925827,-1.8612635904167314,0.7572674432840162,-0.3753303480256304,2.3729425762051903,0.6816698365176094,1.0218691484259301
2025-05-12,0.6680959772873485,0.189080194958328,-0.33691245782625123,-2.134511748885648,-1.1201562418820739,-0.2535823395623892,1.630236237110917,0.6816698365176094,0.35571299533732176
2025-05-13,0.46510735623032373,0.32325654148439265,-0.33691245782625123,-0.4950227980721476,-0.16058413613051675,-0.025304823693798936,0.5161767284695112,0.6816698365176094,0.666585866778669
2025-05-15,0.9448986423651101,0.8024577790774813,-0.33691245782625123,0.05147351886568591,0.46522375892484663,-0.04052332475170842,0.5780689233940325,0.2386193286479245,-0.04398069651580282
2025-05-17,1.1109802414117669,0.8791299770923752,-0.33691245782625123,-0.039609200623953005,0.34006217991377397,-0.2688008406202987,0.8875298980166457,-0.20443117922176018,-0.6657264393984467
2025-05-18,1.055619708396215,0.9941382741147168,-0.33691245782625123,-0.039609200623953005,0.7572674432840162,-0.3448933459098288,0.3305001436959429,-0.6474816870914448,-0.22162233733940814
2025-05-20,0.7419100213080854,1.1858187691519522,-0.33691245782625123,-0.039609200623953005,0.715546916946992,-0.5122968575467811,-1.3405891192661679,-1.0905321949611295,-0.48808479857479087
2025-05-21,1.0371661973910307,1.2241548681593992,-0.33691245782625123,-0.13069192011359193,0.715546916946992,-0.49707835648888893,-0.47409839032285184,-1.5335827028308142,0.044840123895974596
2025-05-22,1.1478872634221355,1.2049868186556754,-0.33691245782625123,-0.31285735909286977,0.5903853379359193,-0.7557928744732809,-0.04085302585119164,-1.5335827028308142,-0.7545472598102241
2025-05-23,1.0371661973910307,0.8407938780849282,-0.2524953782534343,-0.039609200623953005,0.8407084959580646,-0.8775408829365394,0.7637455081676009,-1.0905321949611295,-0.35485356795715
2025-05-24,0.6865494882925329,0.8216258285812045,-0.18918256857382162,-0.13069192011359193,0.6321058642729436,-0.436204352257251,-0.35031400047380484,-0.6474816870914448,1.2883316096613633
2025-05-25,0.09603713612664155,0.45743288801045734,-0.33691245782625123,-1.13260183449962,0.7572674432840162,0.17253569005898967,-1.1549125344925995,-0.6474816870914448,1.7768461219262652
2025-05-26,0.1698511801473777,0.3999287394992866,-0.33691245782625123,-1.3147672734788978,0.8407084959580646,0.32472070063804986,-0.7216671700209415,-0.6474816870914448,0.44453381574914974
2025-05-27,0.44665384522513935,0.43826483850673353,-0.33691245782625123,-0.9504363955203422,0.8407084959580646,0.1420986879431707,0.0829313639978532,-0.6474816870914448,-0.5324952087807553
2025-05-29,0.2067582021577458,0.5532731355290751,1.9085818588106787,1.1444661527413529,0.8824290222950889,-0.573170861778419,-1.0930203395680782,-0.20443117922176018,-2.0868595659873903
2025-05-30,-0.32839361699259306,0.2849204424769457,-0.06677780319323709,0.962300713762075,0.8407084959580646,-0.46664135437306997,-2.021403263435918,0.2386193286479245,0.3113025851314583
2025-06-01,0.8157240653288215,0.5341050860253512,-0.3326916038476104,0.5068871163138805,0.6321058642729436,-1.3188774136158106,1.0113142878656927,0.2386193286479245,-2.486553257840515
2025-06-02,0.8157240653288215,1.1666507196482283,-0.3326916038476104,0.5068871163138805,0.8407084959580646,-1.5775919316002023,-1.0311281446435547,0.2386193286479245,-0.7545472598102241
2025-06-04,0.3174792681888507,0.5532731355290751,-0.1765200066378991,0.7801352747827972,0.8407084959580646,-0.8014483776470093,-0.7216671700209415,0.6816698365176094,2.2653606341911674
2025-06-06,0.9264451313599265,0.7641216800700343,-0.33691245782625123,0.14255623835532483,-0.32746624147861364,-0.6492633670679492,0.6399611183185561,0.6816698365176094,0.44453381574914974
2025-06-07,1.2586083294532404,0.936634125603546,-0.33691245782625123,-0.13069192011359193,-0.8281125575229044,-0.8166668787049015,1.196990872639261,0.6816698365176094,-0.48808479857479087
2025-06-08,1.1847942854325044,1.1283146206407815,-0.33691245782625123,-0.13069192011359193,0.46522375892484663,-1.0145073924576902,0.33050014369594505,0.2386193286479245,-0.5769056189866693
2025-06-09,1.3877829064895284,1.1666507196482283,-0.33691245782625123,-0.4039400785825087,0.2566211272397255,-1.227566407268371,0.8875298980166457,-0.20443117922176018,-0.6213160291925327
2025-06-10,1.6276785495569226,1.2049868186556754,-0.33691245782625123,-0.4950227980721476,0.34006217991377397,-1.273221910442082,1.568344042186398,-0.6474816870914448,-0.13280151692758022
2025-06-11,0.8157240653288215,1.262490967166846,-0.13853232083013148,0.23363895784496375,0.8407084959580646,-1.2580034093841899,-1.3405891192661679,-0.6474816870914448,0.044840123895974596
2025-06-12,0.8341775763340059,0.9558021751072698,0.2793322230553122,0.5068871163138805,0.7989879696210405,-1.2123479062104614,-0.2884218055492835,-0.6474816870914448,0.133660944307853
2025-06-13,0.7788170433184534,0.7832897295737575,1.6089012263271785,0.962300713762075,0.8407084959580646,-1.0297258935155995,0.0829313639978532,-0.20443117922176018,0.5333546361609272
2025-06-14,0.8710845983443739,0.9558021751072698,-0.26937879416799765,0.32472167733460267,0.8407084959580646,-1.0753813966893107,-0.16463741570023868,0.2386193286479245,-0.13280151692758022
2025-06-15,0.6127354442717967,1.262490967166846,-0.2989247720184836,0.14255623835532483,0.8407084959580646,-1.1210368998630218,-2.0214032634359156,0.6816698365176094,-0.13280151692758022
2025-06-16,0.7972705543236378,1.1858187691519522,-0.29470391803984275,0.23363895784496375,0.8407084959580646,-0.7405743734153714,-1.1549125344925995,1.124720344387294,1.1106899688377077
2025-06-17,0.5020143782406918,0.6491133830476928,1.61734293428446,0.962300713762075,0.8407084959580646,-0.4209858511993589,-0.41220619539832837,1.5677708522569789,0.9330483280140518
2025-06-18,0.9264451313599265,0.8791299770923752,-0.315808187933047,0.23363895784496375,0.8407084959580646,-0.436204352257251,0.2686079487714215,1.5677708522569789,-0.04398069651575233
2025-06-19,1.055619708396215,0.936634125603546,0.1316023338028826,0.5068871163138805,0.8407084959580646,-0.5427338596626001,0.5161767284695112,1.5677708522569789,-0.31044315775123604
2025-06-20,0.6680959772873485,0.9558021751072698,-0.07099865717187795,0.4158043968242416,0.8407084959580646,-0.5883893628363113,-0.8454515598699885,1.5677708522569789,-0.13280151692758022
2025-06-21,1.0002591753806633,0.8407938780849282,0.1104980639096784,0.23363895784496375,0.8407084959580646,-0.5275153586046906,0.6399611183185583,1.5677708522569789,0.17807135451371647
2025-06-22,0.907991620354742,1.0133063236184399,-0.21450769244566673,0.23363895784496375,0.8407084959580646,-0.5427338596626001,-0.22652961062475999,1.5677708522569789,-0.04398069651580282
2025-06-23,0.9818056643754789,0.936634125603546,-0.01612755544954697,-0.13069192011359193,0.6738263906099677,-0.8014483776470093,0.2686079487714215,1.5677708522569789,-0.7545472598102746
2025-06-24,1.2217013074428718,1.2049868186556754,-0.33691245782625123,-0.4039400785825087,0.8407084959580646,-0.7405743734153714,0.20671575384689803,1.124720344387294,0.17807135451376696
2025-06-25,1.4246899284998973,1.1091465711370576,-0.3284707498689695,-0.4950227980721476,0.13145954822865283,-0.6036078638942207,1.196990872639261,1.124720344387294,0.4001234055432357
2025-06-26,0.8895381093495583,0.9174660760998221,1.727085137729122,0.5979698358035194,0.8407084959580646,-0.6797003691837508,0.02103916907333188,1.124720344387294,-0.22162233733940814
2025-06-27,0.6127354442717967,0.936634125603546,-0.10054463502236388,0.7801352747827972,0.7989879696210405,-0.7405743734153714,-0.9692359497190312,1.124720344387294,-0.17721192713349418
2025-06-28,0.760363532313269,0.936634125603546,-0.20606598448838498,0.5979698358035194,0.8407084959580646,-0.93841488716816,-0.47409839032285184,1.124720344387294,-0.5769056189866693
2025-06-29,0.7419100213080854,1.0133063236184399,-0.18074086061653993,0.5068871163138805,0.7572674432840162,-1.1514739019788407,-0.7835593649454629,1.124720344387294,-0.6213160291925327
2025-06-30,0.6865494882925329,0.8791299770923752,0.4059578424145377,0.5979698358035194,0.7989879696210405,-1.0297258935155995,-0.5359905852473732,1.124720344387294,0.35571299533732176
2025-07-01,0.5573749112562443,0.8216258285812045,-0.10476548900100471,0.8712179942724362,0.7572674432840162,-0.6949188702416602,-0.7835593649454629,1.5677708522569789,0.9774587382200162
2025-07-02,1.2032477964376873,1.0133063236184399,-0.315808187933047,0.23363895784496375,0.5069442852618709,-0.573170861778419,0.7637455081676009,1.5677708522569789,0.35571299533732176
2025-07-03,1.2586083294532404,1.2049868186556754,-0.33691245782625123,-0.13069192011359193,0.5903853379359193,-0.7710113755311904,0.33050014369594505,1.124720344387294,-0.5769056189866187
2025-07-04,1.4246899284998973,1.2241548681593992,-0.33691245782625123,-0.5861055175617865,-0.03542255711944408,-1.0905998977472202,0.8256377030921244,0.6816698365176094,-0.9321889006338799
2025-07-05,1.480050461515449,1.319995115678017,-0.18074086061653993,-0.5861055175617865,0.5069442852618709,-1.41018841996325,0.7018533132430774,0.6816698365176094,-0.9321889006338799
2025-07-06,1.2401548184480562,1.1666507196482283,-0.33691245782625123,-0.5861055175617865,0.6738263906099677,-1.4862809252527802,0.3923923386204664,0.2386193286479245,-0.22162233733940814
2025-07-07,1.3877829064895284,1.3391631651817406,-0.33691245782625123,-0.039609200623953005,0.08973902189162859,-1.4406254220790518,0.33050014369594066,-0.20443117922176018,0.133660944307853
2025-07-08,1.2032477964376873,1.4541714622040816,-0.33691245782625123,-0.13069192011359193,0.5903853379359193,-1.5014994263106722,-0.6597749750964202,-0.6474816870914448,-0.17721192713349418
2025-07-09,1.2586083294532404,0.7066175315588635,0.3046573469271573,-0.039609200623953005,0.6738263906099677,-1.9123989548741418,1.9396972117335323,-0.6474816870914448,-1.198651361869313
2025-07-10,0.40974682321477124,0.5532731355290751,4.998246971175778,1.4177143112102697,0.9658700749691373,-2.4146094897850334,-0.41220619539832837,-0.20443117922176018,-1.4651138231046958
2025-07-11,0.5758284222614279,0.7257855810625867,-0.33691245782625123,0.5979698358035194,0.8407084959580646,-2.0798024665111114,-0.41220619539832837,-0.20443117922176018,0.9774587382199657
2025-07-12,0.8341775763340059,0.8216258285812045,1.2838954699718335,0.8712179942724362,0.8407084959580646,-1.1819109040946598,0.14482355892237672,-0.20443117922176018,2.6206439158384285
2025-07-13,1.2032477964376873,1.0899785216333344,-0.2567162322320752,0.32472167733460267,0.8407084959580646,-0.9688518892839617,0.516176728469509,0.2386193286479245,0.6221754565728055
2025-07-14,1.1847942854325044,1.0899785216333344,0.05140610820870654,0.14255623835532483,0.7989879696210405,-1.227566407268371,0.4542845335449899,0.6816698365176094,-0.7545472598102746
2025-07-15,1.0925267304065838,1.1858187691519522,-0.20184513050974415,0.14255623835532483,0.715546916946992,-1.379751417847431,-0.16463741570023646,1.124720344387294,-0.4436743883689274
2025-07-16,1.3324223734739766,1.319995115678017,-0.33691245782625123,-0.22177463960323085,-0.41090729415266214,-1.2884404114999914,0.20671575384689803,0.6816698365176094,0.26689217492554435
2025-07-17,1.3693293954843453,1.3583312146854638,-0.33691245782625123,-0.13069192011359193,0.2566211272397255,-1.4406254220790518,0.20671575384690022,0.2386193286479245,-0.4436743883689274
2025-07-18,0.8341775763340059,0.7641216800700343,0.46504979811550945,0.6890525552931583,0.715546916946992,-1.9123989548741418,0.3305001436959429,0.6816698365176094,-1.3762930026929185
2025-07-19,1.2401548184480562,0.936634125603546,0.08517294003783334,0.05147351886568591,0.5486648115988951,-2.779853515174792,1.1350986777147376,0.6816698365176094,-2.530963668046429
2025-07-20,0.22521171316293018,0.7257855810625867,3.360555627463129,1.2355488722309917,1.1327521803172342,-3.6625265765333337,-1.5881578989642575,0.6816698365176094,-2.5753740782522923
2025-07-21,0.2067582021577458,0.8216258285812045,1.4527296291174672,1.3266315917206308,1.0075906013061615,-2.308079982379702,-1.9595110685113943,0.6816698365176094,3.952956222015544
2025-07-22,0.6865494882925329,0.7066175315588635,3.7024447997330383,0.962300713762075,0.8407084959580646,-1.6080289337160214,0.02103916907332968,0.6816698365176094,2.0433085831616986
2025-07-23,1.2032477964376873,0.8216258285812045,-0.22717025438158922,0.32472167733460267,0.8407084959580646,-1.4254069210211422,1.3826674574128273,1.124720344387294,0.5333546361609777
2025-07-25,1.2586083294532404,0.629945333543969,1.0053191073815377,0.05147351886568591,-0.2440251888045652,-1.8971804538162322,2.1872659914316244,1.5677708522569789,-1.3762930026929185
2025-07-26,1.5538645055361864,0.7641216800700343,-0.33691245782625123,-0.31285735909286977,-1.3287588735671951,-1.9123989548741418,2.744295745752327,1.124720344387294,-0.04398069651580282
2025-07-27,1.16634077442732,1.28165901667057,-0.33691245782625123,-0.13069192011359193,-0.6612304521748075,-1.8971804538162322,-0.22652961062475999,0.6816698365176094,0.04484012389602509
2025-07-28,1.1109802414117669,1.1858187691519522,-0.31158733395440613,0.23363895784496375,0.7989879696210405,-2.2015504749743524,-0.10274522077571735,0.6816698365176094,-0.887778490427966
2025-07-29,0.4282003342199556,0.7066175315588635,4.158297029426249,1.1444661527413529,0.9658700749691373,-2.3841724876692316,-0.8454515598699863,0.6816698365176094,-0.5324952087807553
2025-07-30,1.0740732194013993,1.2241548681593992,-0.33691245782625123,0.5979698358035194,0.8407084959580646,-2.308079982379702,-0.35031400047380484,0.2386193286479245,0.2224817647196304
2025-07-31,0.9264451313599265,1.1666507196482283,-0.2735996481466385,0.5068871163138805,0.8407084959580646,-2.1254579696848226,-0.659774975096418,0.2386193286479245,0.5333546361609777
2025-08-01,1.1847942854325044,1.2433229176631229,-0.21028683846702584,0.14255623835532483,0.715546916946992,-1.8667434517004307,-0.04085302585119164,0.2386193286479245,0.7554066871904465
2025-08-02,0.6127354442717967,0.8024577790774813,4.26381837889227,1.1444661527413529,1.1327521803172342,-1.4710624241948707,-0.5359905852473732,0.6816698365176094,1.1551003790436216
2025-08-03,0.6311889552769804,0.6491133830476928,1.6679931820281502,0.7801352747827972,0.8824290222950889,-1.4406254220790518,0.02103916907332968,1.124720344387294,0.08925053410193905
2025-08-04,0.5942819332666124,0.7641216800700343,2.7105441147524396,0.962300713762075,1.0493111276431857,-1.3645329167895215,-0.47409839032285184,1.124720344387294,0.2224817647196304
2025-08-05,0.44665384522513935,0.36159264049183965,15.233817869379825,1.3266315917206308,1.2161932329912828,-1.0905998977472202,0.3305001436959429,1.124720344387294,0.7998170973963604
2025-08-06,0.6127354442717967,0.6491133830476928,-0.04989438727867373,0.8712179942724362,0.9241495486321131,-0.7405743734153714,-0.04085302585119164,1.5677708522569789,1.0218691484259301
2025-08-07,1.129433752416951,0.898298026596099,-0.33691245782625123,0.23363895784496375,0.5486648115988951,-0.49707835648888893,0.8875298980166457,1.124720344387294,0.7109962769845325
2025-08-08,1.129433752416951,1.0516424226258876,-0.33691245782625123,0.14255623835532483,-0.9532741365339771,-0.5883893628363113,0.3923923386204642,0.6816698365176094,-0.2660327475452716
2025-08-09,1.295515351463608,1.1283146206407815,-0.33691245782625123,0.05147351886568591,-0.9949946628710012,-0.7253558723574792,0.7018533132430774,0.2386193286479245,-0.39926397816306397
2025-08-10,1.4062364174947128,1.2433229176631229,-0.33691245782625123,-0.039609200623953005,0.0062979692175801445,-0.86232238187863,0.7018533132430774,-0.20443117922176018,-0.39926397816301346
2025-08-11,1.055619708396215,1.1474826701445053,-0.3242498958903287,-0.039609200623953005,0.4235032325878224,-0.9536333882260695,-0.16463741570023868,-0.20443117922176018,-0.26603274754532213
2025-08-12,1.0740732194013993,1.0708104721296106,0.021860130358220653,-0.039609200623953005,0.5903853379359193,-0.86232238187863,0.14482355892237672,-0.20443117922176018,0.26689217492554435
2025-08-13,1.1478872634221355,1.1858187691519522,-0.33691245782625123,-0.039609200623953005,0.6738263906099677,-1.0601628956314013,0.02103916907332968,-0.6474816870914448,-0.5769056189866187
2025-08-14,0.5020143782406918,0.43826483850673353,4.618370113098102,1.2355488722309917,1.1327521803172342,-1.0753813966893107,0.2686079487714215,-0.20443117922176018,-0.04398069651580282
2025-08-15,0.6311889552769804,0.6491133830476928,-0.15541573674469486,0.7801352747827972,0.46522375892484663,-0.5579523607205096,0.02103916907332968,0.2386193286479245,1.510383660690832
2025-08-16,1.1109802414117669,1.0133063236184399,-0.33691245782625123,-0.13069192011359193,0.2566211272397255,-0.6188263649521302,0.4542845335449877,0.2386193286479245,-0.17721192713349418
2025-08-17,0.6311889552769804,0.6682814325514166,1.4147419433096995,0.5979698358035194,1.0075906013061615,-0.5427338596626001,-0.04085302585119384,0.6816698365176094,0.2224817647196304
2025-08-18,0.29902575718366636,0.629945333543969,3.043991579065066,1.3266315917206308,0.9658700749691373,-0.3296748448519193,-1.0311281446435547,0.6816698365176094,0.6221754565727551
2025-08-19,0.2067582021577458,0.629945333543969,2.5712559334572913,1.5087970306999086,1.09103165398021,-0.2535823395623892,-1.3405891192661679,0.6816698365176094,0.2224817647196304
2025-08-20,1.0002591753806633,0.9558021751072698,-0.3284707498689695,0.4158043968242416,0.7572674432840162,-0.2840193416781909,0.2686079487714215,1.124720344387294,-0.08839110672166628
2025-08-21,1.2032477964376873,1.1091465711370576,-0.33691245782625123,0.14255623835532483,0.5903853379359193,-0.1774898342728591,0.4542845335449877,0.6816698365176094,0.3113025851314078
2025-08-22,1.0925267304065838,0.9941382741147168,-0.33691245782625123,-0.5861055175617865,0.5903853379359193,-0.4057673501414494,0.4542845335449899,0.2386193286479245,-0.6657264393984467
2025-08-23,1.2586083294532404,1.0516424226258876,-0.3284707498689695,-0.4039400785825087,0.5903853379359193,-0.6188263649521302,0.8256377030921244,0.6816698365176094,-0.6213160291925327
2025-08-24,0.907991620354742,1.2241548681593992,-0.33691245782625123,0.14255623835532483,0.8407084959580646,-0.4514228533151605,-0.9073437547945099,0.2386193286479245,0.4889442259550637
2025-08-25,0.8341775763340059,1.1858187691519522,-0.3326916038476104,-0.13069192011359193,0.8407084959580646,-0.36011184696772097,-1.0311281446435547,0.2386193286479245,0.26689217492554435
2025-08-26,1.3693293954843453,1.1283146206407815,-0.33691245782625123,-0.4950227980721476,-0.11886360979349253,-0.436204352257251,0.9494220929411714,-0.20443117922176018,-0.22162233733940814
2025-08-27,1.0925267304065838,1.0708104721296106,-0.33691245782625123,-0.31285735909286977,-0.11886360979349253,-0.6492633670679492,0.20671575384690022,-0.6474816870914448,-0.6213160291925832
2025-08-28,0.7050029992977173,0.7449536305663105,-0.2229494004029484,-0.039609200623953005,0.715546916946992,-0.6797003691837508,-0.04085302585119164,-0.20443117922176018,-0.08839110672166628
2025-08-29,1.1478872634221355,1.3008270661742931,-0.315808187933047,-0.4950227980721476,0.5069442852618709,-0.49707835648888893,-0.35031400047380484,0.2386193286479245,0.5333546361609272
2025-08-30,0.9448986423651101,1.0516424226258876,-0.0372318253427512,-0.039609200623953005,0.715546916946992,-0.3448933459098288,-0.22652961062476218,0.2386193286479245,0.44453381574914974
2025-08-31,1.1478872634221355,1.1474826701445053,-0.33691245782625123,-0.22177463960323085,0.3817827062507982,-0.4818598554309795,0.1448235589223745,0.2386193286479245,-0.39926397816301346
2025-09-01,1.4062364174947128,1.1666507196482283,-0.33691245782625123,-0.31285735909286977,0.2566211272397255,-0.7101373712995698,0.9494220929411692,-0.20443117922176018,-0.6657264393984467
2025-09-02,1.2770618404584249,1.2241548681593992,-0.3326916038476104,-0.22177463960323085,-0.32746624147861364,-0.6644818681258413,0.33050014369594505,0.2386193286479245,0.133660944307853
2025-09-03,1.350875884479161,1.2241548681593992,-0.33691245782625123,-0.4039400785825087,-0.36918676781563786,-0.6644818681258413,0.5780689233940347,0.2386193286479245,0.00042971369011113775
2025-09-04,1.5538645055361864,1.2241548681593992,-0.33691245782625123,-0.5861055175617865,-0.2440251888045652,-0.7101373712995698,1.2588830675637845,-0.20443117922176018,-0.1328015169276307
2025-09-05,1.5723180165413695,1.1858187691519522,-0.33691245782625123,-0.6771882370514254,-0.6612304521748075,-0.6644818681258413,1.4445596523373485,-0.6474816870914448,0.133660944307853
2025-09-06,1.4246899284998973,1.262490967166846,-0.33691245782625123,-0.4950227980721476,-0.5360688731637347,-0.7101373712995698,0.7018533132430795,-1.0905321949611295,-0.1328015169276307
2025-09-07,0.6865494882925329,0.7257855810625867,1.6342263501990235,0.5979698358035194,0.715546916946992,-0.9688518892839617,-0.04085302585119164,-0.6474816870914448,-0.7545472598102241
2025-09-08,0.3359327791940351,0.5532731355290751,3.2761385478903122,0.7801352747827972,0.9658700749691373,-1.0905998977472202,-0.659774975096418,-0.20443117922176018,-0.35485356795715
2025-09-09,0.5758284222614279,1.0708104721296106,0.21601941337569952,0.5979698358035194,0.7572674432840162,-0.3448933459098288,-1.5262657040397363,-0.20443117922176018,2.1765398137793897
2025-09-10,1.0371661973910307,1.0324743731221637,-0.3326916038476104,0.23363895784496375,0.6321058642729436,-0.20792683638866077,0.1448235589223745,0.2386193286479245,0.40012340554328624
2025-09-11,1.1847942854325044,0.9941382741147168,-0.33691245782625123,0.14255623835532483,0.08973902189162859,-0.22314533744657025,0.7637455081676031,0.2386193286479245,-0.04398069651580282
2025-09-12,1.2586083294532404,1.1283146206407815,-0.33691245782625123,-0.4039400785825087,-1.5373615052523162,-0.1774898342728591,0.5780689233940347,0.2386193286479245,0.1336609443078025
2025-09-13,1.3139688624687922,1.1283146206407815,-0.33691245782625123,-0.5861055175617865,-1.704243610600413,-0.13183433109913067,0.7637455081676009,0.2386193286479245,0.133660944307853
2025-09-14,1.3324223734739766,1.0708104721296106,-0.33691245782625123,-0.4950227980721476,-1.8294051896114858,-0.13183433109913067,1.0113142878656927,-0.20443117922176018,0.00042971369011113775
2025-09-16,1.1847942854325044,1.2241548681593992,-0.315808187933047,-0.31285735909286977,0.7989879696210405,-0.20792683638866077,0.02103916907333188,-0.20443117922176018,-0.22162233733940814
2025-09-17,1.2586083294532404,0.6107772840402459,0.42706211230774194,-0.039609200623953005,0.6321058642729436,-0.4057673501414494,2.2491581863561456,-0.20443117922176018,-0.5769056189866693
2025-09-18,1.2032477964376873,1.1666507196482283,-0.2778205021252794,-0.31285735909286977,0.2566211272397255,-0.5579523607205096,0.26860794877141936,-0.20443117922176018,-0.4436743883689274
2025-09-19,0.5942819332666124,0.936634125603546,-0.3200290419116878,-0.4039400785825087,0.715546916946992,-1.0145073924576902,-1.0311281446435547,0.2386193286479245,-1.3318825924870046
2025-09-20,0.3174792681888507,0.5532731355290751,3.8164078571563413,1.2355488722309917,1.257913759328307,-0.9840703903418712,-0.7216671700209415,0.6816698365176094,0.08925053410193905
2025-09-21,0.13294415813700963,0.6874494820551398,3.1073043887446787,1.5087970306999086,1.0493111276431857,-0.7101373712995698,-1.773834483737826,1.124720344387294,0.7998170973963604
2025-09-22,1.055619708396215,0.8407938780849282,-0.33691245782625123,-0.13069192011359193,0.08973902189162859,-0.9536333882260695,0.8256377030921244,1.124720344387294,-0.7101368496043606
2025-09-23,0.8526310873391896,0.7832897295737575,0.093614647995115,-0.6771882370514254,0.8824290222950889,-1.9884914601636718,0.3305001436959429,1.124720344387294,-3.019478180311331
2025-09-24,0.07758362512145718,0.5532731355290751,6.842760159841827,1.2355488722309917,1.1327521803172342,-2.825509018348503,-1.5262657040397363,1.124720344387294,-2.442142847634601
2025-09-25,0.3174792681888507,0.936634125603546,-0.26515794018935684,0.7801352747827972,0.9658700749691373,-0.6797003691837508,-1.9595110685113943,1.124720344387294,6.262297552722565
2025-09-26,1.2032477964376873,1.0133063236184399,-0.33691245782625123,-0.039609200623953005,0.3817827062507982,0.0203506794799295,0.7637455081676009,0.6816698365176094,2.0433085831616986
2025-09-28,0.8526310873391896,1.1474826701445053,-0.30736647997576527,0.14255623835532483,0.7572674432840162,0.035569180537821675,-0.8454515598699885,0.6816698365176094,0.044840123895974596
2025-09-29,1.0925267304065838,1.0899785216333344,-0.33691245782625123,0.05147351886568591,0.715546916946992,0.0964431847694596,0.14482355892237672,0.2386193286479245,0.17807135451376696
2025-09-30,1.1109802414117669,0.936634125603546,-0.33691245782625123,-0.31285735909286977,0.5069442852618709,-0.010086322635889457,0.7018533132430774,0.2386193286479245,-0.31044315775123604
2025-10-01,1.2586083294532404,1.0708104721296106,-0.33691245782625123,-0.4039400785825087,-0.7446715048488559,-0.05574182580960059,0.7637455081676031,-0.20443117922176018,-0.13280151692758022
2025-10-03,1.2217013074428718,1.0899785216333344,-0.33691245782625123,-0.4039400785825087,-1.0367151892080255,-0.010086322635889457,0.5780689233940325,-0.6474816870914448,0.1336609443078025
2025-10-04,1.2217013074428718,1.0324743731221637,-0.31158733395440613,-0.6771882370514254,-0.32746624147861364,-0.2992378427361003,0.7637455081676009,-0.6474816870914448,-0.843368080222052
2025-10-05,0.5758284222614279,1.0899785216333344,-0.29470391803984275,0.32472167733460267,0.8407084959580646,-0.2688008406202987,-1.5881578989642597,-0.20443117922176018,0.08925053410188855
2025-10-06,0.7788170433184534,0.9941382741147168,-0.31158733395440613,0.32472167733460267,0.0062979692175801445,0.08122468371155012,-0.5978827801718967,-0.20443117922176018,1.0218691484259301
2025-10-07,1.0925267304065838,0.8791299770923752,-0.33691245782625123,-0.4950227980721476,-1.4121999262412435,0.1573171890010802,0.8256377030921266,-0.20443117922176018,0.2224817647196304
2025-10-08,1.16634077442732,1.1283146206407815,-0.33691245782625123,-0.5861055175617865,-0.8698330838599286,0.035569180537821675,0.2686079487714215,-0.20443117922176018,-0.35485356795715
2025-10-10,0.9818056643754789,1.0899785216333344,-0.3326916038476104,-0.22177463960323085,-0.4943483468267106,-0.07096032686751007,-0.22652961062475999,0.2386193286479245,-0.3104431577511856
2025-10-11,1.055619708396215,1.1283146206407815,-0.33691245782625123,-0.22177463960323085,-0.577789399500759,-0.1774898342728591,-0.10274522077571516,0.2386193286479245,-0.31044315775123604
2025-10-12,0.4282003342199556,0.8599619275886521,0.3257616168203615,0.6890525552931583,0.6321058642729436,-0.1166158300412385,-1.3405891192661679,0.2386193286479245,0.17807135451371647
2025-10-13,0.7788170433184534,0.9558021751072698,-0.1765200066378991,0.5979698358035194,0.29834165357674974,0.035569180537821675,-0.47409839032285184,0.2386193286479245,0.44453381574914974
2025-10-14,0.9633521533702945,0.8791299770923752,-0.10476548900100471,0.23363895784496375,-0.5360688731637347,0.11166168582735177,0.3923923386204664,0.2386193286479245,0.2224817647196304
2025-10-15,1.1109802414117669,1.0516424226258876,-0.33691245782625123,-0.4039400785825087,-1.5373615052523162,0.12688018688526123,0.33050014369594066,0.2386193286479245,0.04484012389602509
2025-10-16,0.9633521533702945,1.1858187691519522,-0.33691245782625123,-0.4950227980721476,-1.0367151892080255,0.18775419111688185,-0.5978827801718967,0.2386193286479245,0.17807135451371647
2025-10-17,1.0002591753806633,1.1474826701445053,-0.33691245782625123,-0.4950227980721476,-0.7863920311858802,0.2181911932327008,-0.35031400047380484,-0.20443117922176018,0.08925053410193905
2025-10-18,1.1109802414117669,1.1858187691519522,-0.33691245782625123,-0.31285735909286977,-0.8281125575229044,0.005132178422020021,-0.10274522077571735,-0.20443117922176018,-0.6213160291925327
2025-10-19,1.129433752416951,1.1666507196482283,-0.33691245782625123,-0.9504363955203422,-0.07714308345646831,-0.16227133321494963,0.02103916907332968,-0.6474816870914448,-0.4880847985748413
2025-10-21,-0.5129287270444342,-0.32845714164220824,-0.3326916038476104,-0.6771882370514254,1.09103165398021,0.2790651974643214,-0.659774975096418,-0.6474816870914448,1.2883316096613129
2025-10-22,-1.0849875682051418,-0.7501542307241261,-0.19762427653110332,-0.13069192011359193,1.0075906013061615,0.5834352186224417,-1.2168047294171231,-0.6474816870914448,0.8886379178081882
2025-10-23,-0.7343708591066433,-0.6543139832055084,-0.33691245782625123,-1.13260183449962,0.8407084959580646,0.7051832270857004,-0.35031400047380484,-0.6474816870914448,0.3557129953373723
2025-10-26,0.44665384522513935,0.3999287394992866,-0.33691245782625123,-1.8612635904167314,0.46522375892484663,0.46168721015920056,0.20671575384689803,-0.6474816870914448,-0.7101368496043606
2025-10-28,-0.439114683023698,-0.11760859710124899,-0.315808187933047,-0.4039400785825087,0.8824290222950889,0.6899647260277908,-1.0930203395680782,-0.20443117922176018,0.666585866778669
2025-10-31,0.3543862901992188,0.5724411850327988,-0.33691245782625123,-0.8593536760307032,0.21490060090270127,0.46168721015920056,-0.6597749750964202,-0.20443117922176018,-0.6657264393984467
2025-11-01,-0.291486594982225,0.189080194958328,-0.33691245782625123,-1.223684553989259,0.6321058642729436,0.7051832270857004,-1.5881578989642597,-0.20443117922176018,0.710996276984583
2025-11-02,0.1698511801473777,0.2657523929732219,-0.33691245782625123,-1.0415191150099812,0.3817827062507982,0.7356202292015019,-0.2884218055492835,-0.6474816870914448,0.08925053410188855
2025-11-03,-0.36530063900296117,0.15074409595088037,-0.33691245782625123,-1.223684553989259,0.6738263906099677,0.8117127344910321,-1.7119422888133025,-1.0905321949611295,0.2224817647196304
2025-11-05,-0.07004446292001582,-0.23261689412359055,-0.33691245782625123,-0.5861055175617865,-0.8281125575229044,0.1573171890010802,0.5161767284695112,-1.0905321949611295,-1.9092179251637347
2025-11-06,0.09603713612664155,0.16991214545460417,-0.3242498958903287,-0.22177463960323085,0.46522375892484663,0.1573171890010802,-0.22652961062475999,-0.6474816870914448,0.00042971369011113775
2025-11-07,-0.21767255096148816,0.20824824446205112,-0.09632378104372301,0.4158043968242416,1.0075906013061615,0.33993920169594205,-1.4024813141906893,-0.6474816870914448,0.5333546361609272
2025-11-08,0.24366522416811454,0.47660093751418114,-0.33691245782625123,-0.13069192011359193,-1.1618767682190982,0.4312502080433816,-0.7216671700209415,-0.6474816870914448,0.26689217492554435
2025-11-09,0.3912933122095869,0.3999287394992866,-0.33691245782625123,-0.4039400785825087,-0.7863920311858802,-0.08617882792541955,0.02103916907332968,-0.6474816870914448,-1.5095242333106098
2025-11-10,0.07758362512145718,0.22741629396577495,-0.33691245782625123,-1.13260183449962,0.5903853379359193,-0.573170861778419,-0.47409839032285184,-0.6474816870914448,-1.4207034128988323
2025-11-12,-0.2730330839770406,-0.2517849436273137,-0.33691245782625123,-1.3147672734788978,0.4235032325878224,-0.14705283215704015,-0.10274522077571516,-0.6474816870914448,1.2439211994554493
2025-11-13,-0.5129287270444342,-0.5776417851906138,-0.3284707498689695,-0.7682709565410644,0.8407084959580646,0.4312502080433816,0.1448235589223745,-0.20443117922176018,1.6880253015144375
2025-11-14,-0.143858506940752,-0.7118181317166792,-0.30736647997576527,-0.4039400785825087,-0.2440251888045652,0.6899647260277908,1.8159128218844875,-0.20443117922176018,0.7554066871904969
2025-11-15,-0.03313744090964708,0.11240799694343341,-0.33691245782625123,-1.223684553989259,0.21490060090270127,1.0399902503596223,-0.47409839032284967,-0.6474816870914448,1.0218691484258797
2025-11-16,-0.07004446292001582,0.054903848432262634,-0.33691245782625123,-0.4950227980721476,-1.2035972945561224,1.176956759880773,-0.41220619539832837,-0.6474816870914448,0.4001234055432357
2025-11-17,0.11449064713182526,0.11240799694343341,-0.33691245782625123,-0.4039400785825087,-0.45262782048968636,1.1160827556491524,0.02103916907332968,-0.6474816870914448,-0.17721192713349418
2025-11-19,-1.8415815194176899,-1.7085567059103033,-0.3326916038476104,-3.318587102250954,0.8824290222950889,1.8161338043128328,-0.659774975096418,-0.20443117922176018,2.0433085831616986
2025-11-21,-0.7897313921221958,-0.9226666762576378,-0.33691245782625123,-3.318587102250954,0.3817827062507982,1.5422007852705313,0.3305001436959429,-0.20443117922176018,-0.798957670016138
2025-11-22,-0.5682892600599866,-0.8843305772501908,-0.33691245782625123,-2.225594468375287,-1.87112571594851,1.3443602715177427,0.9494220929411692,-0.6474816870914448,-0.5769056189866693
2025-11-23,-0.291486594982225,-0.3476251911459314,-0.33691245782625123,-0.9504363955203422,-0.5360688731637347,1.055208751417532,0.1448235589223745,-1.0905321949611295,-0.843368080222052
2025-11-25,-0.5682892600599866,-0.4051293396571022,-0.33691245782625123,-3.9561661386784266,-0.36918676781563786,0.9638977450700922,-0.5978827801718967,-1.0905321949611295,-0.26603274754532213
2025-11-26,-0.7343708591066433,-0.865162527746467,-0.33691245782625123,-2.8631735048027593,0.6321058642729436,1.055208751417532,0.3305001436959429,-1.0905321949611295,0.26689217492554435
2025-11-27,-0.8450919251377482,-0.7501542307241261,-0.33691245782625123,-4.50266245561626,0.7989879696210405,1.176956759880773,-0.41220619539832837,-1.0905321949611295,0.35571299533732176
2025-11-28,-0.7712778811170115,-1.0376749732799793,-0.33691245782625123,-3.5918352607198707,0.34006217991377397,0.8117127344910321,0.7637455081676031,-1.5335827028308142,-1.0654201312515712
2025-11-29,-0.5313822380496185,-0.7118181317166792,-0.33691245782625123,-2.0434290293960093,0.2566211272397255,0.5225612143908211,0.5161767284695112,-1.5335827028308142,-0.843368080222052
2025-11-30,-0.4206611720185136,-0.2709529931310375,-0.33691245782625123,-1.223684553989259,0.8407084959580646,0.38559470486967046,-0.5359905852473732,-1.5335827028308142,-0.39926397816301346
2025-12-01,-0.21767255096148816,-0.2134488446198667,-0.2820413561039202,0.14255623835532483,0.2566211272397255,0.2790651974643214,-0.04085302585119164,-1.0905321949611295,-0.31044315775123604
2025-12-03,-0.7528243701118277,-0.30928909213848443,-0.2524953782534343,-0.7682709565410644,0.8824290222950889,1.0399902503596223,-1.5262657040397363,-0.6474816870914448,2.220950223985304
2025-12-04,-1.0849875682051418,-0.6159778841980614,-0.33691245782625123,-0.4950227980721476,0.34006217991377397,1.3443602715177427,-1.650050093888781,-0.6474816870914448,0.8886379178081882
2025-12-05,-0.7343708591066433,-0.6159778841980614,-0.33691245782625123,-0.4950227980721476,-0.9532741365339771,1.3291417704598332,-0.47409839032284967,-0.6474816870914448,-0.04398069651580282
2025-12-06,-0.7159173481014596,-0.6351459337017846,-0.33691245782625123,-0.31285735909286977,-1.704243610600413,1.1008642545912428,-0.350314000473807,-0.6474816870914448,-0.6657264393984467
2025-12-07,-0.5129287270444342,-0.6543139832055084,-0.33691245782625123,-0.4950227980721476,-0.03542255711944408,1.055208751417532,0.3923923386204664,-0.6474816870914448,-0.13280151692758022
2025-12-08,-0.23612606196667252,-0.30928909213848443,-0.33691245782625123,-1.6790981514374534,-1.5790820315893404,1.0247717493017128,0.20671575384689803,-0.6474816870914448,-0.08839110672171677
2025-12-09,-0.623649793075539,-0.5009695871757199,-0.33691245782625123,-0.8593536760307032,-1.495640978915292,1.1008642545912428,-0.47409839032285184,-1.0905321949611295,0.2224817647196304
2025-12-10,-0.9004524581533007,-0.46263348816827293,-0.3284707498689695,0.14255623835532483,0.8824290222950889,0.9486792440121827,-1.5262657040397363,-1.0905321949611295,-0.4436743883689274
2025-12-11,-0.143858506940752,-0.32845714164220824,-0.33691245782625123,-0.6771882370514254,0.04801849555460437,0.7964942334331225,0.5780689233940347,-1.0905321949611295,-0.4436743883689274
2025-12-12,-0.9189059691584844,-0.3476251911459314,-0.33691245782625123,-0.5861055175617865,-0.4943483468267106,0.8725867387226527,-1.9595110685113943,-1.0905321949611295,0.2224817647196304
2025-12-13,-0.7712778811170115,-1.2293554683172148,-0.30736647997576527,-0.4950227980721476,0.8407084959580646,1.1008642545912428,1.3826674574128295,-0.6474816870914448,0.666585866778669
2025-12-15,-1.2695226782569828,-1.2485235178209382,-0.33691245782625123,-1.9523463099063703,-1.87112571594851,1.3443602715177427,-0.2265296106247611,-0.6474816870914448,0.710996276984583
2025-12-16,-0.7159173481014596,-0.7884903297315731,-0.33691245782625123,-0.7682709565410644,-1.4121999262412435,1.0856457535333508,0.1448235589223745,-0.6474816870914448,-0.7545472598102241
2025-12-17,-0.2730330839770406,-0.7309861812204023,-0.33691245782625123,-0.6771882370514254,-2.3300515056557765,1.0856457535333508,1.4445596523373507,-0.6474816870914448,0.00042971369011113775
2025-12-18,-0.8081849031273801,-0.5776417851906138,-0.33691245782625123,-0.4039400785825087,-0.6612304521748075,1.0399902503596223,-0.8454515598699885,-1.0905321949611295,-0.1328015169276307
2025-12-19,-0.5682892600599866,-0.6159778841980614,-0.3242498958903287,-0.13069192011359193,0.5486648115988951,0.6138722207382608,0.0829313639978532,-0.6474816870914448,-1.2430617720751767
2025-12-20,-0.34684712799777745,-0.17511274561241977,-0.33691245782625123,-1.223684553989259,-0.11886360979349253,0.6138722207382608,-0.5978827801718967,-0.6474816870914448,0.00042971369011113775
2025-12-21,-0.3837541500081455,-0.424297389160826,-0.33691245782625123,-0.31285735909286977,-1.1201562418820739,0.8573682376647604,0.0829313639978532,-1.0905321949611295,0.710996276984583
2025-12-22,-1.0665340571999573,-0.5968098346943376,-0.33691245782625123,-0.31285735909286977,0.34006217991377397,0.9638977450700922,-1.650050093888781,-1.0905321949611295,0.3113025851314078
2025-12-23,-1.0111735241844049,-0.6159778841980614,-0.3242498958903287,-0.31285735909286977,0.21490060090270127,0.7051832270857004,-1.4024813141906893,-0.6474816870914448,-0.7545472598102241
2025-12-24,-0.5498357490548023,-0.5776417851906138,-0.33691245782625123,0.05147351886568591,-0.5360688731637347,0.30950219958014036,0.02103916907332968,-0.6474816870914448,-1.1542409516633991
2025-12-25,-1.1034410792103255,-1.4018679138507264,-0.26515794018935684,-1.0415191150099812,0.3817827062507982,0.8725867387226527,0.8256377030921244,-0.20443117922176018,1.6436148913085236
2025-12-26,-2.081477162485083,-1.5552123098805148,-0.33691245782625123,-1.4969327124581757,0.9658700749691373,1.313923269401941,-1.9595110685113943,-0.6474816870914448,1.2883316096613633
2025-12-27,-1.343336722277719,-1.593548408887962,-0.33691245782625123,-1.0415191150099812,-0.9949946628710012,1.1465197577649713,0.6399611183185561,-0.6474816870914448,-0.4880847985748413
2025-12-28,-1.158801612225878,-1.1526832703023202,-0.33691245782625123,-0.5861055175617865,-1.3704793999042193,0.9791162461280017,-0.16463741570023868,-0.6474816870914448,-0.4880847985748413
2025-12-29,-0.9742665021740369,-1.0185069237762554,-0.33691245782625123,-0.22177463960323085,-1.9962872949595827,0.6595277239119719,0.02103916907332968,-0.6474816870914448,-0.9321889006338799
2025-12-30,-0.6421033040807228,-0.9610027752650847,-0.33691245782625123,-0.4039400785825087,-1.495640978915292,0.4312502080433816,0.9494220929411692,-1.0905321949611295,-0.6657264393984467
2025-12-31,-1.1034410792103255,-0.6734820327092316,-0.33691245782625123,-0.4950227980721476,0.3817827062507982,0.33993920169594205,-1.5262657040397363,-1.0905321949611295,-0.26603274754532213
